Neighs (x-coords) of 0 =  [3117 3260   66 3375 2657 2658 1403] ( [47.095 48.164 50.149 49.225 50.687 51.298 51.333] )
Neighs (x-coords) of 1 =  [ 390 2615 2616  117 1394 3235 3273  178 3234 2674 2713] ( [57.857 57.728 57.734 60.196 60.413 59.446 58.247 60.536 60.638 62.495 62.239] )
Neighs (x-coords) of 2 =  [3600 3601 1006 3346 3363   49  897 1632 1302  704 1633 1280 3474  524] ( [42.682 42.872 41.304 42.033 41.625 42.188 42.888 43.375 43.778 43.323 43.203 44.159 45.822 45.5  ] )
Neighs (x-coords) of 3 =  [ 604 1927 2712  129 3045 3029  497 1813 1984 2144  323 2691  666] ( [39.313 38.79  36.771 35.102 35.755 35.408 38.257 38.592 37.376 37.486 36.562 37.382 38.456] )
Neighs (x-coords) of 4 =  [  66 3375] ( [50.149 49.225] )
Neighs (x-coords) of 5 =  [1085 2063  835 1374 1566] ( [51.344 51.398 49.07  48.981 50.691] )
Neighs (x-coords) of 6 =  [2459 3564 3446 1620  751 3144] ( [31.543 31.939 32.411 34.266 34.155 34.492] )
Neighs (x-coords) of 7 =  [3548  564 1861 1860 2886 3547 1262] ( [43.786 42.346 42.317 42.561 44.104 44.853 46.75 ] )
Neighs (x-coords) of 8 =  [3552 3553 2559 2578 1011 2369 2549 1809  274 2840 3334 1811 3331] ( [34.875 33.936 32.616 32.572 36.276 33.382 35.148 36.242 34.1   34.761 36.538 37.152 37.034] )
Neighs (x-coords) of 9 =  [3556 3563 1989 1975 1822  144 3244 1041 2113 2110] ( [37.128 37.891 35.485 37.977 39.309 37.755 37.652 38.775 38.591 38.003] )
Neighs (x-coords) of 10 =  [1303 3560 3561  152  913 1497 3250 2174 2779  892] ( [42.981 45.193 44.068 44.51  42.735 43.284 44.934 44.884 44.981 43.82 ] )
Neighs (x-coords) of 11 =  [1666 3405 1784  623  103  893 1460 3343 3424  863 1587 1653  102 3419] ( [68.13  67.173 65.794 65.82  67.731 68.238 67.72  67.975 66.854 68.001 69.076 68.741 70.503 70.041] )
Neighs (x-coords) of 12 =  [3546 3554  783 2384 2385 1068 3464  401 2474 2475  455] ( [37.895 38.389 36.015 35.543 34.973 38.948 38.078 37.761 37.818 36.849 39.867] )
Neighs (x-coords) of 13 =  [ 123 2903 3576  996 3534 3381 3527 1537 3037 3031 2080] ( [49.751 49.179 48.116 48.377 50.074 49.637 50.98  50.419 49.257 51.722 52.167] )
Neighs (x-coords) of 14 =  [3528 3529  923  911  523] ( [56.684 56.934 56.926 58.138 59.986] )
Neighs (x-coords) of 15 =  [ 186 3514 3559  671 1868 3558  692] ( [64.604 65.09  66.381 63.801 64.073 65.818 67.752] )
Neighs (x-coords) of 16 =  [3340 3506 1064 2585] ( [66.678 65.944 66.969 66.859] )
Neighs (x-coords) of 17 =  [2159 3344   49  139 2977  461 2214 3336  120 3128 3600 3601   27 3351 3352] ( [41.966 40.96  42.188 40.948 40.192 39.858 40.524 42.053 42.323 41.684 42.682 42.872 44.149 43.996 44.304] )
Neighs (x-coords) of 18 =  [3531 1345 1234  271 1341 2828 2829 3532  606] ( [65.42  63.53  62.807 65.881 63.691 66.321 66.389 64.853 65.279] )
Neighs (x-coords) of 19 =  [3332 2621  388 2629  765 1558  153  830 2128 3333] ( [43.639 42.025 42.118 41.61  41.744 42.394 43.263 45.391 44.94  43.872] )
Neighs (x-coords) of 20 =  [ 132 3035 3329  976 1584  963 3023  215 2796 2563 3330 3257 3299] ( [56.85  57.062 54.638 53.15  54.022 52.779 52.73  52.491 54.484 56.584 54.706 56.42  54.662] )
Neighs (x-coords) of 21 =  [1978 3328 3335 1414 2043] ( [63.004 62.79  63.093 62.763 64.528] )
Neighs (x-coords) of 22 =  [ 179 3288 3355 1404 1014  718 1486 3055 3347  683 1564] ( [38.847 38.191 37.377 35.203 34.45  37.066 37.977 36.58  37.822 37.44  36.557] )
Neighs (x-coords) of 23 =  [1627 2594 3361  895 3443  399 3362 3475 3477 3427  108  927 2362  366  422] ( [58.398 57.99  60.183 58.229 60.041 58.919 60.035 58.188 59.306 61.324 60.978 62.235 62.434 61.973 62.57 ] )
Neighs (x-coords) of 24 =  [1714 1367 1399 2981 1287 3359 3360  888] ( [44.997 41.548 42.548 44.482 44.947 42.811 44.022 45.599] )
Neighs (x-coords) of 25 =  [ 510 2268 3535 3487   30  197 3357] ( [46.869 47.2   45.418 47.641 45.686 46.725 46.129] )
Neighs (x-coords) of 26 =  [1870 3353  670  474 2313 2911 1925   71 2409  249  252 2314  701 1370 3354 3392] ( [39.405 40.961 38.989 42.078 41.195 41.72  41.163 42.183 42.027 39.866 42.607 42.518 43.288 43.789 42.477 43.035] )
Neighs (x-coords) of 27 =  [3351 3352   49   17 2159 3336  120 3600 3601 3462 1904  310 2749] ( [43.996 44.304 42.188 41.873 41.966 42.053 42.323 42.682 42.872 45.151 45.164 46.415 46.466] )
Neighs (x-coords) of 28 =  [ 691 1548 2980 1549 3348 3349  354 2605] ( [52.362 52.675 50.665 52.096 51.699 51.895 52.151 52.956] )
Neighs (x-coords) of 29 =  [3275 3337 3338 1252 1045 2140  810 1251 1563] ( [37.588 37.929 36.553 35.784 34.482 34.667 36.723 37.102 36.813] )
Neighs (x-coords) of 30 =  [ 197 3543 2189  649 1770 3535 3487 3488  796 3294   25 2173] ( [46.725 45.761 45.366 43.6   43.899 45.418 47.641 46.258 47.266 45.974 46.676 45.96 ] )
Neighs (x-coords) of 31 =  [ 285 3539 1780 1610 2698 1269 2697 2837] ( [60.501 60.046 57.63  60.056 59.673 61.204 61.178 62.284] )
Neighs (x-coords) of 32 =  [  64 3325 3372 2770 1044 1352 1052 1325 1060 1357 2728 3326 2396 2395] ( [50.78  49.599 50.41  47.867 47.809 47.721 48.001 47.937 49.926 48.69  51.064 49.172 51.243 52.002] )
Neighs (x-coords) of 33 =  [3465 3466  992 1535 1703  987 2997 3203 1143  811  347] ( [40.482 41.058 38.247 38.52  40.166 40.893 41.432 41.939 41.538 42.512 43.042] )
Neighs (x-coords) of 34 =  [2445 3480 2727 3481  412 1737 2326] ( [47.227 45.809 48.354 46.354 46.737 48.289 45.466] )
Neighs (x-coords) of 35 =  [3478 3479 3205 1589 2357] ( [33.898 33.756 32.449 35.992 34.709] )
Neighs (x-coords) of 36 =  [3449 3483 3476  114] ( [35.656 33.415 33.13  34.748] )
Neighs (x-coords) of 37 =  [3473] ( [56.595] )
Neighs (x-coords) of 38 =  [ 642 1842 1843 3470 3319 3471] ( [57.98  58.271 58.469 59.887 62.477 61.017] )
Neighs (x-coords) of 39 =  [3467 2045  199  782 1255 3051 3468 3404 1016] ( [61.846 59.778 58.011 60.292 59.989 58.242 60.417 62.058 60.62 ] )
Neighs (x-coords) of 40 =  [3524 3525  594 1876 2903] ( [50.715 49.494 47.612 48.072 49.179] )
Neighs (x-coords) of 41 =  [1065 3475 3477 2323 1996 3582  566 1850 1866  477  224 3059 3526 1534] ( [58.612 58.188 59.306 56.805 56.075 57.067 55.52  55.78  55.209 57.718 58.789 59.503 58.396 58.194] )
Neighs (x-coords) of 42 =  [ 272 2846 3580 1254 1143 3170  811 1257 2589 3579  884 1333 1334  239 2904  465 2203] ( [45.378 44.504 44.181 42.374 41.538 42.413 42.512 43.136 43.035 44.425 44.61  43.948 45.449 44.779 43.827 46.563 46.568] )
Neighs (x-coords) of 43 =  [2902 3576 3577 2190  996 3291 3534] ( [47.723 48.116 46.643 45.554 48.377 46.131 50.074] )
Neighs (x-coords) of 44 =  [2817 3536 3537  984 2975  863 1653 1666 1116 1290] ( [67.344 69.68  68.374 66.589 66.077 68.001 68.741 68.13  69.412 69.165] )
Neighs (x-coords) of 45 =  [ 632 1719 3575   48 2581 3583 3594 2971 3586  333 2203 2684 2972 1490] ( [48.288 47.837 46.226 45.365 43.98  47.24  45.959 46.134 45.475 48.364 46.568 47.649 45.998 48.842] )
Neighs (x-coords) of 46 =  [3568 2203 2204 2979  138 1490 1733  712 1491  209] ( [48.387 46.568 46.544 50.532 50.623 48.842 48.699 49.428 48.825 48.962] )
Neighs (x-coords) of 47 =  [ 319 2721 3567 3574 1121  707 1538 1542 2080 2079  326] ( [54.202 53.751 51.708 52.263 50.57  50.296 51.112 50.271 52.167 53.566 53.208] )
Neighs (x-coords) of 48 =  [2132 2581 3583 3594   45 3575 3586] ( [44.184 43.98  47.24  45.959 46.677 46.226 45.475] )
Neighs (x-coords) of 49 =  [ 135 3008 3346  139 2976 2977 2158   17  531 2159 3344    2 3600 3601   27] ( [40.243 40.81  42.033 40.948 41.103 40.192 42.147 41.873 41.478 41.966 40.96  43.794 42.682 42.872 44.149] )
Neighs (x-coords) of 50 =  [ 950 2990 3598  228 2532 3599] ( [62.52  63.477 62.563 60.166 60.754 61.785] )
Neighs (x-coords) of 51 =  [3324 3596 3603   97 3312 3316 3482] ( [41.512 40.117 39.11  38.762 38.743 40.594 39.537] )
Neighs (x-coords) of 52 =  [1698 3592  427 2397 2398  503 1000 2219 3593 2593  862] ( [42.114 40.816 39.922 40.84  39.416 40.015 42.239 40.374 39.588 41.72  42.624] )
Neighs (x-coords) of 53 =  [ 305  885 2759 3590 3591 2577 1307  245 2909 1067 2574 2625] ( [40.061 40.932 39.755 42.266 42.341 42.105 41.473 41.108 42.069 42.662 42.9   44.163] )
Neighs (x-coords) of 54 =  [2532 3588   95  733  790 1498 1508 1505 3598 3145  640 1792 1858] ( [60.754 62.547 63.151 61.57  63.249 62.342 62.228 60.791 62.563 65.307 65.579 64.681 65.513] )
Neighs (x-coords) of 55 =  [ 597 1465 1918 1919 2057 3565  518 2056 3584] ( [37.662 39.26  38.096 36.744 37.78  35.675 37.167 36.422 36.847] )
Neighs (x-coords) of 56 =  [1569 3542 3544 1679 3059 3550  982] ( [63.007 61.673 61.612 60.134 59.503 62.751 62.525] )
Neighs (x-coords) of 57 =  [3571 3572  742 3176 2637 3469 1241 1063] ( [44.163 45.269 42.524 43.185 46.018 47.036 45.762 46.537] )
Neighs (x-coords) of 58 =  [3303 3315 1033 1025 3370  364] ( [45.857 47.291 44.794 47.085 46.505 46.198] )
Neighs (x-coords) of 59 =  [2824 3297 3298  266 2290  607 1939] ( [54.578 55.066 56.566 54.348 56.294 56.716 56.289] )
Neighs (x-coords) of 60 =  [ 106 3409 3463  834 1372  447 2463 2464] ( [39.878 40.672 41.539 41.571 41.311 41.223 40.342 41.497] )
Neighs (x-coords) of 61 =  [3379 3380  426 2402  438 2116] ( [45.988 47.384 47.762 47.257 45.974 47.453] )
Neighs (x-coords) of 62 =  [ 516 2043 1414 3131 1784 3377  959 3241 1785 3384] ( [65.165 64.528 62.763 62.53  65.794 64.707 64.162 64.461 65.203 64.205] )
Neighs (x-coords) of 63 =  [1297 3009 3374 3376 3030 2323  836  477 2331  409] ( [54.74  54.629 57.258 56.33  54.378 56.805 57.436 57.718 58.019 59.031] )
Neighs (x-coords) of 64 =  [  32 3325 3372 1060 2633 1357 2317 2395  428] ( [49.237 49.599 50.41  49.926 49.615 48.69  50.778 52.002 51.711] )
Neighs (x-coords) of 65 =  [3368  929 2386 3369 2566  950 2990 2993 1707 3494] ( [63.828 61.37  61.66  63.562 62.769 62.52  63.477 62.418 64.216 64.859] )
Neighs (x-coords) of 66 =  [3375 3386  464    4  328 2657 2658    0  685] ( [49.225 50.101 50.49  49.158 51.431 50.687 51.298 49.805 52.3  ] )
Neighs (x-coords) of 67 =  [ 323 2691 3262 3387 2278 1969 1347 3403 2712 3032 1003] ( [36.562 37.382 37.245 38.188 35.063 35.331 36.39  37.477 36.771 36.576 39.694] )
Neighs (x-coords) of 68 =  [1700 3290  860 1559 3400 1673 3401 1311 3289] ( [48.964 50.88  48.336 46.756 49.327 50.378 50.178 51.227 51.973] )
Neighs (x-coords) of 69 =  [ 372 2505  307 2763 2764 3398  790 1498 3399] ( [63.49  63.149 61.429 61.003 62.279 62.781 63.249 62.342 61.537] )
Neighs (x-coords) of 70 =  [1979 3404 2645 3396  664 3467  846] ( [62.113 62.058 60.128 62.157 62.202 61.846 64.404] )
Neighs (x-coords) of 71 =  [ 395 2408 2409 2705 3393   26 3353  451 2555  711 1493  701 3354 3392 2556 1575] ( [41.996 41.054 42.027 39.47  41.706 41.702 40.961 41.988 41.404 40.48  39.727 43.288 42.477 43.035 42.855 44.817] )
Neighs (x-coords) of 72 =  [1308 2848 3382 1056 1291 2415 3383  899  279 1639 1640  419] ( [55.488 54.688 56.965 55.793 56.686 56.729 57.179 59.251 59.966 59.278 58.981 57.719] )
Neighs (x-coords) of 73 =  [2515 1486  629 1728  713 1466 1467  251 2685 3390] ( [41.181 37.977 38.254 38.4   40.901 40.089 41.562 40.068 41.025 40.356] )
Neighs (x-coords) of 74 =  [2650 2969] ( [53.243 52.054] )
Neighs (x-coords) of 75 =  [2548 2282  708 1509 2547  547 2284 1852  484] ( [46.113 44.934 44.797 44.167 46.03  45.817 46.328 48.669 49.302] )
Neighs (x-coords) of 76 =  [1338 2544  783 1398 1421  600 1912 2545 3408 3546] ( [37.946 38.241 36.015 35.803 35.556 39.036 39.191 37.564 39.335 37.895] )
Neighs (x-coords) of 77 =  [2369 2542 2549  280 2945 2601  355 2599 1103] ( [33.382 34.007 35.148 35.273 35.45  34.124 34.289 33.834 37.304] )
Neighs (x-coords) of 78 =  [2539 2541  953 2438 2442] ( [67.719 67.458 65.655 66.567 65.671] )
Neighs (x-coords) of 79 =  [ 392  601 1911 2537 2536  593 1871  691] ( [54.479 53.309 52.547 52.283 53.607 52.794 52.112 52.362] )
Neighs (x-coords) of 80 =  [1456 2534 1071 3454 3412 3084  344  507 1819 2590 2533 1818] ( [53.56  52.417 49.562 50.207 51.196 51.26  51.573 53.614 53.268 51.531 52.529 54.03 ] )
Neighs (x-coords) of 81 =  [2540 2551 2953  236 1126 1705 1114 3158  105 2295 3161  509] ( [50.397 51.454 48.978 49.1   49.039 51.409 51.361 50.599 51.567 53.117 51.554 53.062] )
Neighs (x-coords) of 82 =  [ 278 1644 2568 2831 2868  613 1906 2898 3285 2588  169 2552 3277  344] ( [51.901 54.24  52.816 52.46  51.335 50.043 50.718 49.871 50.974 50.706 51.562 52.669 52.356 51.573] )
Neighs (x-coords) of 83 =  [2254 2566 1532 3426  366 2565 2603  929 2383 2386  982 1565] ( [62.624 62.769 59.666 60.04  61.973 62.586 61.157 61.37  61.008 61.66  62.525 61.613] )
Neighs (x-coords) of 84 =  [ 453 3159 2563 2855  132 3035 2564 3299  292 2803  838 1385 3160] ( [57.517 57.451 56.584 55.73  56.85  57.062 56.709 54.662 58.028 58.714 59.301 59.823 58.42 ] )
Neighs (x-coords) of 85 =  [2970 3388  589] ( [43.492 44.94  43.1  ] )
Neighs (x-coords) of 86 =  [ 148  699 3301 1775 3300 3108 3117 1344 3260] ( [48.091 47.088 48.017 44.992 46.877 46.196 47.095 46.557 48.164] )
Neighs (x-coords) of 87 =  [ 400 2477 3385 3406 1457  170 2987 2988  111] ( [55.453 54.653 56.348 57.295 54.226 56.307 55.706 56.368 59.203] )
Neighs (x-coords) of 88 =  [3431 2279 3430  794 1432 1434] ( [30.267 29.824 29.869 32.279 32.055 32.157] )
Neighs (x-coords) of 89 =  [1383 3295  837 3296  643 1839] ( [39.519 41.598 39.742 40.899 44.002 43.114] )
Neighs (x-coords) of 90 =  [3293  440 2363] ( [65.655 65.961 66.417] )
Neighs (x-coords) of 91 =  [ 740 3173 3174   68 3290 3400 3401 1311 3289 1076] ( [53.101 53.307 52.153 49.703 50.88  49.327 50.178 51.227 51.973 51.967] )
Neighs (x-coords) of 92 =  [ 588  866 1664 2018 3304 1663 3305  518  597 2057] ( [37.083 36.579 37.457 36.368 38.766 35.991 37.267 37.167 37.662 37.78 ] )
Neighs (x-coords) of 93 =  [2526 3323 3442  758 3164 3307 1047 3327 3350 1526] ( [53.704 52.314 50.61  49.49  49.47  51.185 50.523 50.256 51.358 51.321] )
Neighs (x-coords) of 94 =  [2059 3320 3560  892 1302 2325 3321 2717  194 2044 3474 3484] ( [48.471 46.283 45.193 43.82  43.778 45.381 45.103 47.016 46.638 47.961 45.822 46.337] )
Neighs (x-coords) of 95 =  [1088 1234 1261  790 1498 3319 3471   54 3588 3318 1957 2667] ( [62.679 62.807 61.742 63.249 62.342 62.477 61.017 63.295 62.547 63.841 65.763 63.676] )
Neighs (x-coords) of 96 =  [ 603   97 3312 3316  474 2313   51 3324 3596 1926] ( [41.548 38.762 38.743 40.594 42.078 41.195 39.604 41.512 40.117 42.491] )
Neighs (x-coords) of 97 =  [ 619 3312 3313 3603  670 1937 3316   51   96] ( [36.884 38.743 38.989 39.11  38.989 37.153 40.594 39.604 41.105] )
Neighs (x-coords) of 98 =  [1456 2534 3311 1114 1356 3161 3310 2477 2987 2988] ( [53.56  52.417 54.413 51.361 52.976 51.554 53.738 54.653 55.706 56.368] )
Neighs (x-coords) of 99 =  [ 941 3308 3345 1685 2125 2762 1757 2765 1689] ( [39.385 37.49  38.976 38.829 39.134 36.909 38.213 38.362 40.133] )
Neighs (x-coords) of 100 =  [3407 3428 1252  810  739] ( [35.103 35.077 35.784 36.723 38.052] )
Neighs (x-coords) of 101 =  [1394 3366 3367  390] ( [60.413 59.37  58.57  57.857] )
Neighs (x-coords) of 102 =  [3419 3420  863 1653   11] ( [70.041 70.312 68.001 68.741 67.832] )
Neighs (x-coords) of 103 =  [ 893 1460 2041 1449 3417  786 3343 3424] ( [68.238 67.72  66.021 66.617 68.064 67.512 67.975 66.854] )
Neighs (x-coords) of 104 =  [3414 3416 1123 2067 2105 2718 1037 2715] ( [46.306 46.513 48.054 46.391 47.189 48.185 47.467 48.709] )
Neighs (x-coords) of 105 =  [1818 3411 3285 2702  236 3412 1126 1705   81 2551 3277  507 1706] ( [54.03  52.425 50.974 49.215 49.1   51.196 49.039 51.409 51.02  51.454 52.356 53.614 51.855] )
Neighs (x-coords) of 106 =  [  60 3409 3463  600 1912 2545 3408  834 1913 1372] ( [41.997 40.672 41.539 39.036 39.191 37.564 39.335 41.571 39.88  41.311] )
Neighs (x-coords) of 107 =  [ 731 1532 1534 3415 3426 1258 2097  188 3519 3520  141 3043] ( [58.788 59.666 58.194 58.538 60.04  57.215 59.474 59.502 58.614 60.077 59.283 58.324] )
Neighs (x-coords) of 108 =  [ 927 2362 1318 3259 1504 3443   23 3361  149 3258  307 2763 2764] ( [62.235 62.434 58.904 60.374 59.31  60.041 60.146 60.183 61.105 61.891 61.429 61.003 62.279] )
Neighs (x-coords) of 109 =  [3440  474 2811 3441] ( [44.112 42.078 43.076 44.535] )
Neighs (x-coords) of 110 =  [3438 3439 2272 1061 1134  155 3282] ( [45.949 46.427 44.897 45.656 47.924 46.445 47.294] )
Neighs (x-coords) of 111 =  [2405 3436 3444 1520   87 3406  942  396  951 1641] ( [59.694 59.416 58.509 57.489 56.678 57.295 59.575 59.437 61.647 61.318] )
Neighs (x-coords) of 112 =  [2021 3432 3433  587] ( [48.894 50.948 50.198 49.282] )
Neighs (x-coords) of 113 =  [3422 3423  834 1371 1372  787 1363  537 2061] ( [43.61  44.582 41.571 41.535 41.311 44.556 44.913 46.642 45.843] )
Neighs (x-coords) of 114 =  [3450 3476   36 3449] ( [34.535 33.13  33.855 35.656] )
Neighs (x-coords) of 115 =  [1337 3457 1258 3458 1079 1253 1525  334 2681 3043 3044  732] ( [58.805 58.696 57.215 57.414 57.091 56.449 57.205 55.964 56.678 58.324 59.6   57.844] )
Neighs (x-coords) of 116 =  [3455 3456  700 1379 1132 2778 2781 1886  578 1297] ( [52.863 53.358 51.03  50.387 53.123 52.655 54.031 52.356 52.598 54.74 ] )
Neighs (x-coords) of 117 =  [1306    1 1315 3235  168 3234 2071 3227 2713  434] ( [58.264 59.885 58.47  59.446 61.011 60.638 62.316 61.863 62.239 60.94 ] )
Neighs (x-coords) of 118 =  [ 966 3231  882 2692 1327 3232  302 2736  315 1326 3225  334] ( [55.79  54.96  52.211 54.177 52.5   54.325 53.983 54.276 54.194 52.021 55.798 55.964] )
Neighs (x-coords) of 119 =  [3129 3229 1267 1518 2872  868 1091 1547 3589  642 2553 3165] ( [57.008 56.642 56.439 57.031 55.114 56.698 57.32  55.34  57.318 57.98  59.292 59.075] )
Neighs (x-coords) of 120 =  [2729 2913 3128 3246 3522   17 2159 2950 3344 3336   27 3351 2709 1904 2639  368] ( [42.374 40.153 41.684 41.8   40.828 41.873 41.966 39.732 40.96  42.053 44.149 43.996 43.672 45.164 43.543 42.951] )
Neighs (x-coords) of 121 =  [3024 3025 2389 2451 3268 2740 1427 2748 1048 3034] ( [50.468 50.515 48.814 49.974 49.433 52.106 52.167 52.684 52.413 52.029] )
Neighs (x-coords) of 122 =  [3021 2728 2924 2923  320 1662 2720 3022  550 2083 2084  688 1658] ( [53.63  51.064 53.904 54.356 51.844 53.686 52.008 54.034 53.859 52.908 54.15  53.936 53.258] )
Neighs (x-coords) of 123 =  [  13 2903 3020 1876 3576 3524 3019  707 1537 1092 2080] ( [50.401 49.179 49.428 48.072 48.116 50.715 49.168 50.296 50.419 52.494 52.167] )
Neighs (x-coords) of 124 =  [3018  584  909  490 1795 1988] ( [38.394 39.322 36.951 39.093 38.702 39.524] )
Neighs (x-coords) of 125 =  [3013  812 1259  753 3140 1260] ( [62.384 60.215 60.092 59.    59.629 61.125] )
Neighs (x-coords) of 126 =  [3012 3011 1966 3209  172 3002 1767] ( [46.998 47.386 47.963 46.632 48.734 48.937 48.892] )
Neighs (x-coords) of 127 =  [3017 3028  316 2719 2346 2399  681  937 2410] ( [33.035 31.654 33.199 32.856 32.956 32.987 33.76  33.647 33.848] )
Neighs (x-coords) of 128 =  [ 712 1491 2683 3237 3245  333 2591  389 2618  143 3240 1911 1910 2575] ( [49.428 48.825 48.633 51.394 51.466 48.364 49.873 50.423 50.844 49.755 49.489 52.547 53.481 53.075] )
Neighs (x-coords) of 129 =  [ 286 2780 3045 2141  724 1570 1572 3029] ( [34.655 34.119 35.755 36.041 34.138 34.553 33.376 35.408] )
Neighs (x-coords) of 130 =  [3041  522 2042] ( [59.948 58.831 59.134] )
Neighs (x-coords) of 131 =  [3038 3046 3247  995 3490  185  871 3489 1588 1547 3589 3006] ( [55.203 55.631 56.264 54.476 52.595 53.054 53.933 53.062 54.322 55.34  57.318 55.519] )
Neighs (x-coords) of 132 =  [  20 3035 3329 2796 2563 3330   84 3257 2933  295 2795] ( [54.812 57.062 54.638 54.484 56.584 54.706 57.227 56.42  57.126 54.847 55.402] )
Neighs (x-coords) of 133 =  [3032 3033 2710 2356 3018 3262  720 1795 1124] ( [36.576 36.46  34.15  36.    38.394 37.245 36.942 38.702 37.324] )
Neighs (x-coords) of 134 =  [3030 1242  196 2561 2569 1297 3009 3376] ( [54.378 53.251 52.742 52.28  53.38  54.74  54.629 56.33 ] )
Neighs (x-coords) of 135 =  [  49 3007 3008 3274 1936  617 1880 2966 2907 2977 2158  531 2159] ( [42.188 39.616 40.81  37.881 38.731 38.311 37.722 38.862 39.492 40.192 42.147 41.478 41.966] )
Neighs (x-coords) of 136 =  [ 749 2985 3190 1825 2984  493] ( [59.125 58.147 59.475 57.345 56.887 58.04 ] )
Neighs (x-coords) of 137 =  [2981 2982  803 1360 3360 1714  708  962 3209 3236] ( [44.482 44.185 43.132 43.753 44.022 44.997 44.797 46.581 46.632 47.087] )
Neighs (x-coords) of 138 =  [1490 1733   46 3568 2979 2980 1141 2741 3569  354 2604] ( [48.842 48.699 48.099 48.387 50.532 50.665 51.291 51.446 48.869 52.151 52.435] )
Neighs (x-coords) of 139 =  [2976 2977 1936   49  997   17 3344  461 2214 3336 3601] ( [41.103 40.192 38.731 42.188 39.902 41.873 40.96  39.858 40.524 42.053 42.872] )
Neighs (x-coords) of 140 =  [1409 1894 2973 2974 1459] ( [62.808 61.083 61.437 60.788 58.782] )
Neighs (x-coords) of 141 =  [3043 3044 3458  559 2097  107 3415 3426  767 1515 1519 1337 3457  206 3049] ( [58.324 59.6   57.414 58.609 59.474 59.226 58.538 60.04  59.313 59.981 59.366 58.805 58.696 61.478 61.455] )
Neighs (x-coords) of 142 =  [2971 3162 3163  672 1791 1334 1769  759  333 2684 2972  776 1626] ( [46.134 45.674 46.55  44.009 43.79  45.449 44.066 46.152 48.364 47.649 45.998 47.836 47.096] )
Neighs (x-coords) of 143 =  [3239 3240  776 1624  128 3245 2206  389 2469] ( [49.535 49.489 47.836 48.338 50.912 51.466 50.314 50.423 52.328] )
Neighs (x-coords) of 144 =  [3228 3244 1989  737  900 1645 1642 3181  918 2431    9  411 1041 2110  837] ( [38.705 37.652 35.485 35.855 36.11  35.591 35.748 36.153 38.238 38.39  37.674 37.98  38.775 38.003 39.742] )
Neighs (x-coords) of 145 =  [3513 3515  536  203 3149 3186] ( [44.243 45.423 42.506 43.669 43.424 43.452] )
Neighs (x-coords) of 146 =  [ 303 2734 2735 3207 2037  586 2005  813 1275 2004] ( [35.016 34.902 35.953 35.671 35.214 38.008 37.054 37.612 37.185 38.178] )
Neighs (x-coords) of 147 =  [ 451 2555 3119 3263 2425 1608 2556 3120  216 1755] ( [41.988 41.404 41.751 41.407 44.208 42.881 42.855 43.173 42.63  42.639] )
Neighs (x-coords) of 148 =  [  86  699  926 3301 3108  980 2652 3260 1659] ( [47.152 47.088 45.599 48.017 46.196 47.81  46.932 48.164 45.949] )
Neighs (x-coords) of 149 =  [2697 3258 2642 1893 2698 3259 3443  340 2852] ( [61.178 61.891 59.905 60.345 59.673 60.374 60.041 62.418 62.822] )
Neighs (x-coords) of 150 =  [3255 3257 1373 2933 3036] ( [56.496 56.42  54.397 57.126 57.576] )
Neighs (x-coords) of 151 =  [ 968 1428 1433 1977 3253 3252  930] ( [49.197 49.777 48.695 47.378 50.61  49.333 52.574] )
Neighs (x-coords) of 152 =  [ 913 1497 3250  983 2862 3251   10 3560 2867] ( [42.735 43.284 44.934 45.243 44.634 43.862 44.48  45.193 45.605] )
Neighs (x-coords) of 153 =  [2128 3256 3333 3296  643 3267 1840] ( [44.94  42.478 43.872 40.899 44.002 43.962 44.358] )
Neighs (x-coords) of 154 =  [3268 3534  240 3284 2902  359 2389 2451 2903  990] ( [49.433 50.074 48.424 48.068 47.723 49.012 48.814 49.974 49.179 51.522] )
Neighs (x-coords) of 155 =  [ 262 2870 2874 3282 3283  110 3439] ( [48.027 45.718 47.648 47.294 45.825 46.318 46.427] )
Neighs (x-coords) of 156 =  [ 990 1139 3031 3281 2748 3034 3242 3243  177] ( [51.522 53.709 51.722 54.031 52.684 52.029 54.266 54.217 55.03 ] )
Neighs (x-coords) of 157 =  [3279 3280 2782 1545  382 2519 1273 2471  761 1553 2246] ( [43.377 44.676 41.665 41.953 44.906 44.228 45.048 44.588 42.701 43.461 44.231] )
Neighs (x-coords) of 158 =  [1944 3274 3449 3275 3338  242 1563 2900] ( [37.29  37.881 35.656 37.588 36.553 39.16  36.813 38.763] )
Neighs (x-coords) of 159 =  [1659 3271 3272  980 2652 3516  610 1931  276 2230 2835] ( [45.949 47.913 46.925 47.81  46.932 46.939 46.121 46.197 50.067 49.56  49.518] )
Neighs (x-coords) of 160 =  [3248 3269 3292 1463 2731 1070] ( [69.021 67.513 67.102 67.042 68.497 68.356] )
Neighs (x-coords) of 161 =  [ 710 1517 1518 2872 3266  263  570  871 1588 3038 3247 2598] ( [56.995 56.056 57.031 55.114 55.418 54.225 53.832 53.933 54.322 55.203 56.264 58.303] )
Neighs (x-coords) of 162 =  [3224 2838 1012 3358  994 3223 3356 2186 2310  773 1596 1600] ( [52.664 50.574 51.506 51.152 49.82  51.215 51.321 53.052 52.36  52.653 53.496 52.069] )
Neighs (x-coords) of 163 =  [3585 3445  775 1098 3220 3221] ( [40.202 39.691 42.318 39.863 41.455 42.243] )
Neighs (x-coords) of 164 =  [3219  925 1320 2478  676 2166] ( [37.459 33.992 36.269 34.526 37.299 38.017] )
Neighs (x-coords) of 165 =  [ 269 2133 2936 3215 3217 1358  763  214] ( [30.505 32.989 30.482 33.187 32.948 32.024 32.196 33.977] )
Neighs (x-coords) of 166 =  [3212 1646 3497 3498 3213 3216  168] ( [61.591 62.031 62.458 61.297 61.552 61.227 61.011] )
Neighs (x-coords) of 167 =  [2110 3210 1041  556 2065 2066] ( [38.003 38.808 38.775 37.486 38.107 36.622] )
Neighs (x-coords) of 168 =  [3234 2405  396  117 2090 3213 3216  166 3212 2071] ( [60.638 59.694 59.437 60.196 60.297 61.552 61.227 62.167 61.591 62.316] )
Neighs (x-coords) of 169 =  [2552 3277 1709 2898 3285 2588 1708 3412   82 2568 2949  344  507] ( [52.669 52.356 49.213 49.871 50.974 50.706 49.901 51.196 52.359 52.816 51.583 51.573 53.614] )
Neighs (x-coords) of 170 =  [1154 2987 2988 3155   87 3406 2494 2333] ( [55.309 55.706 56.368 54.611 56.678 57.295 55.232 55.477] )
Neighs (x-coords) of 171 =  [1256 3004 2149 3005 2045] ( [59.516 57.95  57.509 56.685 59.778] )
Neighs (x-coords) of 172 =  [1054 3002 3573 2115  126 3003  821] ( [50.882 48.937 51.292 48.116 47.757 49.201 48.726] )
Neighs (x-coords) of 173 =  [3082 3083 2256 2310] ( [52.26  51.037 52.388 52.36 ] )
Neighs (x-coords) of 174 =  [ 675 1761 3080 3238 1051 2031 2354 3241 2028 2920] ( [63.889 63.901 63.144 63.484 63.256 62.731 64.621 64.461 64.143 66.286] )
Neighs (x-coords) of 175 =  [3078] ( [65.667] )
Neighs (x-coords) of 176 =  [2598 3074 3075  710 1518 2480 2096  448 2462 1505] ( [58.303 59.987 59.191 56.995 57.031 59.327 58.611 62.006 61.402 60.791] )
Neighs (x-coords) of 177 =  [3071 3072 1048 1424 3242  156 1701] ( [55.959 55.027 52.413 52.972 54.266 54.15  54.929] )
Neighs (x-coords) of 178 =  [ 833 1716 2023    1 3273  693 1319 2713 2714 3127] ( [59.311 58.609 59.679 59.885 58.247 59.466 59.608 62.239 63.206 60.843] )
Neighs (x-coords) of 179 =  [  22 3288 3355 3138 3064 3585 2912 3445 1107 1098] ( [37.167 38.191 37.377 39.276 37.44  40.202 40.3   39.691 40.201 39.863] )
Neighs (x-coords) of 180 =  [3500 3501 2584 2696  896 1630 2823  266  468 2256 2310] ( [54.41  52.937 54.214 52.2   52.899 53.512 54.081 54.348 52.819 52.388 52.36 ] )
Neighs (x-coords) of 181 =  [3497 3498  942 3499] ( [62.458 61.297 59.575 60.351] )
Neighs (x-coords) of 182 =  [1136 2765 3503  841 1369  225 3545 1397  231 2966 3496 3055] ( [37.604 38.362 37.382 34.835 35.233 36.112 35.983 34.959 39.03  38.862 37.07  36.58 ] )
Neighs (x-coords) of 183 =  [3492 2317 3372 2000 3493  654 1959] ( [50.495 50.778 50.41  53.762 51.873 53.722 52.907] )
Neighs (x-coords) of 184 =  [1046 1945 3381 3527 2451  407 2281 2419 3084 2533 3034  990 3031  800 1456  576 1457] ( [49.933 51.49  49.637 50.98  49.974 49.674 48.855 50.32  51.26  52.529 52.029 51.522 51.722 53.627 53.56  52.243 54.226] )
Neighs (x-coords) of 185 =  [ 871 3489 1555  723 1566 1568  263 2871  995 1550 3490 1588 1682  131 3038] ( [53.933 53.062 51.167 50.842 50.691 50.845 54.225 53.649 54.476 53.974 52.595 54.322 53.235 55.237 55.203] )
Neighs (x-coords) of 186 =  [  15 3505 3514 3559] ( [66.121 63.863 65.09  66.381] )
Neighs (x-coords) of 187 =  [1107 2437 3112 3135 3138 3128 3522  415 2436 2912 3521 2639  368] ( [40.201 39.848 42.274 40.59  39.276 41.684 40.828 40.201 39.476 40.3   41.51  43.543 42.951] )
Neighs (x-coords) of 188 =  [3066 3519 3520  224 3059  107 1523 1479] ( [58.094 58.614 60.077 58.789 59.503 59.226 58.481 61.254] )
Neighs (x-coords) of 189 =  [ 678 3515 3149 3516 1659 3271 3272 3517 2162] ( [48.447 45.423 43.424 46.939 45.949 47.913 46.925 45.52  48.491] )
Neighs (x-coords) of 190 =  [3513 3515 2492  699  926] ( [44.243 45.423 42.876 47.088 45.599] )
Neighs (x-coords) of 191 =  [3482 3511 3512 1068 3191] ( [39.537 41.874 42.03  38.948 44.366] )
Neighs (x-coords) of 192 =  [3508 2812 2813 3509] ( [56.324 56.109 57.269 56.92 ] )
Neighs (x-coords) of 193 =  [1685 2751 3485 3486  423 2488  405 2422 2487 1412 2423] ( [38.829 39.285 37.12  37.073 34.757 35.226 35.956 35.798 35.037 37.414 36.407] )
Neighs (x-coords) of 194 =  [2044 2102 3474 1280   94 2059 3320  524  652 1985 2155 2760 3459 3484  517] ( [47.961 46.408 45.822 44.159 45.692 48.471 46.283 45.5   48.031 47.756 45.584 48.306 46.386 46.337 48.541] )
Neighs (x-coords) of 195 =  [2800 3461  294  335 2680  607 1726  684 1487 1259 3460] ( [56.405 56.579 56.437 55.37  55.782 56.716 56.884 59.343 58.657 60.092 58.067] )
Neighs (x-coords) of 196 =  [1541 2561 2569  539 2265 2375 1036  134 1636 3009] ( [54.201 52.28  53.38  50.958 51.263 50.546 51.004 53.917 52.645 54.629] )
Neighs (x-coords) of 197 =  [  30 2189 3535 2280 3487 3488   25] ( [45.686 45.366 45.418 47.593 47.641 46.258 46.676] )
Neighs (x-coords) of 198 =  [2703 3077  550 2084  284 2704 3068] ( [56.003 57.413 53.859 54.15  56.492 55.951 56.241] )
Neighs (x-coords) of 199 =  [1255 3051 3468 1546  534 2176 3050 2045 2108 1256 3004] ( [59.989 58.242 60.417 56.649 56.632 56.8   57.146 59.778 57.739 59.516 57.95 ] )
Neighs (x-coords) of 200 =  [ 368 2641 3053 2221 2222  502 1697 1033 3052 1274  817 1248] ( [42.951 42.813 44.674 41.632 42.25  41.962 42.456 44.794 44.797 46.039 46.335 46.336] )
Neighs (x-coords) of 201 =  [ 449 3000 2999 2458 2559 2562 2578 1059 3578] ( [31.906 32.378 32.432 32.197 32.616 31.185 32.572 34.451 34.284] )
Neighs (x-coords) of 202 =  [ 770  778 2998 1657 1323 1324  801 1459 2573 2996] ( [59.485 58.63  59.862 58.659 58.11  59.089 58.098 58.782 60.202 58.633] )
Neighs (x-coords) of 203 =  [3149 3186  388 2271  145 1840 2994 2995] ( [43.424 43.452 42.118 42.535 43.235 44.358 44.464 42.951] )
Neighs (x-coords) of 204 =  [2991 2992 2834 2414  953 2438 2442  924 2088 2089 2634  342] ( [65.459 66.601 63.442 64.963 65.655 66.567 65.671 65.695 64.108 65.312 68.011 68.044] )
Neighs (x-coords) of 205 =  [3027 3047 1883 1848 1535  947  771 1703] ( [37.986 38.507 36.041 37.9   38.52  39.437 40.522 40.166] )
Neighs (x-coords) of 206 =  [3048 3049  767 1515 1519  141 3044 3533 2386] ( [62.377 61.455 59.313 59.981 59.366 59.283 59.6   60.432 61.66 ] )
Neighs (x-coords) of 207 =  [1941 3103 3104  836 1377  605] ( [60.331 57.933 58.845 57.436 57.04  60.84 ] )
Neighs (x-coords) of 208 =  [3100 3101 1667 1512] ( [46.249 46.627 44.521 44.469] )
Neighs (x-coords) of 209 =  [1141 2738 3106 3569   46 3568] ( [51.291 51.26  49.633 48.869 48.099 48.387] )
Neighs (x-coords) of 210 =  [ 879 1313 3096 1825 3095  493] ( [54.676 54.862 56.103 57.345 56.728 58.04 ] )
Neighs (x-coords) of 211 =  [3092 3093 1298 3438  308] ( [48.183 47.039 46.911 45.949 50.561] )
Neighs (x-coords) of 212 =  [2925 3091 1099 2296 3090] ( [56.105 56.881 55.47  58.164 58.117] )
Neighs (x-coords) of 213 =  [3108 3117 1512 2124  980 2491 2652 3260] ( [46.196 47.095 44.469 45.921 47.81  47.652 46.932 48.164] )
Neighs (x-coords) of 214 =  [3124  165 3215 3217  794 1432 1434  563 1812 2841 2015 3125] ( [33.784 32.711 33.187 32.948 32.279 32.055 32.157 34.878 35.515 33.514 36.036 33.994] )
Neighs (x-coords) of 215 =  [3122 3123  769 1668  489 1798 1799  963   20 3329 3299] ( [52.296 52.848 50.752 50.911 50.801 51.189 51.228 52.779 54.812 54.638 54.662] )
Neighs (x-coords) of 216 =  [ 649 1755 3264  147 3119 3263] ( [43.6   42.639 42.859 42.3   41.751 41.407] )
Neighs (x-coords) of 217 =  [3116 3118 2292 1816  750 3167 1842  496 1815 2766] ( [60.237 59.279 57.469 59.789 59.263 60.067 58.271 60.669 61.227 61.075] )
Neighs (x-coords) of 218 =  [1367 3114 3115 1346 1474  803] ( [41.548 40.498 40.261 41.971 40.475 43.132] )
Neighs (x-coords) of 219 =  [ 735 1536 1571 3521 1107 3112 3135  624] ( [44.638 44.732 43.718 41.51  40.201 42.274 40.59  43.588] )
Neighs (x-coords) of 220 =  [ 408 2415 2416 3089  601 1911 2168 1910 3107] ( [57.118 56.729 56.399 55.793 53.309 52.547 53.494 53.481 55.608] )
Neighs (x-coords) of 221 =  [1094 2513 2571 2810 3067] ( [46.328 45.902 47.058 48.344 46.49 ] )
Neighs (x-coords) of 222 =  [1917 3064  229 3152 3063  597 1918 1919] ( [37.859 37.44  35.131 35.506 36.167 37.662 38.096 36.744] )
Neighs (x-coords) of 223 =  [3060 3061  556 1245 2065] ( [41.026 39.58  37.486 37.758 38.107] )
Neighs (x-coords) of 224 =  [3059 3526 1825   41  409 2484 2485  188 3066 3519  493 1824 1479] ( [59.503 58.396 57.345 57.597 59.031 58.978 59.606 59.502 58.094 58.614 58.04  58.666 61.254] )
Neighs (x-coords) of 225 =  [3056 1369 2237 1397  182 1880 3496 3055 3184] ( [36.135 35.233 35.525 34.959 37.168 37.722 37.07  36.58  38.161] )
Neighs (x-coords) of 226 =  [3452 1154 2333 3453  390] ( [54.821 55.309 55.477 55.748 57.857] )
Neighs (x-coords) of 227 =  [ 881 1322 2557 2558  540 2262 2263 2910 1039  246 2926] ( [36.645 36.538 39.171 38.823 39.259 39.144 38.731 40.167 39.632 40.704 41.111] )
Neighs (x-coords) of 228 =  [2553 3165 3470 3075  527 2147 2609  733 2532 1505 3599   50] ( [59.292 59.075 59.887 59.191 59.798 59.331 59.001 61.57  60.754 60.791 61.785 62.669] )
Neighs (x-coords) of 229 =  [3151 3152 1404 3063  718 3355  222] ( [34.422 35.506 35.203 36.167 37.066 37.377 36.858] )
Neighs (x-coords) of 230 =  [1311 1709 1798  861 1708 1076 1316 2949 2958 3122] ( [51.227 49.213 51.189 49.122 49.901 51.967 52.732 51.583 52.344 52.296] )
Neighs (x-coords) of 231 =  [ 617  736 1880 2966  182 3503 3496 3055 3184 3007 2950 3344 2334 2913] ( [38.311 39.068 37.722 38.862 37.168 37.382 37.07  36.58  38.161 39.616 39.732 40.96  39.598 40.153] )
Neighs (x-coords) of 232 =  [2963 1117 3249 3276  459 2183 2184 2964 1125] ( [40.824 39.047 38.878 38.902 41.102 40.914 40.69  40.972 42.748] )
Neighs (x-coords) of 233 =  [2960 2961 1787 1030 3314 1788 3057  634  371] ( [55.97  56.689 54.381 54.24  54.432 54.401 55.697 54.774 57.155] )
Neighs (x-coords) of 234 =  [ 309 1772 2758 2959 2967  652 2760 2029 1974 3083 1378  648] ( [48.834 50.975 49.651 51.121 49.829 48.031 48.306 47.975 48.795 51.037 50.709 51.685] )
Neighs (x-coords) of 235 =  [2955 2956 3238  778 1324 1930  805 1415 3080 2853 1409 2974] ( [60.796 61.282 63.484 58.63  59.089 59.184 62.134 61.386 63.144 62.291 62.808 60.788] )
Neighs (x-coords) of 236 =  [3412 2718 2952 2700 1071 3454 1126   81 2540 2953 2418] ( [51.196 48.185 48.205 48.113 49.562 50.207 49.039 51.02  50.397 48.978 49.077] )
Neighs (x-coords) of 237 =  [2930  623  953 2438 2634] ( [66.6   65.82  65.655 66.567 68.011] )
Neighs (x-coords) of 238 =  [2908 3421 2892 2929] ( [33.072 31.087 32.099 32.93 ] )
Neighs (x-coords) of 239 =  [1105 1704 2904 2905 3170  884 1333 1334   42  272 2846 1776 1104 3143 3166] ( [42.88  44.063 43.827 45.064 42.413 44.61  43.948 45.449 44.321 45.378 44.504 43.874 46.651 46.405 47.401] )
Neighs (x-coords) of 240 =  [2531 2554 3284 2902 3524 3525  154 3268 3534 2903] ( [46.408 47.295 48.068 47.723 50.715 49.494 48.999 49.433 50.074 49.179] )
Neighs (x-coords) of 241 =  [1416 2396 2931 2932 2746 2874 1328 1052  632 1719 3326 1720] ( [50.421 51.243 49.977 48.549 48.342 47.648 47.225 48.001 48.288 47.837 49.172 49.221] )
Neighs (x-coords) of 242 =  [1563 2900 3275  158 1944 3274 1936 1006 2694 2907 3363] ( [36.813 38.763 37.588 37.427 37.29  37.881 38.731 41.304 40.091 39.492 41.625] )
Neighs (x-coords) of 243 =  [ 376 2494 2895 2894 2987 1020] ( [55.354 55.232 54.834 55.951 55.706 57.587] )
Neighs (x-coords) of 244 =  [2891 2892  267 2820 3421  762] ( [31.165 32.099 32.561 33.122 31.087 34.218] )
Neighs (x-coords) of 245 =  [1129 2699 2909 2918  941   53  305 3591 1689  897 1632] ( [40.741 40.221 42.069 40.953 39.385 42.265 40.061 42.341 40.133 42.888 43.375] )
Neighs (x-coords) of 246 =  [2926 2263  227 2557 2558 1696 1713 2910] ( [41.111 38.731 39.125 39.171 38.823 41.418 42.317 40.167] )
Neighs (x-coords) of 247 =  [2924 2768  257 2923 2940 2947 3021] ( [53.904 51.121 52.241 54.356 51.541 52.678 53.63 ] )
Neighs (x-coords) of 248 =  [2354 2028 2920  764 1577 2921] ( [64.621 64.143 66.286 68.444 67.608 67.425] )
Neighs (x-coords) of 249 =  [2555 2927 3313  670 1967 2919 1925   26] ( [41.404 39.671 38.989 38.989 38.38  39.067 41.163 41.702] )
Neighs (x-coords) of 250 =  [2915 2916 1581 2399  724 1570  937 2410  583 1989 1990 1975] ( [35.146 35.706 32.913 32.987 34.138 34.553 33.647 33.848 34.535 35.485 34.472 37.977] )
Neighs (x-coords) of 251 =  [2729 2913 3246 3522 1486 3347 2950   73 2515 3391 2912] ( [42.374 40.153 41.8   40.828 37.977 37.822 39.732 40.088 41.181 40.035 40.3  ] )
Neighs (x-coords) of 252 =  [2811 2313 2911   26 3353 2409 3440] ( [43.076 41.195 41.72  41.702 40.961 42.027 44.112] )
Neighs (x-coords) of 253 =  [2928 2707 1250 1094 2513 2571 2810 1044 1352 1357 2769] ( [45.637 46.653 47.899 46.328 45.902 47.058 48.344 47.809 47.721 48.69  48.785] )
Neighs (x-coords) of 254 =  [1028 2896  337 1543 2897  442  681 1247 2357  762 1387] ( [31.232 33.157 31.782 33.065 32.335 35.53  33.76  34.124 34.709 34.218 33.578] )
Neighs (x-coords) of 255 =  [2706 1967 2919  813 1264 3353 2408 2705] ( [38.276 38.38  39.067 37.612 38.361 40.961 41.054 39.47 ] )
Neighs (x-coords) of 256 =  [2935  928 3057  634 2934  432 2961  371] ( [58.332 56.343 55.697 54.774 56.854 56.393 56.689 57.155] )
Neighs (x-coords) of 257 =  [2923 2940 2947 2316  308 2761 2768 1060 2633  808  247  320 2720] ( [54.356 51.541 52.678 51.023 50.561 50.792 51.121 49.926 49.615 54.348 53.677 51.844 52.008] )
Neighs (x-coords) of 258 =  [ 268 1353 2884  984 2975  271 2504  331 2670 2817 3537 2671] ( [66.392 64.323 66.12  66.589 66.077 65.881 64.278 68.359 67.569 67.344 68.374 68.109] )
Neighs (x-coords) of 259 =  [3281 1445 2052 2881 2882  526 2151] ( [54.031 54.635 57.568 56.719 56.495 58.023 57.744] )
Neighs (x-coords) of 260 =  [2880  827  881 1322 2887  883 1329  819 1349] ( [38.645 35.084 36.645 36.538 37.363 36.793 36.832 36.748 37.507] )
Neighs (x-coords) of 261 =  [ 564 1861 2877] ( [42.346 42.317 39.772] )
Neighs (x-coords) of 262 =  [ 155 2874 3282 3283 2873 2932] ( [46.445 47.648 47.294 45.825 47.465 48.549] )
Neighs (x-coords) of 263 =  [ 311 2701  570 2871  995 1550 3490  185  871 2527 3129  161 2872 1547] ( [51.715 51.48  53.832 53.649 54.476 53.974 52.595 53.054 53.933 54.762 57.008 56.127 55.114 55.34 ] )
Neighs (x-coords) of 264 =  [1024 2168 2849  593 1871 1872 1864 1308 2848  483 1854] ( [53.606 53.494 53.64  52.794 52.112 52.292 52.362 55.488 54.688 54.55  55.198] )
Neighs (x-coords) of 265 =  [ 877 1230 1500 2825 2826 3105 3251] ( [39.444 40.237 41.883 41.977 41.255 41.902 43.862] )
Neighs (x-coords) of 266 =  [ 468 2310 1630 2823 2186 2187  180 3500 3224  644  294   59 2824] ( [52.819 52.36  53.512 54.081 53.052 54.403 53.557 54.41  52.664 55.977 56.437 55.909 54.578] )
Neighs (x-coords) of 267 =  [2820 2821 2614 2617  244 2891 2892 1955] ( [33.122 32.399 33.279 31.804 31.409 31.165 32.099 34.442] )
Neighs (x-coords) of 268 =  [ 258 1353 2884  959 2818 3241 3079 2975 1577  863 1653 2670 2817] ( [66.396 64.323 66.12  64.162 66.241 64.461 64.523 66.077 67.608 68.001 68.741 67.569 67.344] )
Neighs (x-coords) of 269 =  [ 165 2936 3215 3217 1053 2276 2279 2937 1358] ( [32.711 30.482 33.187 32.948 29.867 29.849 29.824 30.22  32.024] )
Neighs (x-coords) of 270 =  [2816  403 2428 2304  847 1246 2815 1497] ( [43.37  41.301 41.916 41.938 45.21  44.697 42.976 43.284] )
Neighs (x-coords) of 271 =  [1341 2828 2829 3532 1345  258 2884   18 3531 2670 2671 2814] ( [63.691 66.321 66.389 64.853 63.53  66.396 66.12  64.961 65.42  67.569 68.109 68.247] )
Neighs (x-coords) of 272 =  [  42 2846 3580  239 2904 2905 1947 3254  465  730 1529 1530 2204] ( [44.321 44.504 44.181 44.779 43.827 45.064 44.897 44.46  46.563 48.269 47.656 47.941 46.544] )
Neighs (x-coords) of 273 =  [2843 2844 1692 2135 2132] ( [41.66  42.247 40.592 43.574 44.184] )
Neighs (x-coords) of 274 =  [1812 2482 2840 2841 2559    8 3552 3553  925 2478] ( [35.515 33.607 34.761 33.514 32.616 34.744 34.875 33.936 33.992 34.526] )
Neighs (x-coords) of 275 =  [1773 2839 2847  651 1986] ( [51.849 52.644 53.284 52.387 52.76 ] )
Neighs (x-coords) of 276 =  [ 499 2230 2231 2835 2836  159 3271  678 1343 2162 2163 1949  843] ( [50.246 49.56  51.053 49.518 50.957 47.601 47.913 48.447 50.873 48.491 48.814 52.055 51.733] )
Neighs (x-coords) of 277 =  [2832 2833  910 2454 2049 2137  826 2120 1641 2146] ( [62.053 60.916 59.274 59.541 59.062 60.115 59.891 58.947 61.318 63.414] )
Neighs (x-coords) of 278 =  [  82 1644 2568 2831 2053 2868  613 1906  740] ( [52.359 54.24  52.816 52.46  49.801 51.335 50.043 50.718 53.101] )
Neighs (x-coords) of 279 =  [1639 1640   72  312 2784  855 1687  899 1688 2890 2864 2889 3233] ( [59.278 58.981 57.238 60.381 59.901 59.111 59.953 59.251 58.702 60.382 58.547 60.712 61.261] )
Neighs (x-coords) of 280 =  [2944 2945 2385   77 2542 1103] ( [35.223 35.45  34.973 34.922 34.007 37.304] )
Neighs (x-coords) of 281 =  [2943 2942 1847  585 1556] ( [40.389 38.911 38.314 40.877 40.562] )
Neighs (x-coords) of 282 =  [2812 2813 2730 3509  521 2048] ( [56.109 57.269 56.416 56.92  58.202 57.781] )
Neighs (x-coords) of 283 =  [1328 2878 2275 2135 2132 1034 2870 2874  694 1719] ( [47.225 45.623 45.306 43.574 44.184 43.503 45.718 47.648 45.55  47.837] )
Neighs (x-coords) of 284 =  [2925  688  198 2703 3077 2704 3068 1056 1291  473 2296 2311] ( [56.105 53.936 56.558 56.003 57.413 55.951 56.241 55.793 56.686 58.648 58.164 58.941] )
Neighs (x-coords) of 285 =  [  31 3539 2698 2697  955 2837 3540] ( [60.162 60.046 59.673 61.178 62.904 62.284 60.886] )
Neighs (x-coords) of 286 =  [ 129 2780 2788 3045  549 2277  669 1969 1347 2712] ( [35.102 34.119 34.038 35.755 34.273 34.212 34.51  35.331 36.39  36.771] )
Neighs (x-coords) of 287 =  [2777 2377 2776] ( [47.038 46.372 46.709] )
Neighs (x-coords) of 288 =  [1011 2774 2775  348 2579 2578  361 2384 1059 2542 2549] ( [36.276 33.485 34.784 32.024 31.797 32.572 34.724 35.543 34.451 34.007 35.148] )
Neighs (x-coords) of 289 =  [1632 2574 2625 2779 2174  532 2269  327 2660 2772 2102] ( [43.375 42.9   44.163 44.981 44.884 45.55  46.286 47.996 47.336 45.515 46.408] )
Neighs (x-coords) of 290 =  [2791] ( [41.695] )
Neighs (x-coords) of 291 =  [ 930 2806 2807 3507 2836 1343 1949 3137  843 1342] ( [52.574 52.464 53.67  53.021 50.957 50.873 52.055 54.495 51.733 51.987] )
Neighs (x-coords) of 292 =  [2803 2804  341 2563 2855   84  453 3159 1385] ( [58.714 57.678 55.852 56.584 55.73  57.227 57.517 57.451 59.823] )
Neighs (x-coords) of 293 =  [1542 2801 1121 1622  714 1470 2064 3567  557 2079 2808] ( [50.271 50.588 50.57  49.964 50.574 50.355 52.674 51.708 53.597 53.566 51.949] )
Neighs (x-coords) of 294 =  [2798 2823  458 2187  266  644 1836 2824  195 2800 3461 1928] ( [56.493 54.081 53.811 54.403 54.348 55.977 55.931 54.578 57.431 56.405 56.579 58.547] )
Neighs (x-coords) of 295 =  [ 641 2795 2796 3123  654 1960   20  132 3035 3329 3302 2933] ( [56.442 55.402 54.484 52.848 53.722 54.342 54.812 56.85  57.062 54.638 54.798 57.126] )
Neighs (x-coords) of 296 =  [2792 2793  850  700 1379  932 2375 2393 1015 3342 2364 1886  439] ( [50.215 49.35  48.129 51.03  50.387 50.746 50.546 49.229 50.688 50.315 51.203 52.356 52.018] )
Neighs (x-coords) of 297 =  [ 947  989 2782 2783 3086  540 2262 1556 1282 1545 3081 2452 3279] ( [39.437 39.714 41.665 41.504 39.442 39.259 39.144 40.562 42.121 41.953 39.934 43.209 43.377] )
Neighs (x-coords) of 298 =  [2771 2789 2738 1897 2576 2613 1898] ( [54.023 53.38  51.26  53.999 53.533 53.251 55.202] )
Neighs (x-coords) of 299 =  [2744 2745  417] ( [61.462 62.203 61.45 ] )
Neighs (x-coords) of 300 =  [1909 1924 2952 2743  545  921 2289 2425 2742  602] ( [46.014 46.196 48.205 45.238 43.075 44.651 43.449 44.208 44.962 46.415] )
Neighs (x-coords) of 301 =  [ 689 2748 3025 2740  344 2590 3242 1701] ( [54.428 52.684 50.515 52.106 51.573 51.531 54.266 54.929] )
Neighs (x-coords) of 302 =  [ 849 1603 2736 3350 3232 1602 1612  118 3231 1253] ( [53.115 53.739 54.276 51.358 54.325 52.781 51.632 54.656 54.96  56.449] )
Neighs (x-coords) of 303 =  [ 146 2734 2735  772  511 2037 1650 1252] ( [36.143 34.902 35.953 33.176 35.211 35.214 33.69  35.784] )
Neighs (x-coords) of 304 =  [2732 2339 2739] ( [64.101 61.873 63.178] )
Neighs (x-coords) of 305 =  [  53  885 2759 3590 3591 1685 2751 3485  941 1480 1307  245 2699] ( [42.265 40.932 39.755 42.266 42.341 38.829 39.285 37.12  39.385 40.119 41.473 41.108 40.221] )
Neighs (x-coords) of 306 =  [2235 2767 3118  581 1994 1592 2766 1120 2690 3319 2307  504 2234] ( [63.532 61.297 59.279 59.147 59.241 61.903 61.075 63.082 62.501 62.477 61.634 64.234 63.867] )
Neighs (x-coords) of 307 =  [2763 2764 3398 3427  573 1318 1893 3259 1504 3443 1894 2973 3258   69  372  108] ( [61.003 62.279 62.781 61.324 60.299 58.904 60.345 60.374 59.31  60.041 61.083 61.437 61.891 62.338 63.49  60.978] )
Neighs (x-coords) of 308 =  [2761 2768  211 3092 1060 2611 2633  257 2940] ( [50.792 51.121 48.002 48.183 49.926 49.532 49.615 52.241 51.541] )
Neighs (x-coords) of 309 =  [ 234 1772 2758 2967  194 2059  514 2760 3484 2036] ( [50.162 50.975 49.651 49.829 46.638 48.471 47.747 48.306 46.337 47.81 ] )
Neighs (x-coords) of 310 =  [2747 2749   27 3351 3352 3462 1904  652 3459 1001 3373] ( [46.909 46.466 44.149 43.996 44.304 45.151 45.164 48.031 46.386 46.112 47.144] )
Neighs (x-coords) of 311 =  [ 263  425 2472 2708 2701] ( [54.225 50.568 51.387 50.884 51.48 ] )
Neighs (x-coords) of 312 =  [2784 2785  473  899 2311  279 1640 2890 2027] ( [59.901 60.54  58.648 59.251 58.941 59.966 58.981 60.382 62.191] )
Neighs (x-coords) of 313 =  [2514 2709  383 2515  251 2729 3246 1042] ( [42.541 43.672 41.6   41.181 40.068 42.374 41.8   43.422] )
Neighs (x-coords) of 314 =  [2696  441 2359 2360  429 2373 2695 1629  896 1630] ( [52.2   50.904 50.313 51.515 53.919 53.558 51.605 53.256 52.899 53.512] )
Neighs (x-coords) of 315 =  [2623  882 1588 2692 1327 3232  387  543 1326 2273  404  118 2427 2693  334] ( [52.252 52.211 54.322 54.177 52.5   54.325 52.951 54.225 52.021 53.449 56.829 54.656 56.753 54.663 55.964] )
Neighs (x-coords) of 316 =  [2719 1543  127 3017 3028 1968 2710] ( [32.856 33.065 32.132 33.035 31.654 34.068 34.15 ] )
Neighs (x-coords) of 317 =  [2711 3358 1005 2716 2717 2727 3481   34 1737 2689  324] ( [49.011 51.152 48.054 46.994 47.016 48.354 46.354 46.564 48.289 50.375 49.799] )
Neighs (x-coords) of 318 =  [ 424 2473 2725  985  992 1535 1576  542  497 1984 2724 2647] ( [38.888 38.742 37.243 35.683 38.247 38.52  36.522 38.444 38.257 37.376 38.278 37.698] )
Neighs (x-coords) of 319 =  [  47 2721 3574 2080 2650  557 2079  931 2722 1243 3309] ( [51.939 53.751 52.263 52.167 53.243 53.597 53.566 57.116 54.97  55.26  55.604] )
Neighs (x-coords) of 320 =  [1662 2395 2720 3022  308 2768 1060 2611 1018 2728 1416  257  122] ( [53.686 52.002 52.008 54.034 50.561 51.121 49.926 49.532 50.46  51.064 50.421 52.241 53.576] )
Neighs (x-coords) of 321 =  [ 575 2716 2717 3250   10 3560 1890 2727 2044 1935 2850] ( [47.985 46.994 47.016 44.934 44.48  45.193 48.134 48.354 47.961 48.837 49.142] )
Neighs (x-coords) of 322 =  [2713 2714 3234 2339] ( [62.239 63.206 60.638 61.873] )
Neighs (x-coords) of 323 =  [  67 2691 3262 3387  286 2780 3045  669 1969 3403    3 1927] ( [37.31  37.382 37.245 38.188 34.655 34.119 35.755 34.51  35.331 37.477 37.891 38.79 ] )
Neighs (x-coords) of 324 =  [2679 2689  317] ( [50.292 50.375 48.588] )
Neighs (x-coords) of 325 =  [1443 2731 2930  786] ( [67.601 68.497 66.6   67.512] )
Neighs (x-coords) of 326 =  [1629 2665 2666  441 2360   47 3567] ( [53.256 52.532 53.985 50.904 51.515 51.939 51.708] )
Neighs (x-coords) of 327 =  [2660 2772  289] ( [47.336 45.515 45.175] )
Neighs (x-coords) of 328 =  [2657 2658   66 2468] ( [50.687 51.298 50.149 51.746] )
Neighs (x-coords) of 329 =  [2656 1705 1272 2655  781 1270 1706  638  872 1739 1740 1043] ( [54.298 51.409 53.614 53.218 54.261 53.72  51.855 53.71  52.179 54.495 53.966 54.938] )
Neighs (x-coords) of 330 =  [ 695 1262 2653 2668  591] ( [47.381 46.75  47.216 46.237 49.633] )
Neighs (x-coords) of 331 =  [2670  258 2884 2829 2817 3537 2671] ( [67.569 66.396 66.12  66.389 67.344 68.374 68.109] )
Neighs (x-coords) of 332 =  [2686 2687 1836 1837 1020] ( [55.649 56.701 55.931 56.488 57.587] )
Neighs (x-coords) of 333 =  [2684 2972 3583   45  632  142  776 1720  351 2591 2600 1490  128  712 1491] ( [47.649 45.998 47.24  46.677 48.288 46.388 47.836 49.221 49.445 49.873 48.534 48.842 50.912 49.428 48.825] )
Neighs (x-coords) of 334 =  [2681 2688 2692 3232  315  543 2273 2274  118 3458 1422  115] ( [56.678 56.253 54.177 54.325 54.194 54.225 53.449 54.118 54.656 57.414 58.143 57.836] )
Neighs (x-coords) of 335 =  [2680 2298  431 2347  472 2348 2224 2678  195 2800 3461] ( [55.782 53.427 53.353 53.977 52.914 53.607 56.399 55.776 57.431 56.405 56.579] )
Neighs (x-coords) of 336 =  [ 588 2675 1489 2676  487 1804 1805 2019 2341] ( [37.083 39.121 37.603 39.389 39.231 38.591 39.274 36.71  41.432] )
Neighs (x-coords) of 337 =  [2672 1543 2673 2897  254] ( [31.469 33.065 31.08  32.335 33.244] )
Neighs (x-coords) of 338 =  [1963 2489 2042 2663  917 3097  660] ( [62.646 62.251 59.134 60.595 60.099 60.151 63.092] )
Neighs (x-coords) of 339 =  [1604 3003  934  673  906 1670 2869  444 2858] ( [49.358 49.201 49.045 49.752 52.478 51.71  51.727 52.682 51.544] )
Neighs (x-coords) of 340 =  [1150 2853  381 2642 2643  573 1893 3199 3202  702 1894 2852  149] ( [62.369 62.291 60.361 59.905 60.124 60.299 60.345 63.085 61.637 63.552 61.083 62.822 61.105] )
Neighs (x-coords) of 341 =  [2856 3087 2855  453  292 2804] ( [55.703 53.525 55.73  57.517 58.028 57.678] )
Neighs (x-coords) of 342 =  [ 991 2635 2875 2879 2417  924  204 2992 2634] ( [68.114 68.29  67.366 68.879 66.417 65.695 65.859 66.601 68.011] )
Neighs (x-coords) of 343 =  [2612 1010 3389 2501] ( [43.62  40.401 40.542 42.708] )
Neighs (x-coords) of 344 =  [ 507 1819 2590  613 3285 1071 2588 3451 3454   82 2740  301  169 2552] ( [53.614 53.268 51.531 50.043 50.974 49.562 50.706 49.42  50.207 52.359 52.106 52.942 51.562 52.669] )
Neighs (x-coords) of 345 =  [ 453 2587 3159 1272  781  574 1743 1891 2586 2564] ( [57.517 55.052 57.451 53.614 54.261 55.318 57.442 54.679 55.954 56.709] )
Neighs (x-coords) of 346 =  [2583  429 2373 2584 2696 1630  180 3500 3501 1837] ( [55.355 53.919 53.558 54.214 52.2   53.512 53.557 54.41  52.937 56.488] )
Neighs (x-coords) of 347 =  [2589 3579 2997   33 3466 2581  672  811] ( [43.035 44.425 41.432 40.731 41.058 43.98  44.009 42.512] )
Neighs (x-coords) of 348 =  [2579 1905 2562 2578  288 2774] ( [31.797 30.986 31.185 32.572 34.083 33.485] )
Neighs (x-coords) of 349 =  [2576  128 3245  389 2618 2575 2789 3314 3317] ( [53.533 50.912 51.466 50.423 50.844 53.075 53.38  54.432 53.295] )
Neighs (x-coords) of 350 =  [ 363 1051 2379  202 2998 2573 2996  816 1411 2031] ( [61.759 63.256 60.83  59.372 59.862 60.202 58.633 61.68  60.894 62.731] )
Neighs (x-coords) of 351 =  [ 379  682 1527 2524 2525 2591 2600  333  776 1624 1626 1475 1611 1531  938] ( [49.381 51.402 51.399 48.634 50.136 49.873 48.534 48.364 47.836 48.338 47.096 49.541 48.817 51.473 49.298] )
Neighs (x-coords) of 352 =  [2607 2608 3171  494] ( [42.179 42.194 40.667 42.942] )
Neighs (x-coords) of 353 =  [2636 2637  725 1574 3572  594 1875 1876 3576 3577 3020 3019] ( [46.959 46.018 44.538 44.758 45.269 47.612 46.692 48.072 48.116 46.643 49.428 49.168] )
Neighs (x-coords) of 354 =  [1897 2604 2605 2980  138 2741 3348   28] ( [53.999 52.435 52.956 50.665 50.623 51.446 51.699 51.755] )
Neighs (x-coords) of 355 =  [2599 3222 2601   77 2369 2542 2549] ( [33.834 36.229 34.124 34.922 33.382 34.007 35.148] )
Neighs (x-coords) of 356 =  [ 518 2056 2597 2596 2448 1093] ( [37.167 36.422 37.33  36.297 37.211 37.222] )
Neighs (x-coords) of 357 =  [2595 1768 1756 1627 2594] ( [56.521 57.346 55.236 58.398 57.99 ] )
Neighs (x-coords) of 358 =  [1722 2610 3378 3487 3364  407 1046  631 1723 2493] ( [48.527 50.704 49.111 47.641 47.556 49.674 49.933 49.304 49.988 49.51 ] )
Neighs (x-coords) of 359 =  [2389 2451 2105 3284  548 1037 3025 1071 3451  154 3268 2281 3084] ( [48.814 49.974 47.189 48.068 48.066 47.467 50.515 49.562 49.42  48.999 49.433 48.855 51.26 ] )
Neighs (x-coords) of 360 =  [2387 2388 1541 1087 2512 2526  566 1850  719 1554  879] ( [55.545 55.856 54.201 53.829 54.344 53.704 55.52  55.78  54.921 55.709 54.676] )
Neighs (x-coords) of 361 =  [2384 2385  783 1398 1421 2945  288 2774] ( [35.543 34.973 36.015 35.803 35.556 35.45  34.083 33.485] )
Neighs (x-coords) of 362 =  [2382  607 2390] ( [56.523 56.716 57.162] )
Neighs (x-coords) of 363 =  [ 350 1051 1408 2379 2755 3097 1411 2580] ( [60.9   63.256 62.41  60.83  63.408 60.151 60.894 61.359] )
Neighs (x-coords) of 364 =  [2376 2377 1903  624 1782 1790   58 3303 2776  859] ( [46.483 46.372 45.201 43.588 44.113 44.25  46.743 45.857 46.709 48.519] )
Neighs (x-coords) of 365 =  [ 620 2374 2381  668 1970 1009 1450 1455] ( [64.941 65.828 64.334 65.89  65.267 64.574 64.984 64.241] )
Neighs (x-coords) of 366 =  [ 422 2433 2462   23 3362 2362 2565 2602 2603 2383   83 2566 1009] ( [62.57  63.211 61.402 60.146 60.035 62.434 62.586 62.054 61.157 61.008 62.091 62.769 64.574] )
Neighs (x-coords) of 367 =  [2392 2401  578] ( [51.459 50.511 52.598] )
Neighs (x-coords) of 368 =  [ 200 2641 3053  120 3128 3522 2221 2222 3521  187 2639] ( [44.167 42.813 44.674 42.323 41.684 40.828 41.632 42.25  41.51  41.235 43.543] )
Neighs (x-coords) of 369 =  [2644 2645 2439 2109 1544  823 2440 3396  467 2201 1979] ( [59.535 60.128 60.397 58.206 57.828 58.54  60.733 62.157 61.195 61.191 62.113] )
Neighs (x-coords) of 370 =  [2711 3358 1469 2520 2838 1629  896  458 2186] ( [49.011 51.152 50.997 50.596 50.574 53.256 52.899 53.811 53.052] )
Neighs (x-coords) of 371 =  [2507 2508  432 2345  233 2960 2961  661 1057 1964 2292] ( [57.555 56.498 56.393 57.197 55.889 55.97  56.689 56.812 56.557 57.561 57.469] )
Neighs (x-coords) of 372 =  [  69 2505  702 1409 2973  307 2763 2764 3398 1353] ( [62.338 63.149 63.552 62.808 61.437 61.429 61.003 62.279 62.781 64.323] )
Neighs (x-coords) of 373 =  [2501 2502 2242] ( [42.708 44.12  43.229] )
Neighs (x-coords) of 374 =  [2499 2500 3192 2434 1672 3054 1993] ( [57.022 55.631 55.012 54.842 56.506 58.999 58.197] )
Neighs (x-coords) of 375 =  [2496 2497 3306 3322  794 1432] ( [32.571 31.329 32.868 31.525 32.279 32.055] )
Neighs (x-coords) of 376 =  [ 243 2494 2895 1355  429 2373 2249 2333 2509 3270 2583  779] ( [55.793 55.232 54.834 52.843 53.919 53.558 53.286 55.477 55.348 57.276 55.355 57.981] )
Neighs (x-coords) of 377 =  [1847 1848 2510] ( [38.314 37.9   39.644] )
Neighs (x-coords) of 378 =  [2528 2871  814 1266 1267 2527 3229 1517] ( [55.239 53.649 55.855 55.485 56.439 54.762 56.642 56.056] )
Neighs (x-coords) of 379 =  [ 351 1527 2524 2525 2591 2600 1052 1233 1325  632 1719  241 1472 1720] ( [49.445 51.399 48.634 50.136 49.873 48.534 48.001 46.466 47.937 48.288 47.837 49.258 49.713 49.221] )
Neighs (x-coords) of 380 =  [2522 2523 1033 3052 1393 1248  914 2391  850] ( [46.214 47.492 44.794 44.797 45.132 46.336 47.127 47.66  48.129] )
Neighs (x-coords) of 381 =  [2642 2643 1893 3132 2955  340 1150 2853] ( [59.905 60.124 60.345 61.109 60.796 62.418 62.369 62.291] )
Neighs (x-coords) of 382 =  [2154 2519  945 1713  525 2471  157 3279 3280 2025 3154 2521 3604] ( [44.633 44.228 42.318 42.317 44.188 44.588 44.069 43.377 44.676 45.551 47.517 45.569 47.658] )
Neighs (x-coords) of 383 =  [2515  752 3141 3142 2950  713 1466 1467 2729 3246  313 2514] ( [41.181 40.389 39.815 40.659 39.732 40.901 40.089 41.562 42.374 41.8   42.794 42.541] )
Neighs (x-coords) of 384 =  [1093 1245  898 1244 2570 1637 3061 1638 2550  743 3188] ( [37.222 37.758 38.981 36.794 38.171 38.814 39.58  39.941 39.686 41.092 40.995] )
Neighs (x-coords) of 385 =  [2572 2628  442 2356 2357  909 1677 3018 3595 3033  490 1795] ( [36.394 37.612 35.53  36.    34.709 36.951 37.209 38.394 37.168 36.46  39.093 38.702] )
Neighs (x-coords) of 386 =  [2627  777 1281 1884 2626  540 2262  856 1690  947] ( [37.272 35.005 35.617 35.974 37.228 39.259 39.144 38.651 39.102 39.437] )
Neighs (x-coords) of 387 =  [2086 2624  824 2063 3489  315 2623 3518] ( [53.635 53.276 51.049 51.398 53.062 54.194 52.252 51.945] )
Neighs (x-coords) of 388 =  [2629 2621  203 2995 3333   19] ( [41.61  42.025 43.669 42.951 43.872 43.446] )
Neighs (x-coords) of 389 =  [2618 2619  730 1529 1530  128  712 1491 2738 2741  143 3240] ( [50.844 50.055 48.269 47.656 47.941 50.912 49.428 48.825 51.26  51.446 49.755 49.489] )
Neighs (x-coords) of 390 =  [   1 2615 2616 1154  226 2333 3453 2406  101 1394] ( [59.885 57.728 57.734 55.309 55.686 55.477 55.748 59.095 58.501 60.413] )
Neighs (x-coords) of 391 =  [2613 2620 2576] ( [53.251 54.378 53.533] )
Neighs (x-coords) of 392 =  [  79 2537 1549 2567  688 1658 2536  691 1548  748 2640 2631 2415] ( [52.997 52.283 52.096 54.521 53.936 53.258 53.607 52.362 52.675 56.754 54.703 55.025 56.729] )
Neighs (x-coords) of 393 =  [2647 1813 1984 2648  427] ( [37.698 38.592 37.376 37.319 39.922] )
Neighs (x-coords) of 394 =  [2516 2517  555 2069 2068 1476 2861  413] ( [61.714 62.394 62.285 62.024 62.539 60.82  63.075 64.493] )
Neighs (x-coords) of 395 =  [  71 2408 2409 2705 3393 3353  633 3354 1574 3392] ( [42.183 41.054 42.027 39.47  41.706 40.961 42.054 42.477 44.758 43.035] )
Neighs (x-coords) of 396 =  [2406  111 2405 3436 1394 3216  840 1395  168] ( [59.095 59.203 59.694 59.416 60.413 61.227 61.07  61.528 61.011] )
Neighs (x-coords) of 397 =  [2403 2404 1386 2439  421 2859] ( [62.423 62.506 59.833 60.397 63.447 62.964] )
Neighs (x-coords) of 398 =  [2490 2865 2483 2403 2404 1026 1400] ( [63.98  63.144 63.377 62.423 62.506 65.371 65.823] )
Neighs (x-coords) of 399 =  [2479 2480 3362 2112  822  895   23 1627 1065 3475 2096  731 1532 2462 2603] ( [58.14  59.327 60.035 56.944 56.304 58.229 60.146 58.398 58.612 58.188 58.611 58.788 59.666 61.402 61.157] )
Neighs (x-coords) of 400 =  [  87 2477 3385 2533 3243 1818 3311  829 2131 2476 1492] ( [56.678 54.653 56.348 52.529 54.217 54.03  54.413 55.305 55.678 55.193 57.312] )
Neighs (x-coords) of 401 =  [2252 2474 2475 3334 2384 1011   12 3554 3126 1103 2802 3331  505] ( [38.803 37.818 36.849 36.538 35.543 36.276 37.718 38.389 39.367 37.304 38.129 37.034 38.394] )
Neighs (x-coords) of 402 =  [1273 2452 2471 2783 2293 1279  694] ( [45.048 43.209 44.588 41.504 45.026 43.44  45.55 ] )
Neighs (x-coords) of 403 =  [2428 2429 1619 1618 1732  711 1521 3169 1500  270 2816 2815] ( [41.916 40.715 38.658 38.749 42.228 40.48  40.111 41.746 41.883 43.29  43.37  42.976] )
Neighs (x-coords) of 404 =  [2426 2692  315 3046 2427 2693 2688 2632  767 1519  807 1422] ( [56.626 54.177 54.194 55.631 56.753 54.663 56.253 57.825 59.313 59.366 58.989 58.143] )
Neighs (x-coords) of 405 =  [2422 2177 2424 2488  406  674 2423  193] ( [35.798 35.763 35.345 35.226 36.173 36.816 36.407 37.108] )
Neighs (x-coords) of 406 =  [ 405 2422 2015 2423 2503 3486  590 2022 2420] ( [35.956 35.798 36.036 36.407 37.926 37.073 36.396 36.855 36.975] )
Neighs (x-coords) of 407 =  [2281 2419 3084  548 2280 3487  184 1046 3381 1114 2418 3158  358 2610 3378 3085] ( [48.855 50.32  51.26  48.066 47.593 47.641 51.341 49.933 49.637 51.361 49.077 50.599 49.739 50.704 49.111 51.621] )
Neighs (x-coords) of 408 =  [ 220 2415 2416 3089 3107 1155 2914 2917  522 2042] ( [55.349 56.729 56.399 55.793 55.608 58.536 57.601 58.87  58.831 59.134] )
Neighs (x-coords) of 409 =  [2484 2485   63 3374 1825  224 3059  493  954 1476] ( [58.978 59.606 56.971 57.258 57.345 58.789 59.503 58.04  60.809 60.82 ] )
Neighs (x-coords) of 410 =  [2432 2421 1526  729] ( [49.421 50.471 51.321 51.598] )
Neighs (x-coords) of 411 =  [2447 2448  900 1642 2596  918 2453  144 3228 2597] ( [38.699 37.211 36.11  35.748 36.297 38.238 37.552 37.755 38.705 37.33 ] )
Neighs (x-coords) of 412 =  [ 476  639  657 1736 1737 2326   34 2445 3480] ( [45.507 47.72  48.439 47.689 48.289 45.466 46.564 47.227 45.809] )
Neighs (x-coords) of 413 =  [2443 2450  394 2516] ( [64.874 64.981 62.24  61.714] )
Neighs (x-coords) of 414 =  [2439 2644 2483  397 2404] ( [60.397 59.535 63.377 62.407 62.506] )
Neighs (x-coords) of 415 =  [2221 2222 2436 1582 3138 2197 2334 3522  502  187 2437] ( [41.632 42.25  39.476 37.593 39.276 39.765 39.598 40.828 41.962 41.235 39.848] )
Neighs (x-coords) of 416 =  [2435 1342 2500] ( [53.46  51.987 55.631] )
Neighs (x-coords) of 417 =  [2651 2809 2785] ( [60.671 61.717 60.54 ] )
Neighs (x-coords) of 418 =  [2744 2745 2866 2865] ( [61.462 62.203 63.334 63.144] )
Neighs (x-coords) of 419 =  [1657 1712 2863 2864   72 3382 2169 3383] ( [58.659 59.831 57.835 58.547 57.238 56.965 56.927 57.179] )
Neighs (x-coords) of 420 =  [ 605 1942 2860 2516  954 1476 2861  904] ( [60.84  60.843 62.651 61.714 60.809 60.82  63.075 63.011] )
Neighs (x-coords) of 421 =  [2832 2857 2859  397 2404 1026] ( [62.053 63.513 62.964 62.407 62.506 65.371] )
Neighs (x-coords) of 422 =  [ 366 2433 2462   23 3427 2362  448 2441 2602 2603  869] ( [61.973 63.211 61.402 60.146 61.324 62.434 62.006 62.456 62.054 61.157 64.579] )
Neighs (x-coords) of 423 =  [1650 2488  828 2133 2487 1412  193] ( [33.69  35.226 32.767 32.989 35.037 37.414 37.108] )
Neighs (x-coords) of 424 =  [ 318 2473 2725  992 1535 3465 2481] ( [38.138 38.742 37.243 38.247 38.52  40.482 39.534] )
Neighs (x-coords) of 425 =  [2472 2708 1453 2701 1446  687 1375 1555 2461] ( [51.387 50.884 50.58  51.48  50.104 51.384 49.368 51.167 49.935] )
Neighs (x-coords) of 426 =  [2400 2402  568 1904 2749   61 3379 3380 3373  935 2407 2266] ( [48.426 47.257 45.239 45.164 46.466 46.844 45.988 47.384 47.144 49.471 48.646 50.005] )
Neighs (x-coords) of 427 =  [2397 2398 1813  393 2647 2648 1084 2495 2498  703 1237   52 3592] ( [40.84  39.416 38.592 37.765 37.698 37.319 40.747 40.719 39.906 41.645 40.898 40.06  40.816] )
Neighs (x-coords) of 428 =  [ 867 1669 1681 3371 2728 3326   32   64 3325 3372 2396 1662 2395  593 1871] ( [53.453 53.242 53.811 51.686 51.064 49.172 49.237 50.78  49.599 50.41  51.243 53.686 52.002 52.794 52.112] )
Neighs (x-coords) of 429 =  [2372 2373 2695  314 2584 2696  376 2895  346] ( [53.334 53.558 51.605 51.732 54.214 52.2   55.354 54.834 54.841] )
Neighs (x-coords) of 430 =  [2361 2349] ( [39.76  39.421] )
Neighs (x-coords) of 431 =  [2347 3224 3356 2012 2298  472 2348  773 1596 2847  335] ( [53.977 52.664 51.321 51.286 53.427 52.914 53.607 52.653 53.496 53.284 55.37 ] )
Neighs (x-coords) of 432 =  [1431 2344 2345 1788 1495  634 2934  371 2507 2508  256] ( [57.276 56.399 57.197 54.401 54.291 54.774 56.854 57.155 57.555 56.498 57.588] )
Neighs (x-coords) of 433 =  [2341 2342  487 1805  713 1656] ( [41.432 41.552 39.231 39.274 40.901 41.149] )
Neighs (x-coords) of 434 =  [2339  117 1315 2340 3235  554 2071 2072] ( [61.873 60.196 58.47  60.582 59.446 62.659 62.316 61.985] )
Neighs (x-coords) of 435 =  [2336 2337 1562 1563  608 1007] ( [37.305 37.09  36.355 36.813 37.823 38.955] )
Neighs (x-coords) of 436 =  [ 875 1648 2350  793 1638] ( [39.903 40.276 42.042 41.805 39.941] )
Neighs (x-coords) of 437 =  [2352 2353  820 2117  758] ( [47.327 46.875 47.913 48.574 49.49 ] )
Neighs (x-coords) of 438 =  [ 820 2116 2368 1042 3429   61 3379 2367] ( [47.913 47.453 45.522 43.422 43.904 46.844 45.988 46.091] )
Neighs (x-coords) of 439 =  [2365  932 2375  296 2792 2364 3456 1886 1631  578] ( [52.562 50.746 50.546 50.273 50.215 51.203 53.358 52.356 53.816 52.598] )
Neighs (x-coords) of 440 =  [2363 2370   90 3293 1133] ( [66.417 65.531 66.491 65.655 63.812] )
Neighs (x-coords) of 441 =  [2359 2360 2394 1890 1538 1935 2520 2695  326 1629 2665] ( [50.313 51.515 48.892 48.134 51.112 48.837 50.596 51.605 53.208 53.256 52.532] )
Neighs (x-coords) of 442 =  [ 681 1247 2356 2357 1543  254 2171  385 2572 2628 3033] ( [33.76  34.124 36.    34.709 33.065 33.244 35.729 37.117 36.394 37.612 36.46 ] )
Neighs (x-coords) of 443 =  [ 541 2259 2260 2354 2355  912 2968] ( [65.39  65.13  65.966 64.621 64.526 62.95  62.84 ] )
Neighs (x-coords) of 444 =  [2412  339 2869 2858 1087 2411 2512 2526] ( [52.887 51.057 51.727 51.544 53.829 51.945 54.344 53.704] )
Neighs (x-coords) of 445 =  [2468 3317  464 2206 2164 2469 1787] ( [51.746 53.295 50.49  50.314 53.569 52.328 54.381] )
Neighs (x-coords) of 446 =  [2467 2006] ( [41.886 40.437] )
Neighs (x-coords) of 447 =  [1579 2463 2464   60 3463  975 2842 3448 2153] ( [39.508 40.342 41.497 41.997 41.539 40.522 39.694 42.896 43.703] )
Neighs (x-coords) of 448 =  [1508 2441  176 3074  733  422 2433 2462 1505 2460  929 2383 3369 1710  949] ( [62.228 62.456 59.718 59.987 61.57  62.57  63.211 61.402 60.791 62.146 61.37  61.008 63.562 64.473 64.323] )
Neighs (x-coords) of 449 =  [ 201 3000 2458 2459 3564 3446 3156] ( [32.992 32.378 32.197 31.543 31.939 32.411 34.487] )
Neighs (x-coords) of 450 =  [ 951 2456 1395 2455  785] ( [61.647 61.957 61.528 62.694 64.714] )
Neighs (x-coords) of 451 =  [ 147 2555   71 3393  711 1493 3263  701 3392 1608 2556 1755 1770] ( [42.3   41.404 42.183 41.706 40.48  39.727 41.407 43.288 43.035 42.881 42.855 42.639 43.899] )
Neighs (x-coords) of 452 =  [2521 3604 1352 3154  889 1305] ( [45.569 47.658 47.721 47.517 47.061 46.467] )
Neighs (x-coords) of 453 =  [  84  345 3159  341 2856 2563 2855 2564 1023  292 2546] ( [57.227 55.844 57.451 55.852 55.703 56.584 55.73  56.709 59.043 58.028 59.104] )
Neighs (x-coords) of 454 =  [ 636 1745 2756  912 2486 1963 2489 2755 2380 2355 1948] ( [66.283 66.345 64.108 62.95  63.324 62.646 62.251 63.408 62.034 64.526 63.801] )
Neighs (x-coords) of 455 =  [2196 2215 2757 2544   12 3546 3554 2962] ( [39.784 40.615 42.194 38.241 37.718 37.895 38.389 41.838] )
Neighs (x-coords) of 456 =  [2192 2193  572 1895  667 1972 1973  726 1578] ( [37.563 36.214 35.824 34.927 37.461 37.993 37.515 39.21  38.767] )
Neighs (x-coords) of 457 =  [1608 2189 2556  701 1370  921 2425 2430 2190 2280 3291] ( [42.881 45.366 42.855 43.288 43.789 44.651 44.208 44.616 45.554 47.593 46.131] )
Neighs (x-coords) of 458 =  [2186 2187 2530  370 1012 3358 2823 3224  294 2798 2225 2824] ( [53.052 54.403 52.034 51.313 51.506 51.152 54.081 52.664 56.437 56.493 54.914 54.578] )
Neighs (x-coords) of 459 =  [2183 2184 1117 3121 1039 3434 3437  232] ( [40.914 40.69  39.047 40.621 39.632 39.922 39.585 41.266] )
Neighs (x-coords) of 460 =  [2181 1102 1249  637 1742 2180] ( [58.732 56.052 56.714 57.8   58.732 57.601] )
Neighs (x-coords) of 461 =  [2197 2214 3336  736 1879  690 1597 1606 3184  139 2977  997   17 3344 2334] ( [39.765 40.524 42.053 39.068 38.119 37.856 37.901 37.579 38.161 40.948 40.192 39.902 41.873 40.96  39.598] )
Neighs (x-coords) of 462 =  [ 625 2212 2213  860 1779 1700 2240] ( [49.043 50.78  49.267 48.336 48.415 48.964 50.854] )
Neighs (x-coords) of 463 =  [2601 1938 2209 2037 2038  619 1937 2210  970] ( [34.124 36.174 35.68  35.214 35.441 36.884 37.153 36.434 37.004] )
Neighs (x-coords) of 464 =  [ 938 1615 2206 2207 3201 1624   66 3386 3200  445] ( [49.298 49.928 50.314 49.619 51.01  48.338 50.149 50.101 51.841 52.382] )
Neighs (x-coords) of 465 =  [2203 2684 3579   42  272 3580 1529 2204 1490] ( [46.568 47.649 44.425 44.321 45.378 44.181 47.656 46.544 48.842] )
Neighs (x-coords) of 466 =  [2237 2217 1944  608 1879] ( [35.525 36.183 37.29  37.823 38.119] )
Neighs (x-coords) of 467 =  [2201 2137  369 2200 1979  664] ( [61.191 60.115 60.128 61.06  62.113 62.202] )
Neighs (x-coords) of 468 =  [ 266 2256 2310 2823  180 3500 3501 3082 2824] ( [54.348 52.388 52.36  54.081 53.557 54.41  52.937 52.26  54.578] )
Neighs (x-coords) of 469 =  [2307  905 3058 2235 2308] ( [61.634 59.512 58.896 63.532 61.707] )
Neighs (x-coords) of 470 =  [2304 2305 1390  839 1481  717  649 1755] ( [41.938 40.921 39.269 39.444 39.76  40.009 43.6   42.639] )
Neighs (x-coords) of 471 =  [2301 2302 3261] ( [51.302 50.751 48.972] )
Neighs (x-coords) of 472 =  [2348 1012 3356  592  857 2012 1695 1651 2298 2299  431] ( [53.607 51.506 51.321 50.512 50.653 51.286 50.905 53.108 53.427 52.799 53.353] )
Neighs (x-coords) of 473 =  [2296 3090  284 2925 1291  312 2784 2785  899 2311 1640] ( [58.164 58.117 56.492 56.105 56.686 60.381 59.901 60.54  59.251 58.941 58.981] )
Neighs (x-coords) of 474 =  [2313 2911   96  603   26  109 3440 2811 1926] ( [41.195 41.72  41.105 41.548 41.702 44.221 44.112 43.076 42.491] )
Neighs (x-coords) of 475 =  [2391 2413 2329 3339 2328 3342] ( [47.66  47.777 49.806 50.923 51.012 50.315] )
Neighs (x-coords) of 476 =  [ 412  639 1736 1737 2326 1288 2325  500 2227 2228 3320 2444 1263] ( [46.737 47.72  47.689 48.289 45.466 43.59  45.381 43.482 43.721 42.708 46.283 46.34  45.528] )
Neighs (x-coords) of 477 =  [ 870 1679 2331 2323   63 3582 1866 1680   41 3526] ( [59.674 60.134 58.019 56.805 56.971 57.067 55.209 58.999 57.597 58.396] )
Neighs (x-coords) of 478 =  [2320 1631 1002] ( [53.483 53.816 53.503] )
Neighs (x-coords) of 479 =  [2244 3426 3520 3044] ( [61.58  60.04  60.077 59.6  ] )
Neighs (x-coords) of 480 =  [2317 2769 1250  591 1997 1998 2316 1060 2633 1511 2940] ( [50.778 48.785 47.899 49.633 50.325 48.974 51.023 49.926 49.615 53.057 51.541] )
Neighs (x-coords) of 481 =  [2239 2240 2212 1997] ( [52.34  50.854 50.78  50.325] )
Neighs (x-coords) of 482 =  [ 761 1553 2246 1915 2253 3162  759 2160] ( [42.701 43.461 44.231 41.274 44.051 45.674 46.152 46.38 ] )
Neighs (x-coords) of 483 =  [ 534 1854 1855 2176 1872  264 2849 1863  939 3495 2848] ( [56.632 55.198 54.952 56.8   52.292 54.127 53.64  52.65  55.439 55.25  54.688] )
Neighs (x-coords) of 484 =  [ 852 1851   75 2058 2060 1047 1852 3327  546 2286] ( [51.241 48.831 46.663 49.729 50.91  50.523 48.669 50.256 48.758 49.435] )
Neighs (x-coords) of 485 =  [1829 1830 1610] ( [61.813 62.055 60.056] )
Neighs (x-coords) of 486 =  [1652 1807 1808 2801 1470 2808] ( [53.187 51.718 53.008 50.588 50.355 51.949] )
Neighs (x-coords) of 487 =  [ 533 1804 1805 2170 2007 1796 2676  336  622 2006  433 2341] ( [36.416 38.591 39.274 36.604 38.983 38.723 39.389 39.156 39.74  40.437 41.536 41.432] )
Neighs (x-coords) of 488 =  [1801 2288 2802 1406] ( [40.776 42.306 38.129 40.893] )
Neighs (x-coords) of 489 =  [1798  844 1799 2123  215 3122 3123] ( [51.189 49.863 51.228 49.406 52.491 52.296 52.848] )
Neighs (x-coords) of 490 =  [1489 1795 1796 2676  124  385 2628] ( [37.603 38.702 38.723 39.389 39.285 37.117 37.612] )
Neighs (x-coords) of 491 =  [ 505 2251    8 1809 2177 2840 3334 1117 1811 3249 2470] ( [38.394 39.129 34.744 36.242 35.763 34.761 36.538 39.047 37.152 38.878 37.068] )
Neighs (x-coords) of 492 =  [1589 1827 1812 3125  907  883  909 1329 1330  590] ( [35.992 34.787 35.515 33.994 37.343 36.793 36.951 36.832 37.222 36.396] )
Neighs (x-coords) of 493 =  [1824 1554 1825  210 3096  224  409 2485  136 3066] ( [58.666 55.709 57.345 56.811 56.103 58.789 59.031 59.606 57.683 58.094] )
Neighs (x-coords) of 494 =  [2467  352 2608 2341 2342 2242] ( [41.886 42.154 42.194 41.432 41.552 43.229] )
Neighs (x-coords) of 495 =  [1821 1983 2218 1822 3563  503] ( [40.054 39.37  39.059 39.309 37.891 40.015] )
Neighs (x-coords) of 496 =  [1040 1815 2573 1816  750 3167 3168  217 3116 2580 1088 1234] ( [63.018 61.227 60.202 59.789 59.263 60.067 58.662 59.636 60.237 61.359 62.679 62.807] )
Neighs (x-coords) of 497 =  [1008 1813 1984 2144 2724 2141  318 2725    3  604 2647 2648 1084 2495] ( [36.593 38.592 37.376 37.486 38.278 36.041 38.138 37.243 37.891 39.313 37.698 37.319 40.747 40.719] )
Neighs (x-coords) of 498 =  [1044 1352 2025  721 1560 2275 2883 1561 2293 2471 1066] ( [47.809 47.721 45.551 44.194 44.675 45.306 43.928 43.559 45.026 44.588 46.33 ] )
Neighs (x-coords) of 499 =  [ 276 2230 2231 2835 2836  980 3271  471 2301 1403 3261  697 1446] ( [50.067 49.56  51.053 49.518 50.957 47.81  47.913 50.753 51.302 51.333 48.972 50.282 50.104] )
Neighs (x-coords) of 500 =  [2227 2228 3178 1142 1288 2325  476] ( [43.721 42.708 42.114 42.96  43.59  45.381 45.507] )
Neighs (x-coords) of 501 =  [2224 2225 2678 1652  854 1651  616 1881 1882  891] ( [56.399 54.914 55.776 53.187 53.434 53.108 55.845 55.116 56.603 58.121] )
Neighs (x-coords) of 502 =  [ 858  415 2221 2222 1697  200 2641 3052] ( [41.862 40.201 41.632 42.25  42.456 44.167 42.813 44.797] )
Neighs (x-coords) of 503 =  [1000 2219 3593 2218 1822   52  495 1821 2593] ( [42.239 40.374 39.588 39.059 39.309 40.06  39.626 40.054 41.72 ] )
Neighs (x-coords) of 504 =  [2234  306 2235 1120  606 1873 1874] ( [63.867 61.709 63.532 63.082 65.279 65.102 65.854] )
Neighs (x-coords) of 505 =  [ 491 2251 1011 1809  401 2252 3334 1103 3179 1117 1811 3331] ( [37.101 39.129 36.276 36.242 37.761 38.803 36.538 37.304 38.645 39.047 37.152 37.034] )
Neighs (x-coords) of 506 =  [2248 2249 2610 3538 1355 2373 2584] ( [51.796 53.286 50.704 50.02  52.843 53.558 54.214] )
Neighs (x-coords) of 507 =  [ 344 1819 3412  169 2552 3277 1270  105 1818 3411   80  574 1892] ( [51.573 53.268 51.196 51.562 52.669 52.356 53.72  51.567 54.03  52.425 52.124 55.318 55.512] )
Neighs (x-coords) of 508 =  [1857 2690 3588 2667  640 1792] ( [63.079 62.501 62.547 63.676 65.579 64.681] )
Neighs (x-coords) of 509 =  [2322   81 2540 2551 2295 3310 2786] ( [52.309 51.02  50.397 51.454 53.117 53.738 55.463] )
Neighs (x-coords) of 510 =  [  25 2268 3357 3364  532 2173 2269 1086] ( [46.676 47.2   46.129 47.556 45.55  45.96  46.286 49.668] )
Neighs (x-coords) of 511 =  [2037 2038  772 1614  303 2734 2735 2005] ( [35.214 35.441 33.176 33.33  35.016 34.902 35.953 37.054] )
Neighs (x-coords) of 512 =  [2035  840 1395 2034 2455 1110] ( [64.773 61.07  61.528 63.259 62.694 62.356] )
Neighs (x-coords) of 513 =  [2962 2033  965 1295] ( [41.838 42.67  42.549 44.473] )
Neighs (x-coords) of 514 =  [2760 1081 1278 2030 2036 2039 1001 1274 2029  817  309 2967  653] ( [48.306 48.321 45.566 47.706 47.81  47.689 46.112 46.039 47.975 46.335 48.834 49.829 50.187] )
Neighs (x-coords) of 515 =  [2026 2027 1147 1440] ( [62.731 62.191 62.215 62.963] )
Neighs (x-coords) of 516 =  [  62 2041 2043 1414 1760 3377  675 3241 1754 1460] ( [64.719 66.021 64.528 62.763 63.859 64.707 63.889 64.461 66.812 67.72 ] )
Neighs (x-coords) of 517 =  [3223 2717 2727  194 2044   94 2059 3320  639 1737 2838 2850] ( [51.215 47.016 48.354 46.638 47.961 45.692 48.471 46.283 47.72  48.289 50.574 49.142] )
Neighs (x-coords) of 518 =  [ 356 2056 2597   92 3304 3305   55 2057  898] ( [36.404 36.422 37.33  37.931 38.766 37.267 36.606 37.78  38.981] )
Neighs (x-coords) of 519 =  [2054  541 2260 1510 2055  596 1122 1678  764 1577] ( [68.266 65.39  65.966 68.695 67.842 68.838 68.317 67.495 68.444 67.608] )
Neighs (x-coords) of 520 =  [2051  259 2052 2881 2882  931 1593 1617] ( [58.801 56.57  57.568 56.719 56.495 57.116 57.425 56.882] )
Neighs (x-coords) of 521 =  [2048 2049 1743 2586 2564  282 2812 2813  838] ( [57.781 59.062 57.442 55.954 56.709 56.914 56.109 57.269 59.301] )
Neighs (x-coords) of 522 =  [2042  408 2416 3041  130 2040 3110 3113 3040] ( [59.134 57.118 56.399 59.948 60.151 58.118 58.491 58.136 60.645] )
Neighs (x-coords) of 523 =  [ 799 2046   14 2047 1452] ( [60.58  60.451 57.383 59.403 60.812] )
Neighs (x-coords) of 524 =  [1985 2155  289  897 1632 2779 1633    2 2772  194 2102] ( [47.756 45.584 45.175 42.888 43.375 44.981 43.203 43.794 45.515 46.638 46.408] )
Neighs (x-coords) of 525 =  [2153  945 1713 1560  382 2154 2519 1094 2513 2571] ( [43.703 42.318 42.317 44.675 44.906 44.633 44.228 46.328 45.902 47.058] )
Neighs (x-coords) of 526 =  [2150 3071  259 2881 1238] ( [57.875 55.959 56.57  56.719 58.014] )
Neighs (x-coords) of 527 =  [2147 2148 3566 1091 3589  228 1055 2646] ( [59.331 59.964 58.101 57.32  57.318 60.166 58.375 59.271] )
Neighs (x-coords) of 528 =  [2145  971 2901 2832 1641] ( [64.008 61.552 62.401 62.053 61.318] )
Neighs (x-coords) of 529 =  [ 846 1239  627 2142] ( [64.404 64.402 66.528 67.368] )
Neighs (x-coords) of 530 =  [ 831 1351 2156 2157  890 1296 1295  979 1559  878 1309  902] ( [48.401 47.871 47.239 45.81  45.083 44.981 44.473 46.254 46.756 47.815 47.258 46.351] )
Neighs (x-coords) of 531 =  [2159 2950 3344 2966   49  135 3007 3008 2158 3142 3246 3600] ( [41.966 39.732 40.96  38.862 42.188 40.243 39.616 40.81  42.147 40.659 41.8   42.682] )
Neighs (x-coords) of 532 =  [1439 2173 3535 1067 2174 3561  289 2779  796 1441  510 2268 2269] ( [47.767 45.96  45.418 42.662 44.884 44.068 45.175 44.981 47.266 46.526 46.869 47.2   46.286] )
Neighs (x-coords) of 533 =  [ 487 1804 1805 2170  442 2356  762 2171 1389 1663 2139 2019  588  866] ( [39.231 38.591 39.274 36.604 35.53  36.    34.218 35.729 34.854 35.991 34.561 36.71  37.083 36.579] )
Neighs (x-coords) of 534 =  [ 483 1854 1855 2169 2176 3050  199 3051] ( [54.55  55.198 54.952 56.927 56.8   57.146 58.011 58.242] )
Neighs (x-coords) of 535 =  [ 554 2071 3227 1306 2090 3447 2072] ( [62.659 62.316 61.863 58.264 60.297 57.829 61.985] )
Neighs (x-coords) of 536 =  [2271 2283  503 1000 2219 1384 1654  145] ( [42.535 42.696 40.015 42.239 40.374 42.582 45.078 43.235] )
Neighs (x-coords) of 537 =  [2061 2062  113 3423  860 1702] ( [45.843 46.372 44.037 44.582 48.336 47.503] )
Neighs (x-coords) of 538 =  [2087 2085 1085 2063 3489 3507 3510 2086 1923] ( [52.907 50.697 51.344 51.398 53.062 53.021 52.675 53.635 55.245] )
Neighs (x-coords) of 539 =  [2265 2266 2400 2378 3435  196] ( [51.263 50.005 48.426 50.746 50.295 52.742] )
Neighs (x-coords) of 540 =  [2262 2263 2626  227  386 1528 2910  297  947  989 2782] ( [39.144 38.731 37.228 39.125 37.529 39.815 40.167 41.486 39.437 39.714 41.665] )
Neighs (x-coords) of 541 =  [ 443 2259 2260 2354 2968 1760  675 1761 2055 1678] ( [64.857 65.13  65.966 64.621 62.84  63.859 63.889 63.901 67.842 67.495] )
Neighs (x-coords) of 542 =  [2257 2258 1884  856 1535 1576  318 2144] ( [39.267 37.986 35.974 38.651 38.52  36.522 38.138 37.486] )
Neighs (x-coords) of 543 =  [2273 2274 3232  315 3518  334 2681] ( [53.449 54.118 54.325 54.194 51.945 55.964 56.678] )
Neighs (x-coords) of 544 =  [2290 2291 3500 1339] ( [56.294 55.876 54.41  57.281] )
Neighs (x-coords) of 545 =  [ 921 2289 2425 2430 2288  998 1926 2743 3015 2742] ( [44.651 43.449 44.208 44.616 42.306 44.02  42.491 45.238 43.333 44.962] )
Neighs (x-coords) of 546 =  [2285 2286 2941 1852  484  852] ( [48.803 49.435 46.868 48.669 49.302 51.241] )
Neighs (x-coords) of 547 =  [2284 2282 2547   75] ( [46.328 44.934 46.03  46.663] )
Neighs (x-coords) of 548 =  [1037 2118 2105 2280 3487 3488  359  407 2281 2419 3381 2418] ( [47.467 46.859 47.189 47.593 47.641 46.258 49.012 49.674 48.855 50.32  49.637 49.077] )
Neighs (x-coords) of 549 =  [2277 2278 2136  286 2788  669 1969] ( [34.212 35.063 34.825 34.655 34.038 34.51  35.331] )
Neighs (x-coords) of 550 =  [1549 2083 2084 2567  122 3021 1658  198 3068] ( [52.096 52.908 54.15  54.521 53.576 53.63  53.258 56.558 56.241] )
Neighs (x-coords) of 551 =  [2047 2178 2179  923] ( [59.403 58.567 58.941 56.926] )
Neighs (x-coords) of 552 =  [2076 2077 1558 2128 1090 2518 2529] ( [43.834 44.875 42.394 44.94  43.161 43.279 43.315] )
Neighs (x-coords) of 553 =  [2073 2074 1007 1936 1006 3346  709 1513 2976 3394  704] ( [41.316 40.349 38.955 38.731 41.304 42.033 40.602 40.067 41.103 39.551 43.323] )
Neighs (x-coords) of 554 =  [ 535 2071 2072 2101  434 2339 1133] ( [60.622 62.316 61.985 61.255 60.94  61.873 63.812] )
Neighs (x-coords) of 555 =  [2069  394 2517 2068] ( [62.024 62.24  62.394 62.539] )
Neighs (x-coords) of 556 =  [1093 1245 2065 2066  737 2596 3181 3182  167 3211  223] ( [37.222 37.758 38.107 36.622 35.855 36.297 36.153 35.273 38.707 39.462 40.171] )
Neighs (x-coords) of 557 =  [2079 2808  293 2064  319 3574 1100 3309] ( [53.566 51.949 51.138 52.674 54.202 52.263 55.98  55.604] )
Neighs (x-coords) of 558 =  [2081 2082 1073 2821 2614 2617  656 1955] ( [34.644 33.164 32.408 32.399 33.279 31.804 35.165 34.442] )
Neighs (x-coords) of 559 =  [2096 2097 3214 2598 3074  731 3415 1072  767 1515 1519  141 3043  929] ( [58.611 59.474 56.597 58.303 59.987 58.788 58.538 58.576 59.313 59.981 59.366 59.283 58.324 61.37 ] )
Neighs (x-coords) of 560 =  [1988 2557 2094  584 1330 1987] ( [39.524 39.171 39.338 39.322 37.222 38.574] )
Neighs (x-coords) of 561 =  [ 674 1764 2092 3179  738] ( [36.816 36.789 39.182 38.645 38.303] )
Neighs (x-coords) of 562 =  [2088 2089 3258  927 2358 2362  967 2954 2991  869] ( [64.108 65.312 61.891 62.235 62.482 62.434 64.283 64.183 65.459 64.579] )
Neighs (x-coords) of 563 =  [1809 2100 2177 1354 1358  763 3215 1763 2424 2840  214 3124 2470] ( [36.242 34.432 35.763 32.256 32.024 32.196 33.187 36.065 35.345 34.761 33.977 33.784 37.068] )
Neighs (x-coords) of 564 =  [ 261 1861    7 3548 1860  988 2886] ( [40.445 42.317 44.206 43.786 42.561 43.52  44.104] )
Neighs (x-coords) of 565 =  [1863 1864 2849 2202  745] ( [52.65  52.362 53.64  51.955 51.679] )
Neighs (x-coords) of 566 =  [1850 1866 1541 2323 3009 3582  719 1554  360] ( [55.78  55.209 54.201 56.805 54.629 57.067 54.921 55.709 55.685] )
Neighs (x-coords) of 567 =  [ 948 1354 1358 1889 2276 1049 1905 2562] ( [32.63  32.256 32.024 30.29  29.849 31.71  30.986 31.185] )
Neighs (x-coords) of 568 =  [1903 1904 2639 2709 2749 3379  426] ( [45.201 45.164 43.543 43.672 46.466 45.988 47.762] )
Neighs (x-coords) of 569 =  [1901] ( [33.029] )
Neighs (x-coords) of 570 =  [2871 1900 1665  263 1899 2527  161 1517 2872] ( [53.649 53.477 53.171 54.225 53.642 54.762 56.127 56.056 55.114] )
Neighs (x-coords) of 571 =  [1897 2575  298 2771 2789  349 2576 1083 1268] ( [53.999 53.075 53.92  54.023 53.38  52.818 53.533 55.643 54.967] )
Neighs (x-coords) of 572 =  [1895 1896 2193 3578  456 2192  667 1972 1973  676] ( [34.927 35.76  36.214 34.284 36.796 37.563 37.461 37.993 37.515 37.299] )
Neighs (x-coords) of 573 =  [1317 1318 1893 2643  611 1929 1930 3259  880  340 2853 1894 2973 2974 2852  307 2763] ( [58.1   58.904 60.345 60.124 58.594 57.74  59.184 60.374 58.17  62.418 62.291 61.083 61.437 60.788 62.822 61.429 61.003] )
Neighs (x-coords) of 574 =  [1743 1891 2586 2552  507 1649  345 2587 1892] ( [57.442 54.679 55.954 52.669 53.614 55.568 55.844 55.052 55.512] )
Neighs (x-coords) of 575 =  [ 321 2716  796 1441 1890 1439 2359 1935] ( [47.177 46.994 47.266 46.526 48.134 47.767 50.313 48.837] )
Neighs (x-coords) of 576 =  [1457 1946 3085 3278  184 1046 1945 3381 3527 1139 1240] ( [54.226 53.007 51.621 53.36  51.341 49.933 51.49  49.637 50.98  53.709 54.126] )
Neighs (x-coords) of 577 =  [1947 2001] ( [44.897 44.429] )
Neighs (x-coords) of 578 =  [1888  296 2792 2364  367 2392 2401  116 3456 1886  439 2365] ( [53.062 50.273 50.215 51.203 50.681 51.459 50.511 53.002 53.358 52.356 52.018 52.562] )
Neighs (x-coords) of 579 =  [2000 1027  654 1681 1999] ( [53.762 53.684 53.722 53.811 55.271] )
Neighs (x-coords) of 580 =  [1995 1996  822 2479] ( [54.739 56.075 56.304 58.14 ] )
Neighs (x-coords) of 581 =  [ 905 1993 1994 3058 2292 2499 1591 3118 3054 1842 2766  306] ( [59.512 58.197 59.241 58.896 57.469 57.022 60.478 59.279 58.999 58.271 61.075 61.709] )
Neighs (x-coords) of 582 =  [1991 1992 1567 2115] ( [47.437 47.631 45.3   48.116] )
Neighs (x-coords) of 583 =  [1989 1990 2399  250 2916  937 1645] ( [35.485 34.472 32.987 35.319 35.706 33.647 35.591] )
Neighs (x-coords) of 584 =  [ 909 1987 2095 2094 1677  124  560] ( [36.951 38.574 39.255 39.338 37.209 39.285 39.885] )
Neighs (x-coords) of 585 =  [2002  726 1579 2464  281 2943 2003 1696] ( [41.565 39.21  39.508 41.497 39.744 40.389 40.887 41.418] )
Neighs (x-coords) of 586 =  [2005 2919  146 2706 2004 3206] ( [37.054 39.067 36.143 38.276 38.178 36.99 ] )
Neighs (x-coords) of 587 =  [2020 1069 1462 1623  112 2021 3432] ( [49.828 47.016 47.885 46.998 50.47  48.894 50.948] )
Neighs (x-coords) of 588 =  [  92  336  866 1664 2018 2675  679 1663 2138 2139  533 2019] ( [37.931 39.156 36.579 37.457 36.368 39.121 34.253 35.991 34.184 34.561 36.416 36.71 ] )
Neighs (x-coords) of 589 =  [2016 2017 3511   85 2970 3388] ( [44.044 42.688 41.874 44.371 43.492 44.94 ] )
Neighs (x-coords) of 590 =  [1677 2022 1812  214  492 1589 1827 2015 3125  406 1095  907 2465 2503] ( [37.209 36.855 35.515 33.977 35.632 35.992 34.787 36.036 33.994 36.173 36.283 37.343 38.277 37.926] )
Neighs (x-coords) of 591 =  [1997 1998 2316  330 2653 2240  625] ( [50.325 48.974 51.023 47.008 47.216 50.854 49.043] )
Neighs (x-coords) of 592 =  [ 857 1694 2012 2014  657 1736 1081 3356 1695 1953 1772] ( [50.653 49.776 51.286 49.81  48.439 47.689 48.321 51.321 50.905 49.381 50.975] )
Neighs (x-coords) of 593 =  [1871 1872 2396  428  867 1669 2536   79  264 2849] ( [52.112 52.292 51.243 51.711 53.453 53.242 53.607 52.997 54.127 53.64 ] )
Neighs (x-coords) of 594 =  [1875 1876  353 2637   40 3525] ( [46.692 48.072 46.949 46.018 50.288 49.494] )
Neighs (x-coords) of 595 =  [1091 1547 3589 1950  995 1550 3507  754 1671 1922  647 1749] ( [57.32  55.34  57.318 53.065 54.476 53.974 53.021 55.208 55.842 56.008 55.234 56.127] )
Neighs (x-coords) of 596 =  [1122 1678 1510 1460  519  764 1577 1586 1920 1921] ( [68.317 67.495 68.695 67.72  68.068 68.444 67.608 69.11  69.569 68.066] )
Neighs (x-coords) of 597 =  [  55 1465 1918 1919 2057   92 3304  629 1729 3305  222] ( [36.606 39.26  38.096 36.744 37.78  37.931 38.766 38.254 37.312 37.267 36.858] )
Neighs (x-coords) of 598 =  [1916 1465 1917 3584 3602] ( [38.405 39.26  37.859 36.847 39.426] )
Neighs (x-coords) of 599 =  [ 696 1407 1419 1914 1690 2880 1691 1915] ( [40.844 40.794 40.216 41.502 39.102 38.645 38.361 41.274] )
Neighs (x-coords) of 600 =  [1912 2545 3408   76 2544 1913  106] ( [39.191 37.564 39.335 37.394 38.241 39.88  39.878] )
Neighs (x-coords) of 601 =  [  79 1911 3237 3245 1531 1024 2168 1910 2164  220 3089] ( [52.997 52.547 51.394 51.466 51.473 53.606 53.494 53.481 53.569 55.349 55.793] )
Neighs (x-coords) of 602 =  [ 887 1284 1285 2718  809 1312 1336 2743 1123  300 1909 1924 2952 2700] ( [46.503 46.037 46.464 48.185 44.283 44.097 44.502 45.238 48.054 45.629 46.014 46.196 48.205 48.113] )
Neighs (x-coords) of 603 =  [  96 1925   97 3313  474 2313 3324 1926 2314 1370 2289] ( [41.105 41.163 38.762 38.989 42.078 41.195 41.512 42.491 42.518 43.789 43.449] )
Neighs (x-coords) of 604 =  [   3 1927 2712  497 2144  696 1407 3130 1943] ( [37.891 38.79  36.771 38.257 37.486 40.844 40.794 41.357 40.063] )
Neighs (x-coords) of 605 =  [ 420 1942  207 1941 3104] ( [62.618 60.843 58.673 60.331 58.845] )
Neighs (x-coords) of 606 =  [1873 1874   18 3531 3532 3318  504 2234  655] ( [65.102 65.854 64.961 65.42  64.853 63.841 64.234 63.867 66.467] )
Neighs (x-coords) of 607 =  [2390   59 3297 3298  195 3461 1939  362 3460  753] ( [57.162 55.909 55.066 56.566 57.431 56.579 56.289 56.732 58.067 59.   ] )
Neighs (x-coords) of 608 =  [1007 1936 3449 2217  466  435 2337 1944 3397  617 1879 2074 2977] ( [38.955 38.731 35.656 36.183 35.499 36.759 37.09  37.29  38.134 38.311 38.119 40.349 40.192] )
Neighs (x-coords) of 609 =  [1933 1934] ( [52.74  52.242] )
Neighs (x-coords) of 610 =  [1834 1931 2994 1932  159 3272  645  665 1976] ( [47.812 46.197 44.464 45.331 47.601 46.925 47.157 46.686 46.301] )
Neighs (x-coords) of 611 =  [1929 1930 1431 1323 2643  801 1459  573 1317 1893 1894] ( [57.74  59.184 57.276 58.11  60.124 58.098 58.782 60.299 58.1   60.345 61.083] )
Neighs (x-coords) of 612 =  [ 684 1483 1487 2798 1908 1928] ( [59.343 60.079 58.657 56.493 59.476 58.547] )
Neighs (x-coords) of 613 =  [1906 1907 2868 1074 2898 2588   82  278] ( [50.718 49.234 51.335 49.153 49.871 50.706 52.359 51.901] )
Neighs (x-coords) of 614 =  [1887 1023  838 2546 1386 1885] ( [60.877 59.043 59.301 59.104 59.833 61.462] )
Neighs (x-coords) of 615 =  [1883  777 1281 1332 1884  985 1580] ( [36.041 35.005 35.617 34.345 35.974 35.683 35.297] )
Neighs (x-coords) of 616 =  [1881 1882 1808 1075 2075 2078  501 2224] ( [55.116 56.603 53.008 56.235 56.059 55.355 55.656 56.399] )
Neighs (x-coords) of 617 =  [ 231 1879 1880 2966 1944 3274  608 1936  135 3007] ( [39.03  38.119 37.722 38.862 37.29  37.881 37.823 38.731 40.243 39.616] )
Neighs (x-coords) of 618 =  [1877 1878 2658 1403 1473  802] ( [53.106 54.44  51.298 51.333 52.352 51.575] )
Neighs (x-coords) of 619 =  [  97 3312 3313 1938  463 2209 1967] ( [38.762 38.743 38.989 36.174 35.825 35.68  38.38 ] )
Neighs (x-coords) of 620 =  [ 365 2374 2381  904 3550 2011] ( [65.094 65.828 64.334 63.011 62.751 64.964] )
Neighs (x-coords) of 621 =  [3309 2687 1075 2075 2009] ( [55.604 56.701 56.235 56.059 57.829] )
Neighs (x-coords) of 622 =  [2006 2125  920 2007  650 1757  487 1804  832 2126 3557] ( [40.437 39.134 37.082 38.983 38.747 38.213 39.231 38.591 39.851 40.501 40.828] )
Neighs (x-coords) of 623 =  [1785 3199 1784 1130 1686 2930  237 2414 2417  924 3343   11 3405] ( [65.203 63.085 65.794 64.676 63.938 66.6   66.601 64.963 66.417 65.695 67.975 67.832 67.173] )
Neighs (x-coords) of 624 =  [1782 1790 3521 3112 1903 3111  219  364] ( [44.113 44.25  41.51  42.274 45.201 43.367 42.694 46.198] )
Neighs (x-coords) of 625 =  [ 462 2213 1779 2240  591 1997 1998] ( [49.977 49.267 48.415 50.854 49.633 50.325 48.974] )
Neighs (x-coords) of 626 =  [1029 1775 1776 2773 1381 1105 2905 1128 1522] ( [42.449 44.992 43.874 42.502 41.584 42.88  45.064 44.76  43.27 ] )
Neighs (x-coords) of 627 =  [ 529 2041 2142 1753] ( [66.562 66.021 67.368 66.959] )
Neighs (x-coords) of 628 =  [ 262 1731 2873 3583 3594 2980] ( [48.027 48.153 47.465 47.24  45.959 50.665] )
Neighs (x-coords) of 629 =  [1728 1729 1661  718 1485 1486  866 1664  597 1918 1466   73  864 1655 3390] ( [38.4   37.312 36.284 37.066 36.587 37.977 36.579 37.457 37.662 38.096 40.089 40.088 40.423 39.755 40.356] )
Neighs (x-coords) of 630 =  [1726 3461 1725 2680 1112] ( [56.884 56.579 56.934 55.782 59.291] )
Neighs (x-coords) of 631 =  [1723  996 3010  796 1439 1046 1945 3037  358 1722 2610 3378] ( [49.988 48.377 47.869 47.266 47.767 49.933 51.49  49.257 49.739 48.527 50.704 49.111] )
Neighs (x-coords) of 632 =  [  45 1719 3575 2874 2878 3583  333  241 2931 2932 1720  379] ( [46.677 47.837 46.226 47.648 45.623 47.24  48.364 49.258 49.977 48.549 49.221 49.381] )
Neighs (x-coords) of 633 =  [1732  395 2408 3393  725 3392 1717] ( [42.228 41.996 41.054 41.706 44.538 43.035 42.925] )
Neighs (x-coords) of 634 =  [2934 1787 1788 1495 3057  432 2344  233 2961 2508] ( [56.854 54.381 54.401 54.291 55.697 56.393 56.399 55.889 56.689 56.498] )
Neighs (x-coords) of 635 =  [1751 1888 1735  663 1131 1981 2319 2984] ( [55.517 53.062 55.066 57.376 54.694 56.875 54.713 56.887] )
Neighs (x-coords) of 636 =  [ 454 1745 2756] ( [64.144 66.345 64.108] )
Neighs (x-coords) of 637 =  [1742 1649  574 1743 1892 2543  460 2546 2180 2454] ( [58.732 55.568 55.318 57.442 55.512 59.148 58.203 59.104 57.601 59.541] )
Neighs (x-coords) of 638 =  [ 872 1739 1740 1705  329 2656 2730] ( [52.179 54.495 53.966 51.409 53.766 54.298 56.416] )
Neighs (x-coords) of 639 =  [ 412  476 1736 1737 2326 2325 2727 2059 3320 2036  517] ( [46.737 45.507 47.689 48.289 45.466 45.381 48.354 48.471 46.283 47.81  48.541] )
Neighs (x-coords) of 640 =  [1792 1858 3587   54  508] ( [64.681 65.513 63.835 63.295 63.563] )
Neighs (x-coords) of 641 =  [ 295 2795 3035 3302 1845 1846  706] ( [54.847 55.402 57.062 54.798 56.817 55.702 56.873] )
Neighs (x-coords) of 642 =  [  38 1842 1843  814 1267  119  868 1671 1672 1994] ( [60.258 58.271 58.469 55.855 56.439 56.88  56.698 55.842 56.506 59.241] )
Neighs (x-coords) of 643 =  [1839 2127   89 3295 3267 1840 2994  153] ( [43.114 45.23  41.103 41.598 43.962 44.358 44.464 43.263] )
Neighs (x-coords) of 644 =  [1836 1837 1630 2823 2187  266 2686 1339  294 2798 2824] ( [55.931 56.488 53.512 54.081 54.403 54.348 55.649 57.281 56.437 56.493 54.578] )
Neighs (x-coords) of 645 =  [1156 2733 2750  830 2128  610 1834 1931 1833 2129  835 1374  968 1428] ( [47.135 46.984 46.334 45.391 44.94  46.121 47.812 46.197 47.102 45.949 49.07  48.981 49.197 49.777] )
Neighs (x-coords) of 646 =  [1847 1848  698 1361 2510 2511] ( [38.314 37.9   36.119 36.773 39.644 40.388] )
Neighs (x-coords) of 647 =  [1748 1749 3137  930 2807 3507 3136  754 1922  595] ( [54.705 56.127 54.495 52.574 53.67  53.021 55.838 55.208 56.008 55.358] )
Neighs (x-coords) of 648 =  [ 773 1600 3042 2012  234 1772 2758 2959 2967  653 1961 1773] ( [52.653 52.069 53.451 51.286 50.162 50.975 49.651 51.121 49.829 50.187 49.892 51.849] )
Neighs (x-coords) of 649 =  [ 216 1755 1770 3264 3535  470 2556 3120   30] ( [42.63  42.639 43.899 42.859 45.418 41.576 42.855 43.173 45.686] )
Neighs (x-coords) of 650 =  [1757 1758 3094 1078 3308 3345  920  622 3557  752 3141] ( [38.213 38.144 36.717 35.945 37.49  38.976 37.082 39.74  40.828 40.389 39.815] )
Neighs (x-coords) of 651 =  [1986 2013  653 1961 1962 3339 2328  275 1773 2839] ( [52.76  51.772 50.187 49.892 50.293 50.923 51.012 53.377 51.849 52.644] )
Neighs (x-coords) of 652 =  [1985 2155  194 2760 3459  310 2747 1001 1974] ( [47.756 45.584 46.638 48.306 46.386 46.415 46.909 46.112 48.795] )
Neighs (x-coords) of 653 =  [1961 1962  514 1081 2030 2036 2039 1772  648 1773 2839  651] ( [49.892 50.293 47.747 48.321 47.706 47.81  47.689 50.975 51.685 51.849 52.644 52.387] )
Neighs (x-coords) of 654 =  [1959 1960  183 2796  579 2000 3493 1999  295 2795] ( [52.907 54.342 51.335 54.484 54.467 53.762 51.873 55.271 54.847 55.402] )
Neighs (x-coords) of 655 =  [1957 1958  606 1874 3318  757] ( [65.763 66.606 65.279 65.854 63.841 66.093] )
Neighs (x-coords) of 656 =  [1078 1955 1956 3562  558 2081 1095 3098 3597  920] ( [35.945 34.442 35.679 35.019 33.895 34.644 36.283 36.302 36.392 37.082] )
Neighs (x-coords) of 657 =  [ 412 1736 2445 1954 2444 1081 2036 2039  592  857 1694 2014 1695] ( [46.737 47.689 47.227 48.024 46.34  48.321 47.81  47.689 50.512 50.653 49.776 49.81  50.905] )
Neighs (x-coords) of 658 =  [1951 1952 2614 2617 1073 3483  841 1369] ( [32.691 33.142 33.279 31.804 32.408 33.415 34.835 35.233] )
Neighs (x-coords) of 659 =  [1949 1950 3137  697 2472 2836 1446  687 1428 2167  747 2332 1550] ( [52.055 53.065 54.495 50.282 51.387 50.957 50.104 51.384 49.777 53.146 54.091 54.165 53.974] )
Neighs (x-coords) of 660 =  [1454 2663  338 1963 2489 1452 1948] ( [61.435 60.595 60.741 62.646 62.251 60.812 63.801] )
Neighs (x-coords) of 661 =  [1468 2960  371 1057 1964 1965] ( [56.948 55.97  57.155 56.557 57.561 56.465] )
Neighs (x-coords) of 662 =  [1982 3073  126 3012 1966  962 3209 3236 1022] ( [49.365 49.021 47.757 46.998 47.963 46.581 46.632 47.087 50.306] )
Neighs (x-coords) of 663 =  [1131 1981 2797 1735  635 1751 3189] ( [54.694 56.875 55.322 55.066 55.733 55.517 59.206] )
Neighs (x-coords) of 664 =  [1978 3328  369 2645 3396  467 2201   70] ( [63.004 62.79  60.128 60.128 62.157 61.195 61.191 62.665] )
Neighs (x-coords) of 665 =  [1976 1977 1932  610 1833] ( [46.301 47.378 45.331 46.121 47.102] )
Neighs (x-coords) of 666 =  [   3 2691 1975 1983 3563 1437  795] ( [37.891 37.382 37.977 39.37  37.891 40.322 40.971] )
Neighs (x-coords) of 667 =  [1972 1973  572 1896 1338  456 2192 1153 1423] ( [37.993 37.515 35.824 35.76  37.946 36.796 37.563 37.223 37.666] )
Neighs (x-coords) of 668 =  [1970 2854  986 1009  365 2374 2381] ( [65.267 63.801 63.104 64.574 65.094 65.828 64.334] )
Neighs (x-coords) of 669 =  [1968 1969 2719  727 1581 1583  549  286 2780  724 2915] ( [34.068 35.331 32.856 32.503 32.913 32.052 34.273 34.655 34.119 34.138 35.146] )
Neighs (x-coords) of 670 =  [1967   97 3312 3313 2919 2313   26 1870 3353] ( [38.38  38.762 38.743 38.989 39.067 41.195 41.702 39.405 40.961] )
Neighs (x-coords) of 671 =  [1868 3558 1869] ( [64.073 65.818 63.217] )
Neighs (x-coords) of 672 =  [1791 1282  744 3203 1279 1273  886 2581 1553  347 2589  884 1333 1769  142 2971] ( [43.79  42.121 41.817 41.939 43.44  45.048 42.782 43.98  43.461 43.042 43.035 44.61  43.948 44.066 46.388 46.134] )
Neighs (x-coords) of 673 =  [1767  339 1766 3442 3307] ( [48.892 51.057 49.54  50.61  51.185] )
Neighs (x-coords) of 674 =  [ 561 1764 2092 3222 2177 1763 2424  405 3179  738  970] ( [39.379 36.789 39.182 36.229 35.763 36.065 35.345 35.956 38.645 38.303 37.004] )
Neighs (x-coords) of 675 =  [ 174 1761  805 2968 3080 3183 1760  516 2043  541] ( [64.031 63.901 62.134 62.84  63.144 61.841 63.859 65.165 64.528 65.39 ] )
Neighs (x-coords) of 676 =  [2165 2166  572 1896  164 3219] ( [36.608 38.017 35.824 35.76  36.513 37.459] )
Neighs (x-coords) of 677 =  [3157  750 3167 3165  733] ( [58.818 59.263 60.067 59.075 61.57 ] )
Neighs (x-coords) of 678 =  [ 189 3516 3272  276 2835 1343 2162] ( [46.3   46.939 46.925 50.067 49.518 50.873 48.491] )
Neighs (x-coords) of 679 =  [1663 2138 2139 2896 2346 2929  238 2171 2343 2019  588] ( [35.991 34.184 34.561 33.157 32.956 32.93  32.671 35.729 34.394 36.71  37.083] )
Neighs (x-coords) of 680 =  [1269 1551  953] ( [61.204 63.477 65.655] )
Neighs (x-coords) of 681 =  [ 442 1247 2356 2357  316 1543  254 2896  127 3017 2710  943 1488] ( [35.53  34.124 36.    34.709 33.199 33.065 33.244 33.157 32.132 33.035 34.15  33.487 36.153] )
Neighs (x-coords) of 682 =  [ 351 1527 2591 1475 1611 1531  938 1615 1024 2168 1864 2164  745] ( [49.445 51.399 49.873 49.541 48.817 51.473 49.298 49.928 53.606 53.494 52.362 53.569 51.679] )
Neighs (x-coords) of 683 =  [1564 1582  736 3055 3184 3347   22 3355 2334] ( [36.557 37.593 39.068 36.58  38.161 37.822 37.167 37.377 39.598] )
Neighs (x-coords) of 684 =  [ 612 1483 1487  195 1928  891 1299 1300  812 1259] ( [59.005 60.079 58.657 57.431 58.547 58.121 58.463 57.97  60.215 60.092] )
Neighs (x-coords) of 685 =  [1464 1473   66 3386  791] ( [52.889 52.352 50.149 50.101 53.767] )
Neighs (x-coords) of 686 =  [ 880  895 1504 1506 1625 1317 3167 3168 3157 2763] ( [58.17  58.229 59.31  58.074 57.559 58.1   60.067 58.662 58.818 61.003] )
Neighs (x-coords) of 687 =  [ 835 1374 1375 1555 2461  425 2472 1428  659 1949 1950 1550 1675] ( [49.07  48.981 49.368 51.167 49.935 50.568 51.387 49.777 52.194 52.055 53.065 53.974 51.715] )
Neighs (x-coords) of 688 =  [1658 2536  122 1662 3022 2084  392 2703  284 2925 1099 2922 2704 1056 2640] ( [53.258 53.607 53.576 53.686 54.034 54.15  54.479 56.003 56.492 56.105 55.47  55.07  55.951 55.793 54.703] )
Neighs (x-coords) of 689 =  [ 301 2748 2740 1693 1102 1249 1420 1701] ( [52.942 52.684 52.106 54.858 56.052 56.714 55.233 54.929] )
Neighs (x-coords) of 690 =  [1597 1606 2217 2822 1879  461 2197] ( [37.901 37.579 36.183 38.96  38.119 39.858 39.765] )
Neighs (x-coords) of 691 =  [  28 1548 2931 1549 2567 1658 2536   79  392 2537 2640] ( [51.755 52.675 49.977 52.096 54.521 53.258 53.607 52.997 54.479 52.283 54.703] )
Neighs (x-coords) of 692 =  [1304   15 1510 1643 1122] ( [67.036 66.121 68.695 67.485 68.317] )
Neighs (x-coords) of 693 =  [1277 1319  178  815 1276] ( [59.773 59.608 60.536 60.47  60.173] )
Neighs (x-coords) of 694 =  [1052 1233 1279  402 1273 2471 1791  283 1328 2878 1719 2971] ( [48.001 46.466 43.44  44.064 45.048 44.588 43.79  45.911 47.225 45.623 47.837 46.134] )
Neighs (x-coords) of 695 =  [ 330 1262 2653 2668 1113 2707 1066 1250 1298 2928 1998] ( [47.008 46.75  47.216 46.237 45.742 46.653 46.33  47.899 46.911 45.637 48.974] )
Neighs (x-coords) of 696 =  [ 599 1407 1419 1914 2257  604 3204 1915  744 3147 3203 1111 3130] ( [40.999 40.794 40.216 41.502 39.267 39.313 40.94  41.274 41.817 42.277 41.939 41.906 41.357] )
Neighs (x-coords) of 697 =  [1453 2472  499 2230 2231 1446 2461 1402] ( [50.58  51.387 50.246 49.56  51.053 50.104 49.935 51.903] )
Neighs (x-coords) of 698 =  [1429 3134 1361  646] ( [35.287 35.713 36.773 37.699] )
Neighs (x-coords) of 699 =  [  86  148  926 3301  190 3300 1344] ( [47.152 48.091 45.599 48.017 44.902 46.877 46.557] )
Neighs (x-coords) of 700 =  [1378 1379 2959  935  932 2378 2393  296 2793 1232 1132 2778  116] ( [50.709 50.387 51.121 49.471 50.746 50.746 49.229 50.273 49.35  52.129 53.123 52.655 53.002] )
Neighs (x-coords) of 701 =  [1370 3354 1925   26   71  451 2555 1926 2314 2430  457 1608 2556] ( [43.789 42.477 41.163 41.702 42.183 41.988 41.404 42.491 42.518 44.616 45.339 42.881 42.855] )
Neighs (x-coords) of 702 =  [1409 1894 2973 3238  340 2853 2852  372 2764  959 3079 1353 2957 2975] ( [62.808 61.083 61.437 63.484 62.418 62.291 62.822 63.49  62.279 64.162 64.523 64.323 64.434 66.077] )
Neighs (x-coords) of 703 =  [1237 1335 3170 3187 1084 2495 2498  427 2397 1698] ( [40.898 42.069 42.413 41.126 40.747 40.719 39.906 39.922 40.84  42.114] )
Neighs (x-coords) of 704 =  [1288 2325 3346  553 2073    2 3601  908 1280] ( [43.59  45.381 42.033 40.888 41.316 43.794 42.872 42.997 44.159] )
Neighs (x-coords) of 705 =  [1628 1668  831 1683 2810 1350] ( [49.118 50.911 48.401 47.662 48.344 49.027] )
Neighs (x-coords) of 706 =  [1546  641 1845 1846 2109 1544  823] ( [56.649 56.442 56.817 55.702 58.206 57.828 58.54 ] )
Neighs (x-coords) of 707 =  [1537 1538 3037  940  123 3019 1501 2360 2394 2080] ( [50.419 51.112 49.257 48.068 49.751 49.168 48.505 51.515 48.892 52.167] )
Neighs (x-coords) of 708 =  [1509  137 2981  803 1360 1714 2547   75] ( [44.167 44.185 44.482 43.132 43.753 44.997 46.03  46.663] )
Neighs (x-coords) of 709 =  [1513 1514 1621  922 3178  553 2073 3102] ( [40.067 39.962 38.959 41.973 42.114 40.888 41.316 42.734] )
Neighs (x-coords) of 710 =  [ 161 1517 1518 3266 2112  822 2527 3229  176 2598] ( [56.127 56.056 57.031 55.418 56.944 56.304 54.762 56.642 59.718 58.303] )
Neighs (x-coords) of 711 =  [1493 1521 1264   71 3393  451 2555  403 2305] ( [39.727 40.111 38.361 42.183 41.706 41.988 41.404 41.301 40.921] )
Neighs (x-coords) of 712 =  [ 128 1491 2683 3237   46  333 2203 2684 1490 2741 3569  389] ( [50.912 48.825 48.633 51.394 48.099 48.364 46.568 47.649 48.842 51.446 48.869 50.423] )
Neighs (x-coords) of 713 =  [1466 1467 1728 3141  433   73  383 2515  864 1656] ( [40.089 41.562 38.4   39.815 41.536 40.088 41.6   41.181 40.423 41.149] )
Neighs (x-coords) of 714 =  [1469 1470 1005 1438  293 2801 2689 2520 3567 2808 2665 1807] ( [50.997 50.355 48.054 48.445 51.138 50.588 50.375 50.596 51.708 51.949 52.532 51.718] )
Neighs (x-coords) of 715 =  [1472 1292 1527 2524 2525 1475] ( [49.713 47.295 51.399 48.634 50.136 49.541] )
Neighs (x-coords) of 716 =  [1477 1478 2438 2606 2634 2539] ( [69.67  69.359 66.567 67.995 68.011 67.719] )
Neighs (x-coords) of 717 =  [2577  784 1410 1390 2751  470 2305 1480 1481 2699] ( [42.105 37.926 37.743 39.269 39.285 41.576 40.921 40.119 39.76  40.221] )
Neighs (x-coords) of 718 =  [1485 1486 3496 1404  229 3152 3347  629 1729   22] ( [36.587 37.977 37.07  35.203 35.131 35.506 37.822 38.254 37.312 37.167] )
Neighs (x-coords) of 719 =  [1554 1825  196 1541 1631 2569 1002 1314 1636  566 1850  360] ( [55.709 57.345 52.742 54.201 53.816 53.38  53.503 53.745 52.645 55.52  55.78  55.685] )
Neighs (x-coords) of 720 =  [1489 1795 1247 2356 1488  133 3033 2019] ( [37.603 38.702 34.124 36.    36.153 37.08  36.46  36.71 ] )
Neighs (x-coords) of 721 =  [1560 2002  988 2886 2883 1561 2293 2154 1066 2928 1301  498] ( [44.675 41.565 43.52  44.104 43.928 43.559 45.026 44.633 46.33  45.637 46.068 45.794] )
Neighs (x-coords) of 722 =  [1563 2900  100 3407 1562  739 3177 1461 3337 3338] ( [36.813 38.763 35.241 35.103 36.355 38.052 38.505 37.491 37.929 36.553] )
Neighs (x-coords) of 723 =  [ 944 1566 1568 3070 3570  835 1375  824 2107 3073 3490  185] ( [48.538 50.691 50.845 48.809 50.897 49.07  49.368 51.049 51.157 49.021 52.595 53.054] )
Neighs (x-coords) of 724 =  [1570 1572 3029  727 1581 1583  129 2780  669 1968  250] ( [34.553 33.376 35.408 32.503 32.913 32.052 35.102 34.119 34.51  34.068 35.319] )
Neighs (x-coords) of 725 =  [1574 3392  633 1732 1717 3571 1575 2816 3577  353 2636] ( [44.758 43.035 42.054 42.228 42.925 44.163 44.817 43.37  46.643 46.949 46.959] )
Neighs (x-coords) of 726 =  [ 456 2192 1972 1578  585 2002 1579 1528 2003] ( [36.796 37.563 37.993 38.767 40.877 41.565 39.508 39.815 40.887] )
Neighs (x-coords) of 727 =  [1581 1583  669 1968  724 1570 1572] ( [32.913 32.052 34.51  34.068 34.138 34.553 33.376] )
Neighs (x-coords) of 728 =  [1585 2093 2784  939 3491 2938 2091  855 1089 1557 1687] ( [58.401 60.344 59.901 55.439 56.153 58.049 59.852 59.111 60.062 57.899 59.953] )
Neighs (x-coords) of 729 =  [1314 3164 2432 2421 1526  410  849 1603 1539] ( [53.745 49.47  49.421 50.471 51.321 50.022 53.115 53.739 52.31 ] )
Neighs (x-coords) of 730 =  [1529 1530  272 1069 1462 1623 2830  389 2619 3240] ( [47.656 47.941 45.378 47.016 47.885 46.998 45.959 50.423 50.055 49.489] )
Neighs (x-coords) of 731 =  [ 107 1532 1534 3415 3426  399 2479 1065 3475  559 2096 2097 2603] ( [59.226 59.666 58.194 58.538 60.04  58.919 58.14  58.612 58.188 58.609 58.611 59.474 61.157] )
Neighs (x-coords) of 732 =  [1523 1079 1253 1525] ( [58.481 57.091 56.449 57.205] )
Neighs (x-coords) of 733 =  [ 790 1498  677 3157  228 3165  448 1508 3399   54 2532 3588 1505] ( [63.249 62.342 59.155 58.818 60.166 59.075 62.006 62.228 61.537 63.295 60.754 62.547 60.791] )
Neighs (x-coords) of 734 =  [1573 1449 1130 1711 1463 3269  786] ( [66.114 66.617 64.676 64.394 67.042 67.513 67.512] )
Neighs (x-coords) of 735 =  [ 219 1536 1571 3111] ( [42.694 44.732 43.718 43.367] )
Neighs (x-coords) of 736 =  [ 231 1879 3056 1606 3055 3184  683 2950 3344  461 2197 2334 2913 3128] ( [39.03  38.119 36.135 37.579 36.58  38.161 37.44  39.732 40.96  39.858 39.765 39.598 40.153 41.684] )
Neighs (x-coords) of 737 =  [ 900 1616 1645 1989 1642 3181 3182  144 3244 2110  556] ( [36.11  33.785 35.591 35.485 35.748 36.153 35.273 37.755 37.652 38.003 37.486] )
Neighs (x-coords) of 738 =  [ 970 3226 3222 1763 1103 2805 3179 3180  561  674 1764] ( [37.004 37.153 36.229 36.065 37.304 36.836 38.645 38.51  39.379 36.816 36.789] )
Neighs (x-coords) of 739 =  [3177 3185  100 1562 1390  894 1461 3337  722] ( [38.505 38.76  35.241 36.355 39.269 38.374 37.491 37.929 36.745] )
Neighs (x-coords) of 740 =  [  91 3173 3174 2868  278 2831 1076] ( [51.641 53.307 52.153 51.335 51.901 52.46  51.967] )
Neighs (x-coords) of 741 =  [3171 3172 1795 2431 2608] ( [40.667 39.884 38.702 38.39  42.194] )
Neighs (x-coords) of 742 =  [3176 1732 2428 3169 3571] ( [43.185 42.228 41.916 41.746 44.163] )
Neighs (x-coords) of 743 =  [3188 3196  384  793 2550 1367 1399] ( [40.995 40.789 38.965 41.805 39.686 41.548 42.548] )
Neighs (x-coords) of 744 =  [3147 3203 2257 1545 3204 1915  696 1419  672 1791  761 1553] ( [42.277 41.939 39.267 41.953 40.94  41.274 40.844 40.216 44.009 43.79  42.701 43.461] )
Neighs (x-coords) of 745 =  [3200  682  938 1615 3201  565 1864] ( [51.841 51.402 49.298 49.928 51.01  52.694 52.362] )
Neighs (x-coords) of 746 =  [3198 3205 3431 1035 3322 2672 3478] ( [31.167 32.449 30.267 32.165 31.525 31.469 33.898] )
Neighs (x-coords) of 747 =  [1402 2332 3193 2167 2435  659 1950 3137 2500 3192  760 2434 1671] ( [51.903 54.165 54.    53.146 53.46  52.194 53.065 54.495 55.631 55.012 54.695 54.842 55.842] )
Neighs (x-coords) of 748 =  [3068 3195 2567  392 2640 1021 2560 2631 3197 1155] ( [56.241 57.575 54.521 54.479 54.703 54.964 54.574 55.025 57.052 58.536] )
Neighs (x-coords) of 749 =  [ 136 2985 3190 1380 2984 3189] ( [57.683 58.147 59.475 57.327 56.887 59.206] )
Neighs (x-coords) of 750 =  [3167 3168 1816  217 3116  677  496] ( [60.067 58.662 59.789 59.636 60.237 59.155 60.669] )
Neighs (x-coords) of 751 =  [ 925 1320 2478 3144 2458  449    6 2459 3446 1620 3156 1322] ( [33.992 36.269 34.526 34.492 32.197 31.906 32.315 31.543 32.411 34.266 34.487 36.538] )
Neighs (x-coords) of 752 =  [3141 3142 3345  650 1758 2765 1050 3555 3557 1466  383] ( [39.815 40.659 38.976 38.747 38.144 38.362 41.3   41.173 40.828 40.089 41.6  ] )
Neighs (x-coords) of 753 =  [1940 3139 3140  607 1939 3460] ( [57.615 58.387 59.629 56.716 56.289 58.067] )
Neighs (x-coords) of 754 =  [ 868 1671 1672 1922 2332 1950 3137 2807 2434 3136  595  647] ( [56.698 55.842 56.506 56.008 54.165 53.065 54.495 53.67  54.842 55.838 55.358 55.234] )
Neighs (x-coords) of 755 =  [3133 3134 1620 3156  960 1294] ( [34.754 35.713 34.266 34.487 34.455 35.202] )
Neighs (x-coords) of 756 =  [3131 3132 1110 2677 1150 3199 3202] ( [62.53  61.109 62.356 62.239 62.369 63.085 61.637] )
Neighs (x-coords) of 757 =  [1499 2175 3145  790 1004  655 1958 1858 3587] ( [63.779 66.507 65.307 63.249 65.786 66.467 66.606 65.513 63.835] )
Neighs (x-coords) of 758 =  [3164 3307  437 2352 2117 3442 3148 3327 1526   93] ( [49.47  51.185 46.741 47.327 48.574 50.61  49.271 50.256 51.321 51.763] )
Neighs (x-coords) of 759 =  [ 482 1553 2246 1292  142 2971 3162 3163 1626 2160] ( [44.1   43.461 44.231 47.295 46.388 46.134 45.674 46.55  47.096 46.38 ] )
Neighs (x-coords) of 760 =  [1877 1878 1934  747 1402 2332 3193 1057  814 1266 2287] ( [53.106 54.44  52.242 54.091 51.903 54.165 54.    56.557 55.855 55.485 56.436] )
Neighs (x-coords) of 761 =  [ 482 1553 2246  297 2782 1545 3204 1915  744  157 3279] ( [44.1   43.461 44.231 41.486 41.665 41.953 40.94  41.274 41.817 44.069 43.377] )
Neighs (x-coords) of 762 =  [1387 2171 2820  254 2896  244 2892 2929  865 1389 1660 1661  533 2170] ( [33.578 35.729 33.122 33.244 33.157 31.409 32.099 32.93  35.619 34.854 35.049 36.284 36.416 36.604] )
Neighs (x-coords) of 763 =  [1053 2276  567  948 1354 1358 2366  165  269 3215  563 2100] ( [29.867 29.849 30.434 32.63  32.256 32.024 32.766 32.711 30.505 33.187 34.878 34.432] )
Neighs (x-coords) of 764 =  [1577 1586 1920 1921  248 2920  596  519 2054 2921] ( [67.608 69.11  69.569 68.066 66.621 66.286 68.838 68.068 68.266 67.425] )
Neighs (x-coords) of 765 =  [1524 1558   19] ( [41.057 42.394 43.446] )
Neighs (x-coords) of 766 =  [1346 1474 2682 3304 1465 1918 2057  898 1637 1916 1101 1638] ( [41.971 40.475 40.724 38.766 39.26  38.096 37.78  38.981 38.814 38.405 40.291 39.941] )
Neighs (x-coords) of 767 =  [1515 1519  404 2426 2598  559 2097 1072 2609 2632 2646  141 1082 3530 3533] ( [59.981 59.366 56.829 56.626 58.303 58.609 59.474 58.576 59.001 57.825 59.271 59.283 59.784 58.937 60.432] )
Neighs (x-coords) of 768 =  [ 940 1241 2636 3469 1496 3504 2371 1438 1501 1542] ( [48.068 45.762 46.959 47.036 48.217 46.165 47.385 48.445 48.505 50.271] )
Neighs (x-coords) of 769 =  [1350 1673 3401 1628 1668  963 3023  215] ( [49.027 50.378 50.178 49.118 50.911 52.779 52.73  52.491] )
Neighs (x-coords) of 770 =  [ 202 2998 2169 1255 3468 1657 1712 2863 2864 1146] ( [59.372 59.862 56.927 59.989 60.417 58.659 59.831 57.835 58.547 62.036] )
Neighs (x-coords) of 771 =  [1282 1703  205 3027 3047 2510 1692 3081 2997] ( [42.121 40.166 38.103 37.986 38.507 39.644 40.592 39.934 41.432] )
Neighs (x-coords) of 772 =  [1614  511  303] ( [33.33  35.211 35.016] )
Neighs (x-coords) of 773 =  [ 648  993 1596 1600 3042 3223 1772 2959 2310  162  431 2347 3224] ( [51.685 54.385 53.496 52.069 53.451 51.215 50.975 51.121 52.36  51.765 53.353 53.977 52.664] )
Neighs (x-coords) of 774 =  [1649 1644 2568 2831 1420] ( [55.568 54.24  52.816 52.46  55.233] )
Neighs (x-coords) of 775 =  [3220 3221 1346 2682  163 3114 2103 1366  803 1359] ( [41.455 42.243 41.971 40.724 41.774 40.498 42.874 43.262 43.132 42.539] )
Neighs (x-coords) of 776 =  [1624 1626 1334  142  333 2684 2972 3143  351 2600 1611 1615  143 3239] ( [48.338 47.096 45.449 46.388 48.364 47.649 45.998 46.405 49.445 48.534 48.817 49.928 49.755 49.535] )
Neighs (x-coords) of 777 =  [1281 1332 1884 3133  615  960 1294 2626  386] ( [35.617 34.345 35.974 34.754 35.544 34.455 35.202 37.228 37.529] )
Neighs (x-coords) of 778 =  [ 202 2998 1013  782 1255 1256 1657 1323 1324 1459 2996 1930  235 2955] ( [59.372 59.862 57.54  60.292 59.989 59.516 58.659 58.11  59.089 58.782 58.633 59.184 61.37  60.796] )
Neighs (x-coords) of 779 =  [1306  376 3270 1020 3447 3549  973 1315] ( [58.264 55.354 57.276 57.587 57.829 58.353 57.686 58.47 ] )
Neighs (x-coords) of 780 =  [1238 1249 1236 1701 3071 1492 2181] ( [58.014 56.714 57.    54.929 55.959 57.312 58.732] )
Neighs (x-coords) of 781 =  [1270 1706 3277 1272 2655  329  345 2587 2586 1043 3299] ( [53.72  51.855 52.356 53.614 53.218 53.766 55.844 55.052 55.954 54.938 54.662] )
Neighs (x-coords) of 782 =  [1255 3468 1256  778 1324 1016   39  805 1415 1715 2955] ( [59.989 60.417 59.516 58.63  59.089 60.62  60.941 62.134 61.386 61.01  60.796] )
Neighs (x-coords) of 783 =  [1398 1421  361 2384 2385   76 2544   12 3546] ( [35.803 35.556 34.724 35.543 34.973 37.394 38.241 37.718 37.895] )
Neighs (x-coords) of 784 =  [1410 1412 1764 2092 1251 1480 1481] ( [37.743 37.414 36.789 39.182 37.102 40.119 39.76 ] )
Neighs (x-coords) of 785 =  [1430  450 2146 2455] ( [65.631 62.649 63.414 62.694] )
Neighs (x-coords) of 786 =  [3343 3424  734 1449 1784 3417  103  325] ( [67.975 66.854 66.246 66.617 65.794 68.064 67.731 69.106] )
Neighs (x-coords) of 787 =  [1363 1435 3448  113 3423  890 1296] ( [44.913 45.234 42.896 44.037 44.582 45.083 44.981] )
Neighs (x-coords) of 788 =  [ 836 1293 1377 1380 1735  116 3455 3456 1297 3374] ( [57.436 54.688 57.04  57.327 55.066 53.002 52.863 53.358 54.74  57.258] )
Neighs (x-coords) of 789 =  [1503] ( [66.464] )
Neighs (x-coords) of 790 =  [ 733 1498   69 3398   95 1088 1261 1508 3399   54 3588  757 1499 3145] ( [61.57  62.342 62.338 62.781 63.151 62.679 61.742 62.228 61.537 63.295 62.547 66.093 63.779 65.307] )
Neighs (x-coords) of 791 =  [1494 1495  685] ( [52.862 54.291 52.3  ] )
Neighs (x-coords) of 792 =  [1362 1260 1364] ( [63.579 61.125 63.472] )
Neighs (x-coords) of 793 =  [1638 2550 2350 1367  743 3188  436 1399 2351] ( [39.941 39.686 42.042 41.548 41.092 40.995 42.476 42.548 42.807] )
Neighs (x-coords) of 794 =  [1432 1434 3430   88 3431  375 2496 2841  214 1827 3125] ( [32.055 32.157 29.869 29.761 30.267 32.293 32.571 33.514 33.977 34.787 33.994] )
Neighs (x-coords) of 795 =  [1382 1436  666 1983] ( [39.959 41.636 38.456 39.37 ] )
Neighs (x-coords) of 796 =  [1441 3294 2174   30 3543 1890  532 1439 2173  575 1722] ( [46.526 45.974 44.884 45.686 45.761 48.134 45.55  47.767 45.96  47.985 48.527] )
Neighs (x-coords) of 797 =  [1092 1444 2098 3281 2650] ( [52.494 53.141 51.745 54.031 53.243] )
Neighs (x-coords) of 798 =  [1448] ( [67.352] )
Neighs (x-coords) of 799 =  [ 523 2046  911 2663 3110 3113 1454] ( [59.986 60.451 58.138 60.595 58.491 58.136 61.435] )
Neighs (x-coords) of 800 =  [1456 2534 3084  184 2533 3243 1139 1457 3085 3278 2477] ( [53.56  52.417 51.26  51.341 52.529 54.217 53.709 54.226 51.621 53.36  54.653] )
Neighs (x-coords) of 801 =  [1459 2573 2996  432 1431 2344 2345  202 1323] ( [58.782 60.202 58.633 56.393 57.276 56.399 57.197 59.372 58.11 ] )
Neighs (x-coords) of 802 =  [   0 1403 2231  618 1877 1934 1402] ( [49.805 51.333 51.053 53.52  53.106 52.242 51.903] )
Neighs (x-coords) of 803 =  [1359 1360  775  218 3114  137 2282  708 1509] ( [42.539 43.753 42.318 40.968 40.498 44.185 44.934 44.797 44.167] )
Neighs (x-coords) of 804 =  [1406 2252 3179 2251 2184 1405] ( [40.893 38.803 38.645 39.129 40.69  41.11 ] )
Neighs (x-coords) of 805 =  [1414 1415 1715  782 1256  235 2955 2956 2043] ( [62.763 61.386 61.01  60.292 59.516 61.37  60.796 61.282 64.528] )
Neighs (x-coords) of 806 =  [1417 3555 2158] ( [43.649 41.173 42.147] )
Neighs (x-coords) of 807 =  [1082 1422 3530 3533  404 2681 2688 1519 1337] ( [59.784 58.143 58.937 60.432 56.829 56.678 56.253 59.366 58.805] )
Neighs (x-coords) of 808 =  [1027 1373 1511  257 2947 1425] ( [53.684 54.397 53.057 52.241 52.678 55.142] )
Neighs (x-coords) of 809 =  [ 969 1312 1336 2906  998 3015 2948  602 1284 1285 1909] ( [42.56  44.097 44.502 43.205 44.02  43.333 42.587 46.415 46.037 46.464 46.014] )
Neighs (x-coords) of 810 =  [1251  303 2735 1252  100 1410   29 3337] ( [37.102 35.016 35.953 35.784 35.241 37.743 37.145 37.929] )
Neighs (x-coords) of 811 =  [1257  987 2983 2997   33 3465 1254 3187 2581  347 2589 3579   42] ( [43.136 40.893 41.436 41.432 40.731 40.482 42.374 41.126 43.98  43.042 43.035 44.425 44.321] )
Neighs (x-coords) of 812 =  [1259 2888  684 1483 1487 1260 3014] ( [60.092 59.793 59.343 60.079 58.657 61.125 61.679] )
Neighs (x-coords) of 813 =  [1264 1275  146  255 2706  874 1619 3206 2705] ( [38.361 37.185 36.143 38.51  38.276 38.113 38.658 36.99  39.47 ] )
Neighs (x-coords) of 814 =  [1266 2287 3193  378 3192  760 1267 3229  642] ( [55.485 56.436 54.    54.942 55.012 54.695 56.439 56.642 57.98 ] )
Neighs (x-coords) of 815 =  [1276  693 1277 1610] ( [60.173 59.466 59.773 60.056] )
Neighs (x-coords) of 816 =  [1146 1411 2968 3230 2998  956 3183  350 1051 1408 2031] ( [62.036 60.894 62.84  61.342 59.862 61.584 61.841 60.9   63.256 62.41  62.731] )
Neighs (x-coords) of 817 =  [1248  200 3053 3052  514 2030 1001 1274 1607 2029  850] ( [46.336 44.167 44.674 44.797 47.747 47.706 46.112 46.039 48.254 47.975 48.129] )
Neighs (x-coords) of 818 =  [1355 1114 2610 1456 3085 1356 2248 3155] ( [52.843 51.361 50.704 53.56  51.621 52.976 51.796 54.611] )
Neighs (x-coords) of 819 =  [1347 1349 1691  827 2136 2277 2887] ( [36.39  37.507 38.361 35.084 34.825 34.212 37.363] )
Neighs (x-coords) of 820 =  [ 438 2116 2368 2367  437 2353 1766 2117 3435] ( [45.974 47.453 45.522 46.091 46.741 46.875 49.54  48.574 50.295] )
Neighs (x-coords) of 821 =  [2701 1991 2114 2115 1156 2708  172 1375  944] ( [51.48  47.437 48.257 48.116 47.135 50.884 48.734 49.368 48.538] )
Neighs (x-coords) of 822 =  [2111 1625 2112  580  710 1517  895 1627  399] ( [56.043 57.559 56.944 55.626 56.995 56.056 58.229 58.398 58.919] )
Neighs (x-coords) of 823 =  [2045 2108  706  369 2644 2645 2109 1544] ( [59.778 57.739 56.873 60.128 59.535 60.128 58.206 57.828] )
Neighs (x-coords) of 824 =  [1982 2107 3073  723 1566  933 2106  882  387 2623] ( [49.365 51.157 49.021 50.842 50.691 51.306 50.605 52.211 52.951 52.252] )
Neighs (x-coords) of 825 =  [2104 2685 2682 1042 3429] ( [42.149 41.025 40.724 43.422 43.904] )
Neighs (x-coords) of 826 =  [2120 2137 2405  277 2832 2833 1641] ( [58.947 60.115 59.694 61.148 62.053 60.916 61.318] )
Neighs (x-coords) of 827 =  [2121 2136 3306 1294  881 1322 2887  260] ( [34.384 34.825 32.868 35.202 36.645 36.538 37.363 37.686] )
Neighs (x-coords) of 828 =  [1614 2134 2133  423 1650] ( [33.33  32.25  32.989 34.757 33.69 ] )
Neighs (x-coords) of 829 =  [1892 2130 2131 2476 1819 1102 1420 1701 1520  400] ( [55.512 54.558 55.678 55.193 53.268 56.052 55.233 54.929 57.489 55.453] )
Neighs (x-coords) of 830 =  [2128 3333   19 3332 2077  645 1156 2733 2750 1833] ( [44.94  43.872 43.446 43.639 44.875 47.157 47.135 46.984 46.334 47.102] )
Neighs (x-coords) of 831 =  [ 530 1351 2156 1350 3401  705] ( [46.583 47.871 47.239 49.027 50.178 48.539] )
Neighs (x-coords) of 832 =  [1321 2126 2125 2007  885  622] ( [40.652 40.501 39.134 38.983 40.932 39.74 ] )
Neighs (x-coords) of 833 =  [ 178 1716 2023 3132] ( [60.536 58.609 59.679 61.109] )
Neighs (x-coords) of 834 =  [1371 1372   60  106 3409 3463  113 3422] ( [41.535 41.311 41.997 39.878 40.672 41.539 44.037 43.61 ] )
Neighs (x-coords) of 835 =  [ 687 1374 1375 1555 2461 2114  645 1156 2733  723 1566 1568] ( [51.384 48.981 49.368 51.167 49.935 48.257 47.157 47.135 46.984 50.842 50.691 50.845] )
Neighs (x-coords) of 836 =  [ 788 1377 1380   63 1297 3374 3376 1981  207 3103 3104] ( [55.101 57.04  57.327 56.971 54.74  57.258 56.33  56.875 58.673 57.933 58.845] )
Neighs (x-coords) of 837 =  [3208  918 2431  144 3228 3244 1382   89 1383 3295] ( [37.522 38.238 38.39  37.755 38.705 37.652 39.959 41.103 39.519 41.598] )
Neighs (x-coords) of 838 =  [1385 3160   84 3159 2564 2803 1386  521] ( [59.823 58.42  57.227 57.451 56.709 58.714 59.833 58.202] )
Neighs (x-coords) of 839 =  [1391 1500 1618 1390 3185 2429  470 2304] ( [39.768 41.883 38.749 39.269 38.76  40.715 41.576 41.938] )
Neighs (x-coords) of 840 =  [1395 2034 2200 2455  396 2406 1394 3366 3367 1110 2674] ( [61.528 63.259 61.06  62.694 59.437 59.095 60.413 59.37  58.57  62.356 62.495] )
Neighs (x-coords) of 841 =  [1369  658 1951 1952 1078 3562 3545 1397 1401 1404  182 3503] ( [35.233 32.35  32.691 33.142 35.945 35.019 35.983 34.959 33.7   35.203 37.168 37.382] )
Neighs (x-coords) of 842 =  [1599 1339  544 2290 2291 1340  958 2946] ( [59.113 57.281 56.367 56.294 55.876 58.703 60.255 60.471] )
Neighs (x-coords) of 843 =  [1342  276 2836 1343  291 2806] ( [51.987 50.067 50.957 50.873 52.705 52.464] )
Neighs (x-coords) of 844 =  [1799 2122 2123  489 1798] ( [51.228 50.089 49.406 50.801 51.189] )
Neighs (x-coords) of 845 =  [1229 1231 1830 2834 2069] ( [63.84  64.666 62.055 63.442 62.024] )
Neighs (x-coords) of 846 =  [ 529 1235 1239 2859 3396   70 1026 1365 1400] ( [66.562 64.042 64.402 62.964 62.157 62.665 65.371 65.935 65.823] )
Neighs (x-coords) of 847 =  [1246  270 2816 3176 3250 1241] ( [44.697 43.29  43.37  43.185 44.934 45.762] )
Neighs (x-coords) of 848 =  [ 851 1598 1609 1610 2290 3298  842] ( [59.33  58.446 58.586 60.056 56.294 56.566 57.997] )
Neighs (x-coords) of 849 =  [ 302 1603 2736 3327 3350 1526  729 1539 1602] ( [53.983 53.739 54.276 50.256 51.358 51.321 51.598 52.31  52.781] )
Neighs (x-coords) of 850 =  [1025 3370 3373 1274 1607 2029  817 1248  380 2523 1379 1605  296 2793 1015] ( [47.085 46.505 47.144 46.039 48.254 47.975 46.335 46.336 46.658 47.492 50.387 48.672 50.273 49.35  50.688] )
Neighs (x-coords) of 851 =  [ 848 1598 1609 1610 1830] ( [58.759 58.446 58.586 60.056 62.055] )
Neighs (x-coords) of 852 =  [ 484 1851 2060 1047  546 2286 1612] ( [49.302 48.831 50.91  50.523 48.758 49.435 51.632] )
Neighs (x-coords) of 853 =  [1634 1642  937 1616 1645] ( [33.672 35.748 33.647 33.785 35.591] )
Neighs (x-coords) of 854 =  [1651 2298 2299 1652 1881  501] ( [53.108 53.427 52.799 53.187 55.116 55.656] )
Neighs (x-coords) of 855 =  [1089 1557 1687  728 2093 2784  279 1688] ( [60.062 57.899 59.953 58.275 60.344 59.901 59.966 58.702] )
Neighs (x-coords) of 856 =  [1690  386 2627  542 2257 2258 1691 3204 1915] ( [39.102 37.529 37.272 38.444 39.267 37.986 38.361 40.94  41.274] )
Neighs (x-coords) of 857 =  [ 592 1694 2012 2014  657 2679 1695 1953 2299] ( [50.512 49.776 51.286 49.81  48.439 50.292 50.905 49.381 52.799] )
Neighs (x-coords) of 858 =  [1699  997 2819 2214 2221  502 3062] ( [41.755 39.902 40.329 40.524 41.632 41.962 43.425] )
Neighs (x-coords) of 859 =  [1594 1595 2116  364 2376 2377 2375 2117] ( [49.066 48.628 47.453 46.198 46.483 46.372 50.546 48.574] )
Neighs (x-coords) of 860 =  [ 979 1507 1559 1702  537 2061   68 1700 3400  462 2213 1673] ( [46.254 46.582 46.756 47.503 46.642 45.843 49.703 48.964 49.327 49.977 49.267 50.378] )
Neighs (x-coords) of 861 =  [1708 2702  831 1123  887 2718  230 1709] ( [49.901 49.215 48.401 48.054 46.503 48.185 51.459 49.213] )
Neighs (x-coords) of 862 =  [1684 3265   52 1698 3592 1128 3254] ( [42.659 45.079 40.06  42.114 40.816 44.76  44.46 ] )
Neighs (x-coords) of 863 =  [1587 1653 2818  268  984 2975  893 1460   11 1666 3405   44 2817 3536  102] ( [69.076 68.741 66.241 66.392 66.589 66.077 68.238 67.72  67.832 68.13  67.173 69.005 67.344 69.68  70.503] )
Neighs (x-coords) of 864 =  [1101 1655 1656 2104 3304  629 1728 2341  713 1466 2685] ( [40.291 39.755 41.149 42.149 38.766 38.254 38.4   41.432 40.901 40.089 41.025] )
Neighs (x-coords) of 865 =  [1389 1660 1661 3545 1078  762 1663 1485  866 1728] ( [34.854 35.049 36.284 35.983 35.945 34.218 35.991 36.587 36.579 38.4  ] )
Neighs (x-coords) of 866 =  [  92  588 1664 2018  762 2171  865 1389 1660 1661 1663  533 2170  629 1728 1729] ( [37.931 37.083 37.457 36.368 34.218 35.729 35.619 34.854 35.049 36.284 35.991 36.416 36.604 38.254 38.4   37.312] )
Neighs (x-coords) of 867 =  [ 428 1669 1681 3371 2000 2395  593 1872  939 1099 2922 3491] ( [51.711 53.242 53.811 51.686 53.762 52.002 52.794 52.292 55.439 55.47  55.07  56.153] )
Neighs (x-coords) of 868 =  [ 754 1671 1672 1922 2332  119 3136 1091  642 1843] ( [55.208 55.842 56.506 56.008 54.165 56.88  55.838 57.32  57.98  58.469] )
Neighs (x-coords) of 869 =  [1674 1676  927 2358 2362  422  562 2088 2089 1455] ( [64.589 64.546 62.235 62.482 62.434 62.57  64.353 64.108 65.312 64.241] )
Neighs (x-coords) of 870 =  [ 477 1679 2331 3539 1680 3477] ( [57.718 60.134 58.019 60.046 58.999 59.306] )
Neighs (x-coords) of 871 =  [ 185 3489  263 2871 1588 1682  161 3266  131 3038 3046] ( [53.054 53.062 54.225 53.649 54.322 53.235 56.127 55.418 55.237 55.203 55.631] )
Neighs (x-coords) of 872 =  [ 638 1740 1705 2551 2655 1270 1706  105 3411] ( [53.71  53.966 51.409 51.454 53.218 53.72  51.855 51.567 52.425] )
Neighs (x-coords) of 873 =  [1592 2766 1591 1058 2649  972 1376] ( [61.903 61.075 60.478 61.854 62.139 61.639 61.241] )
Neighs (x-coords) of 874 =  [1619 3207  813 1264 1275 3206 1618 1271 1521] ( [38.658 35.671 37.612 38.361 37.185 36.99  38.749 38.724 40.111] )
Neighs (x-coords) of 875 =  [1647 1648 2350 3304 2447 2597  898 1638] ( [39.577 40.276 42.042 38.766 38.699 37.33  38.981 39.941] )
Neighs (x-coords) of 876 =  [1243 1946 3278 1240 2721 2882 2722] ( [55.26  53.007 53.36  54.126 53.751 56.495 54.97 ] )
Neighs (x-coords) of 877 =  [ 265 1230 1271 3185 2429 1391] ( [41.757 40.237 38.724 38.76  40.715 39.768] )
Neighs (x-coords) of 878 =  [1309 2050  530 2156 2157  902 2893 1310] ( [47.258 48.448 46.583 47.239 45.81  46.351 48.356 48.676] )
Neighs (x-coords) of 879 =  [ 210 1313 3096 1541 1002 1314 1636 1603 1539  719 1554  360] ( [56.811 54.862 56.103 54.201 53.503 53.745 52.645 53.739 52.31  54.921 55.709 55.685] )
Neighs (x-coords) of 880 =  [ 686 1504 1506 3443  946 2335 1625 2338  573 1317] ( [58.982 59.31  58.074 60.041 56.192 56.624 57.559 56.238 60.299 58.1  ] )
Neighs (x-coords) of 881 =  [ 227 1322 2557 3218 1320 3144  827 2121 2887  260 2880  883 1329] ( [39.125 36.538 39.171 36.474 36.269 34.492 35.084 34.384 37.363 37.686 38.645 36.793 36.832] )
Neighs (x-coords) of 882 =  [2692  824 2107 1022 2060  933 2106 1327 3232  315 1326 2273] ( [54.177 51.049 51.157 50.306 50.91  51.306 50.605 52.5   54.325 54.194 52.021 53.449] )
Neighs (x-coords) of 883 =  [1329 1330 1987 2095 1320  492  881 2094] ( [36.832 37.222 38.574 39.255 36.269 35.632 36.645 39.338] )
Neighs (x-coords) of 884 =  [1333 1334 1769 3147  672  957   42  239 1704 2904 2972 1626] ( [43.948 45.449 44.066 42.277 44.009 44.274 44.321 44.779 44.063 43.827 45.998 47.096] )
Neighs (x-coords) of 885 =  [  53  305 2759 3590 3591 1685 2125  941 1307  832 1321 2126] ( [42.265 40.061 39.755 42.266 42.341 38.829 39.134 39.385 41.473 39.851 40.652 40.501] )
Neighs (x-coords) of 886 =  [1034 2783  771 1282 1279 2135  672] ( [43.503 41.504 40.522 42.121 43.44  43.574 44.009] )
Neighs (x-coords) of 887 =  [ 602 1284 1285 3191 1312 1336] ( [46.415 46.037 46.464 44.366 44.097 44.502] )
Neighs (x-coords) of 888 =  [ 961 2939 1287 3359 3360   24 2941] ( [46.157 46.27  44.947 42.811 44.022 43.506 46.868] )
Neighs (x-coords) of 889 =  [1052 1233 1325 1273 2471 3154  452 3604 1292 1305 3163 1472] ( [48.001 46.466 47.937 45.048 44.588 47.517 48.164 47.658 47.295 46.467 46.55  49.713] )
Neighs (x-coords) of 890 =  [1296 1295  787 1435  979 1559  530 1351] ( [44.981 44.473 44.556 45.234 46.254 46.756 46.583 47.871] )
Neighs (x-coords) of 891 =  [1299 1300  501 2224 2678] ( [58.463 57.97  55.656 56.399 55.776] )
Neighs (x-coords) of 892 =  [1302 3105 3346 3363   10 1303 3560 3561 3321] ( [43.778 41.902 42.033 41.625 44.48  42.981 45.193 44.068 45.103] )
Neighs (x-coords) of 893 =  [ 103 1460 2041 3343 3424 1920 1921  863 1587 1653   11 3405] ( [67.731 67.72  66.021 67.975 66.854 69.569 68.066 68.001 69.076 68.741 67.832 67.173] )
Neighs (x-coords) of 894 =  [1461 1621 1562  739 3185] ( [37.491 38.959 36.355 38.052 38.76 ] )
Neighs (x-coords) of 895 =  [ 686 1504 1506 3443 1625 2112  822 2111   23 1627  399] ( [58.982 59.31  58.074 60.041 57.559 56.944 56.304 56.043 60.146 58.398 58.919] )
Neighs (x-coords) of 896 =  [1630 2823 2520  370 2695 1629  314 2696 2186 2530] ( [53.512 54.081 50.596 51.313 51.605 53.256 51.732 52.2   53.052 52.034] )
Neighs (x-coords) of 897 =  [1632  245 2909 2918 1006 3346 3363 1302 1633    2] ( [43.375 41.108 42.069 40.953 41.304 42.033 41.625 43.778 43.203 43.794] )
Neighs (x-coords) of 898 =  [2570  518 2056 2597 2057 1637  384  875 1647  766 1474 1638] ( [38.171 37.167 36.422 37.33  37.78  38.814 38.965 39.903 39.577 39.622 40.475 39.941] )
Neighs (x-coords) of 899 =  [1155 2311 2917 1291   72 3383  473  312  279 1639 1640 2889] ( [58.536 58.941 58.87  56.686 57.238 57.179 58.648 60.381 59.966 59.278 58.981 60.712] )
Neighs (x-coords) of 900 =  [ 737 1616 1645 2916  937 1634 1642 3182  918 2431 2453  144 3228 3244  411] ( [35.855 33.785 35.591 35.706 33.647 33.672 35.748 35.273 38.238 38.39  37.552 37.755 38.705 37.652 37.98 ] )
Neighs (x-coords) of 901 =  [2160 2161 2253 3150 2247 3101 1119] ( [46.38  45.828 44.051 48.333 45.981 46.627 48.554] )
Neighs (x-coords) of 902 =  [2752 2753 2893 1115 3191 3194  878  530 2156 2157] ( [46.543 46.152 48.356 44.145 44.366 43.925 47.815 46.583 47.239 45.81 ] )
Neighs (x-coords) of 903 =  [1201 1222 1223 2267 2306 1734 1161 2245 1164 1205] ( [47.358 48.154 48.16  47.091 46.49  47.62  47.151 46.477 47.749 47.076] )
Neighs (x-coords) of 904 =  [1516 3550 3551  954 1476 2861  420 2860 2011  620] ( [60.951 62.751 62.781 60.809 60.82  63.075 62.618 62.651 64.964 64.941] )
Neighs (x-coords) of 905 =  [ 581 1993 1994 3058 2499 3054 3472 2308 2767  469] ( [59.147 58.197 59.241 58.896 57.022 58.999 58.05  61.707 61.297 61.442] )
Neighs (x-coords) of 906 =  [1665 1670 2869  339] ( [53.171 51.71  51.727 51.057] )
Neighs (x-coords) of 907 =  [2465 2470 3276 1812  492 2015 3249 1080 2503 1987  590] ( [38.277 37.068 38.902 35.515 35.632 36.036 38.878 38.735 37.926 38.574 36.396] )
Neighs (x-coords) of 908 =  [1280 3065  139 2976  704 1288 3601  974 3062] ( [44.159 43.684 40.948 41.103 43.323 43.59  42.872 45.228 43.425] )
Neighs (x-coords) of 909 =  [ 584 1329 1987  492 1589 1827  590 1677  124 3018  385 2572 2628] ( [39.322 36.832 38.574 35.632 35.992 34.787 36.396 37.209 39.285 38.394 37.117 36.394 37.612] )
Neighs (x-coords) of 910 =  [2180 2454 2457 1520  919 3436  971 2899  277] ( [57.601 59.541 59.741 57.489 57.814 59.416 61.552 61.015 61.148] )
Neighs (x-coords) of 911 =  [2040 3110 3113   14 3529] ( [58.118 58.491 58.136 57.383 56.934] )
Neighs (x-coords) of 912 =  [ 956 1440 2486 3233  917 2489 1408 2755  443 2355 1948] ( [61.584 62.963 63.324 61.261 60.099 62.251 62.41  63.408 64.857 64.526 63.801] )
Neighs (x-coords) of 913 =  [ 152 1497 3250 2304 1391 1500 2815 3251] ( [44.51  43.284 44.934 41.938 39.768 41.883 42.976 43.862] )
Neighs (x-coords) of 914 =  [2391 2413 1248  380 2522] ( [47.66  47.777 46.336 46.658 46.214] )
Neighs (x-coords) of 915 =  [3121 3126  401 2252 2474 2845 3434] ( [40.621 39.367 37.761 38.803 37.818 40.416 39.922] )
Neighs (x-coords) of 916 =  [1512 1522 1436 2790] ( [44.469 43.27  41.636 42.952] )
Neighs (x-coords) of 917 =  [3097 3109 2663 2935  912  956 3233 1411 2664  338] ( [60.151 59.44  60.595 58.332 62.95  61.584 61.261 60.894 60.898 60.741] )
Neighs (x-coords) of 918 =  [2431  900 1642 2453  144 3228 3244  411 2447 2448  837 1010 3286] ( [38.39  36.11  35.748 37.552 37.755 38.705 37.652 37.98  38.699 37.211 39.742 40.401 40.258] )
Neighs (x-coords) of 919 =  [ 942 3499 1236 2131 1492 1520 2181  780 1238  910 2180 2457] ( [59.575 60.351 57.    55.678 57.312 57.489 58.732 57.836 58.014 59.274 57.601 59.741] )
Neighs (x-coords) of 920 =  [2007 3595 1095 3098  656 1956 1389 3597  650 1757 1758 3094 1804 2170] ( [38.983 37.168 36.283 36.302 35.165 35.679 34.854 36.392 38.747 38.213 38.144 36.717 38.591 36.604] )
Neighs (x-coords) of 921 =  [ 545 2289 2425 2430 2743  457 2742  300 2118] ( [43.075 43.449 44.208 44.616 45.238 45.339 44.962 45.629 46.859] )
Neighs (x-coords) of 922 =  [2825 2826 3105 3178 2073  709 1513 1514 3102] ( [41.977 41.255 41.902 42.114 41.316 40.602 40.067 39.962 42.734] )
Neighs (x-coords) of 923 =  [  14 3529 1468 1471  551] ( [57.383 56.934 56.948 56.578 58.189] )
Neighs (x-coords) of 924 =  [2089  623 1785 2414 2417  967 2954 2978  204  342] ( [65.312 65.82  65.203 64.963 66.417 64.283 64.183 66.229 65.859 68.044] )
Neighs (x-coords) of 925 =  [ 751 1320 2478 3144 2559 3446  274 2482  164] ( [34.155 36.269 34.526 34.492 32.616 32.411 34.1   33.607 36.513] )
Neighs (x-coords) of 926 =  [ 148  699 1654  190 3513 3515 3186 2652 1392] ( [48.091 47.088 45.078 44.902 44.243 45.423 43.452 46.932 46.825] )
Neighs (x-coords) of 927 =  [ 108 2358 2362   23 3361 2697 3258 3427  562 2088  869] ( [60.978 62.482 62.434 60.146 60.183 61.178 61.891 61.324 64.353 64.108 64.579] )
Neighs (x-coords) of 928 =  [3057 3069 1024 2164 1787 3089 3107 2934 2961  256] ( [55.697 56.894 53.606 53.569 54.381 55.793 55.608 56.854 56.689 57.588] )
Neighs (x-coords) of 929 =  [2383 2386 3369 3074  559 2096 2097 1515  448 2462 2460   83 2566 2993   65] ( [61.008 61.66  63.562 59.987 58.609 58.611 59.474 59.981 62.006 61.402 62.146 62.091 62.769 62.418 64.058] )
Neighs (x-coords) of 930 =  [ 291 2806 2807 3507 3510  151 3253 1675 2087  647] ( [52.705 52.464 53.67  53.021 52.675 49.958 50.61  51.715 52.907 55.234] )
Neighs (x-coords) of 931 =  [1593 1617 2722  319 2052 3365  520] ( [57.425 56.882 54.97  54.202 57.568 56.349 58.136] )
Neighs (x-coords) of 932 =  [2375 2378 2393 2400  935  700 1379  296 2792 2793 1595 2364 3455 2561  439] ( [50.546 50.746 49.229 48.426 49.471 51.03  50.387 50.273 50.215 49.35  48.628 51.203 52.863 52.28  52.018] )
Neighs (x-coords) of 933 =  [2106 3523  824  882 2623 1326 2273] ( [50.605 50.467 51.049 52.211 52.252 52.021 53.449] )
Neighs (x-coords) of 934 =  [1766 1601  339 1604] ( [49.54  48.371 51.057 49.358] )
Neighs (x-coords) of 935 =  [2407  426 2400 3373  700 1378 1379  932 2378 2393] ( [48.646 47.762 48.426 47.144 51.03  50.709 50.387 50.746 50.746 49.229] )
Neighs (x-coords) of 936 =  [3494 3506 1450] ( [64.859 65.944 64.984] )
Neighs (x-coords) of 937 =  [2410 1581  127 3017 2399  250 2916  583 1989  900 1616 1645  853] ( [33.848 32.913 32.132 33.035 32.987 35.319 35.706 34.535 35.485 36.11  33.785 35.591 33.446] )
Neighs (x-coords) of 938 =  [ 464 1615 2206 2207 3201 3150 1624  351  682 1475 1611 1531 1119 3153  745] ( [50.49  49.928 50.314 49.619 51.01  48.333 48.338 49.445 51.402 49.541 48.817 51.473 48.554 48.638 51.679] )
Neighs (x-coords) of 939 =  [1099 2922 3491  867 1669 1681 1999 3495  483 1855  728] ( [55.47  55.07  56.153 53.453 53.242 53.811 55.271 55.25  54.55  54.952 58.275] )
Neighs (x-coords) of 940 =  [ 768 1241 1890 2371  707 1501] ( [48.218 45.762 48.134 47.385 50.296 48.505] )
Neighs (x-coords) of 941 =  [  99 3345 1685 2751  305  885 2759  245 2918] ( [38.342 38.976 38.829 39.285 40.061 40.932 39.755 41.108 40.953] )
Neighs (x-coords) of 942 =  [ 919 3499 1492 3502  111 3444  181 3498] ( [57.814 60.351 57.312 59.636 59.203 58.509 61.759 61.297] )
Neighs (x-coords) of 943 =  [1488 2343  127 3017 2346  681 1247 2138 2139] ( [36.153 34.394 32.132 33.035 32.956 33.76  34.124 34.184 34.561] )
Neighs (x-coords) of 944 =  [ 723 1566 1568 3070 2114 2115 1032 3410 1966 3413  821 3570 1982] ( [50.842 50.691 50.845 48.809 48.257 48.116 46.503 46.993 47.963 46.821 48.726 50.897 49.365] )
Neighs (x-coords) of 945 =  [1696 1713 2910 2002 2464 2003  525 2153  382 2154] ( [41.418 42.317 40.167 41.565 41.497 40.887 44.188 43.703 44.906 44.633] )
Neighs (x-coords) of 946 =  [2335 2338 1318] ( [56.624 56.238 58.904] )
Neighs (x-coords) of 947 =  [ 297  989 2782 2783 3086 2626  540 2262  205 3047  386] ( [41.486 39.714 41.665 41.504 39.442 37.228 39.259 39.144 38.103 38.507 37.529] )
Neighs (x-coords) of 948 =  [ 567 1354 1358 2366 1905  763 2369 2599] ( [30.434 32.256 32.024 32.766 30.986 32.196 33.382 33.834] )
Neighs (x-coords) of 949 =  [1707  448 1508 2460 3369 1710] ( [64.216 62.006 62.228 62.146 63.562 64.473] )
Neighs (x-coords) of 950 =  [  50 2990 3598 1515 3599 2993 3048 1707] ( [62.669 63.477 62.563 59.981 61.785 62.418 62.377 64.216] )
Neighs (x-coords) of 951 =  [ 450 1641 2146 2456  111 2405 3436 1646 3213] ( [62.649 61.318 63.414 61.957 59.203 59.694 59.416 62.031 61.552] )
Neighs (x-coords) of 952 =  [1340 2449  958 1908 2888] ( [58.703 59.161 60.255 59.476 59.793] )
Neighs (x-coords) of 953 =  [1552 2438 2442  680 1551  237  204 2991 2992   78 2539] ( [63.638 66.567 65.671 63.445 63.477 66.601 65.859 65.459 66.601 67.248 67.719] )
Neighs (x-coords) of 954 =  [1476 2861  409 2484 2485  420 2860  904 1516 3550] ( [60.82  63.075 59.031 58.978 59.606 62.618 62.651 63.011 60.951 62.751] )
Neighs (x-coords) of 955 =  [2834 2837 3540  285 1551 2697 2851 2088 2991] ( [63.442 62.284 60.886 60.501 63.477 61.178 62.365 64.108 65.459] )
Neighs (x-coords) of 956 =  [ 912 2486 3233 3109  917 2889  816 1146 1411 2968 3230 2489 1408] ( [62.95  63.324 61.261 59.44  60.099 60.712 61.68  62.036 60.894 62.84  61.342 62.251 62.41 ] )
Neighs (x-coords) of 957 =  [3147  884 1704 1667 2790 2161 3143] ( [42.277 44.61  44.063 44.521 42.952 45.828 46.405] )
Neighs (x-coords) of 958 =  [2888  952 1340 2449  842 1599 2946] ( [59.793 59.961 58.703 59.161 57.997 59.113 60.471] )
Neighs (x-coords) of 959 =  [2818 3241 1414 3080  235 3238 2853  702   62 3384 3079  268] ( [66.241 64.461 62.763 63.144 61.37  63.484 62.291 63.552 64.719 64.205 64.523 66.392] )
Neighs (x-coords) of 960 =  [1294 3564  755 3133 1620  777] ( [35.202 31.939 35.262 34.754 34.266 35.005] )
Neighs (x-coords) of 961 =  [ 888 2939  137 2981 2982 3360   24 1714 3413 3236 2941] ( [45.599 46.27  44.185 44.482 44.185 44.022 43.506 44.997 46.821 47.087 46.868] )
Neighs (x-coords) of 962 =  [3209 3236  137 2981 2982 1966 2547] ( [46.632 47.087 44.185 44.482 44.185 47.963 46.03 ] )
Neighs (x-coords) of 963 =  [3023 3087  769 1673 3401 1668  976 2958  215 3122 3330] ( [52.73  53.525 50.752 50.378 50.178 50.911 53.15  52.344 52.491 52.296 54.706] )
Neighs (x-coords) of 964 =  [2938  150 3255 1999 2933 2795 3036] ( [58.049 57.042 56.496 55.271 57.126 55.402 57.576] )
Neighs (x-coords) of 965 =  [1295 2032  513 2962 3511 3512 2196 2215 2757 1115 3191 3194 2965] ( [44.473 42.817 42.15  41.838 41.874 42.03  39.784 40.615 42.194 44.145 44.366 43.925 43.112] )
Neighs (x-coords) of 966 =  [ 118 3231 2512 3214 3225] ( [54.656 54.96  54.344 56.597 55.798] )
Neighs (x-coords) of 967 =  [ 984 2954 2957 2978 2852 3258 2764  562  924] ( [66.589 64.183 64.434 66.229 62.822 61.891 62.279 64.353 65.695] )
Neighs (x-coords) of 968 =  [ 151 1428 1433 1834  645 1977 1833 2835] ( [49.958 49.777 48.695 47.812 47.157 47.378 47.102 49.518] )
Neighs (x-coords) of 969 =  [ 809 1312 1336 2906 3512 2215 2757 1144] ( [44.283 44.097 44.502 43.205 42.03  40.615 42.194 42.495] )
Neighs (x-coords) of 970 =  [ 738 3226  463 3222 1763 2210 2805 3180  674] ( [38.303 37.153 35.825 36.229 36.065 36.434 36.836 38.51  36.816] )
Neighs (x-coords) of 971 =  [2899 2901  910 2454 2457 1641  528] ( [61.015 62.401 59.274 59.541 59.741 61.318 63.833] )
Neighs (x-coords) of 972 =  [1376 1388 1591 2649  873 1592] ( [61.241 62.318 60.478 62.139 61.363 61.903] )
Neighs (x-coords) of 973 =  [1315 3235 3273 2509 3270  779 1306] ( [58.47  59.446 58.247 55.348 57.276 57.981 58.264] )
Neighs (x-coords) of 974 =  [3062 1288 2325  908 3065 1263 1278 2036] ( [43.425 43.59  45.381 42.997 43.684 45.528 45.566 47.81 ] )
Neighs (x-coords) of 975 =  [2842 2845 1338 1423 2757  447 2463 1144] ( [39.694 40.416 37.946 37.666 42.194 41.223 40.342 42.495] )
Neighs (x-coords) of 976 =  [1584 1668 2239  963 3023 1027 1373 1533 3330   20] ( [54.022 50.911 52.34  52.779 52.73  53.684 54.397 52.658 54.706 54.812] )
Neighs (x-coords) of 977 =  [2827 2828 2829 3532] ( [67.241 66.321 66.389 64.853] )
Neighs (x-coords) of 978 =  [3001 3006 2086] ( [56.432 55.519 53.635] )
Neighs (x-coords) of 979 =  [ 860 1507 1559 1702  890 1296 1309  530] ( [48.336 46.582 46.756 47.503 45.083 44.981 47.258 46.583] )
Neighs (x-coords) of 980 =  [2491 2652 3260  213 3108  148  159 3271 3261  499] ( [47.652 46.932 48.164 46.624 46.196 48.091 47.601 47.913 48.972 50.246] )
Neighs (x-coords) of 981 =  [2986 1434] ( [30.97  32.157] )
Neighs (x-coords) of 982 =  [1479 1565 2565   56 1569 3544   83 2254] ( [61.254 61.613 62.586 61.441 63.007 61.612 62.091 62.624] )
Neighs (x-coords) of 983 =  [2862 3251  152 1005 1442 2867 3481] ( [44.634 43.862 44.51  48.054 47.317 45.605 46.354] )
Neighs (x-coords) of 984 =  [ 967 2954 2957 2975 2978  258  863 1666   44 3537] ( [64.283 64.183 64.434 66.077 66.229 66.396 68.001 68.13  69.005 68.374] )
Neighs (x-coords) of 985 =  [ 615 1884 1580 2141 1540 1576  318 2725] ( [35.544 35.974 35.297 36.041 37.317 36.522 38.138 37.243] )
Neighs (x-coords) of 986 =  [2851 2834 2358 2068  668 1970] ( [62.365 63.442 62.482 62.539 65.89  65.267] )
Neighs (x-coords) of 987 =  [2983 2997 1692 1703   33 3465 1254  811] ( [41.436 41.432 40.592 40.166 40.731 40.482 42.374 42.512] )
Neighs (x-coords) of 988 =  [2886  564 1861 1860  721 2272 2883 1561 1066] ( [44.104 42.346 42.317 42.561 44.194 44.897 43.928 43.559 46.33 ] )
Neighs (x-coords) of 989 =  [ 297  947 2782 2783 3086 1578  540 1528 1556] ( [41.486 39.437 41.665 41.504 39.442 38.767 39.259 39.815 40.562] )
Neighs (x-coords) of 990 =  [ 156 3031  121 3025  359 2451  154 3268 3534 3084  184 2748 1048 3034 3242] ( [54.15  51.722 50.339 50.515 49.012 49.974 48.999 49.433 50.074 51.26  51.341 52.684 52.413 52.029 54.266] )
Neighs (x-coords) of 991 =  [ 342 2635 2875 2879 2417  984 1062 1286] ( [68.044 68.29  67.366 68.879 66.417 66.589 69.594 68.868] )
Neighs (x-coords) of 992 =  [1535 1540 1576 3027  318  424   33 3465] ( [38.52  37.317 36.522 37.986 38.138 38.888 40.731 40.482] )
Neighs (x-coords) of 993 =  [ 773 1596 1600 3039 3042 1132 2778 2781 1939] ( [52.653 53.496 52.069 54.485 53.451 53.123 52.655 54.031 56.289] )
Neighs (x-coords) of 994 =  [2044 2838 2850  517 3223] ( [47.961 50.574 49.142 48.541 51.215] )
Neighs (x-coords) of 995 =  [1550 3490  263  185 3489 2872 1671 1922  595 1091 1547 3589  131 3038] ( [53.974 52.595 54.225 53.054 53.062 55.114 55.842 56.008 55.358 57.32  55.34  57.318 55.237 55.203] )
Neighs (x-coords) of 996 =  [3010 3291   43 3576 3294   13 1046 3381 1537 3037 1722 3378] ( [47.869 46.131 47.368 48.116 45.974 50.401 49.933 49.637 50.419 49.257 48.527 49.111] )
Neighs (x-coords) of 997 =  [2819 3394 1007 2822 1597  139 2976 2977  461 2214  858] ( [40.329 39.551 38.955 38.96  37.901 40.948 41.103 40.192 39.858 40.524 41.862] )
Neighs (x-coords) of 998 =  [3026 2288  809 1312 2743 3015  545 2289 3414 3416] ( [44.111 42.306 44.283 44.097 45.238 43.333 43.075 43.449 46.306 46.513] )
Neighs (x-coords) of 999 =  [1482  188  982 1479] ( [60.896 59.502 62.525 61.254] )
Neighs (x-coords) of 1000 =  [ 503 2219 3593   52 3592 2593 1684 1384 2492  536] ( [40.015 40.374 39.588 40.06  40.816 41.72  42.659 42.582 42.876 42.506] )
Neighs (x-coords) of 1001 =  [1274 2029   27 3352 3462  652  514 2760 3459 3484  310 2747] ( [46.039 47.975 44.149 44.304 45.151 48.031 47.747 48.306 46.386 46.337 46.415 46.909] )
Neighs (x-coords) of 1002 =  [1314 1636 1541 1631 2569 2365  478  719 2319  879 1313] ( [53.745 52.645 54.201 53.816 53.38  52.562 53.947 54.921 54.713 54.676 54.862] )
Neighs (x-coords) of 1003 =  [3395 3402 1349 3403 1927   67 3387 1407 1914] ( [39.709 39.629 37.507 37.477 38.79  37.31  38.188 40.794 41.502] )
Neighs (x-coords) of 1004 =  [ 757 1499 2175 3145 2172] ( [66.093 63.779 66.507 65.307 65.311] )
Neighs (x-coords) of 1005 =  [1438 1442 2867  983  714 1470  317] ( [48.445 47.317 45.605 45.243 50.574 50.355 48.588] )
Neighs (x-coords) of 1006 =  [2694 2907 3346 3363  242 2900  553 2073 2074 1303  897 1302] ( [40.091 39.492 42.033 41.625 39.16  38.763 40.888 41.316 40.349 42.981 42.888 43.778] )
Neighs (x-coords) of 1007 =  [ 608 1936  435 2336 2337 2822 3397  553 2073 2074 1513 2976  997] ( [37.823 38.731 36.759 37.305 37.09  38.96  38.134 40.888 41.316 40.349 40.067 41.103 39.902] )
Neighs (x-coords) of 1008 =  [ 497 1984 2144 2724 1580 1902 2141 3045] ( [38.257 37.376 37.486 38.278 35.297 34.396 36.041 35.755] )
Neighs (x-coords) of 1009 =  [1450 1455  366 2565 2602  668  365 2381 3494] ( [64.984 64.241 61.973 62.586 62.054 65.89  65.094 64.334 64.859] )
Neighs (x-coords) of 1010 =  [3286 3389 2676  918  336 2675 1648] ( [40.258 40.542 39.389 38.238 39.156 39.121 40.276] )
Neighs (x-coords) of 1011 =  [ 288 2775 3581 2549    8 3552  401 2474 2475 3334 1811 3331] ( [34.083 34.784 35.414 35.148 34.744 34.875 37.761 37.818 36.849 36.538 37.152 37.034] )
Neighs (x-coords) of 1012 =  [3358 2679 3356  458 2186 1651 2298 2299  162] ( [51.152 50.292 51.321 53.811 53.052 53.108 53.427 52.799 51.765] )
Neighs (x-coords) of 1013 =  [2149  778 1323 1324 2152] ( [57.509 58.63  58.11  59.089 57.7  ] )
Neighs (x-coords) of 1014 =  [1397 1401 1404 3151 3055] ( [34.959 33.7   35.203 34.422 36.58 ] )
Neighs (x-coords) of 1015 =  [2328 3342  850 1379 1605 2329 3339  296 2792 2793 1986] ( [51.012 50.315 48.129 50.387 48.672 49.806 50.923 50.273 50.215 49.35  52.76 ] )
Neighs (x-coords) of 1016 =  [3328  823 2045  782 1256 3004 1979   39] ( [62.79  58.54  59.778 60.292 59.516 57.95  62.113 60.941] )
Neighs (x-coords) of 1017 =  [2535 2620 2538] ( [54.654 54.378 54.051] )
Neighs (x-coords) of 1018 =  [1134 2746 2728 1413 1416] ( [47.924 48.342 51.064 50.99  50.421] )
Neighs (x-coords) of 1019 =  [2053 2659 1118 2050 2868] ( [49.801 47.456 47.267 48.448 51.335] )
Neighs (x-coords) of 1020 =  [3447 3549 2894  243  332 2687 1283  779] ( [57.829 58.353 55.951 55.793 56.393 56.701 58.552 57.981] )
Neighs (x-coords) of 1021 =  [2560  550 2567  748 2631] ( [54.574 53.859 54.521 56.754 55.025] )
Neighs (x-coords) of 1022 =  [2058 2060  662 1982 1047 3350 2286  882 1327] ( [49.729 50.91  48.767 49.365 50.523 51.358 49.435 52.211 52.5  ] )
Neighs (x-coords) of 1023 =  [ 453 3159 2543 2546 3160 1742 1885] ( [57.517 57.451 59.148 59.104 58.42  58.732 61.462] )
Neighs (x-coords) of 1024 =  [ 264 2168  682 1527 1531  601 1864 2164 2469 1787 3200  928] ( [54.127 53.494 51.402 51.399 51.473 53.309 52.362 53.569 52.328 54.381 51.841 56.343] )
Neighs (x-coords) of 1025 =  [ 850 3370 3373 1903 1904 3053 1607 2400 2376   58 3315 2393] ( [48.129 46.505 47.144 45.201 45.164 44.674 48.254 48.426 46.483 46.743 47.291 49.229] )
Neighs (x-coords) of 1026 =  [1365 1400 2404  421 2859  398  846 1235] ( [65.935 65.823 62.506 63.447 62.964 64.081 64.404 64.042] )
Neighs (x-coords) of 1027 =  [1373 1511 1533  976 1584  808 2796  579 2000 3493 1426] ( [54.397 53.057 52.658 53.15  54.022 54.348 54.484 54.467 53.762 51.873 54.688] )
Neighs (x-coords) of 1028 =  [ 254 2896 3421 2897 2929] ( [33.244 33.157 31.087 32.335 32.93 ] )
Neighs (x-coords) of 1029 =  [ 626 1775 1776 2773 1381 2397 2219 1522 1384] ( [44.057 44.992 43.874 42.502 41.584 40.84  40.374 43.27  42.582] )
Neighs (x-coords) of 1030 =  [3314 3317 2576  233 2960] ( [54.432 53.295 53.533 55.889 55.97 ] )
Neighs (x-coords) of 1031 =  [ 643 2127  213 2124] ( [44.002 45.23  46.624 45.921] )
Neighs (x-coords) of 1032 =  [3410 3413 2939  944 3070] ( [46.993 46.821 46.27  48.538 48.809] )
Neighs (x-coords) of 1033 =  [3052 2222  200 1393 1396  380 2522   58 3303] ( [44.797 42.25  44.167 45.132 43.866 46.658 46.214 46.743 45.857] )
Neighs (x-coords) of 1034 =  [ 886 2581 2843 2844  273 1279 2135 2132 2870  283] ( [42.782 43.98  41.66  42.247 42.43  43.44  43.574 44.184 45.718 45.911] )
Neighs (x-coords) of 1035 =  [3306 3322 2496  746 3198] ( [32.868 31.525 32.571 31.536 31.167] )
Neighs (x-coords) of 1036 =  [2117 3435 3442 2265 1766 3307  196 2411] ( [48.574 50.295 50.61  51.263 49.54  51.185 52.742 51.945] )
Neighs (x-coords) of 1037 =  [ 548 2118 2743  104 3414 2105 2952 1071 3451 3454  359] ( [48.066 46.859 45.238 46.805 46.306 47.189 48.205 49.562 49.42  50.207 49.012] )
Neighs (x-coords) of 1038 =  [3010 3291 2189  270 1575 2816 1770 2815 2190 3543] ( [47.869 46.131 45.366 43.29  44.817 43.37  43.899 42.976 45.554 45.761] )
Neighs (x-coords) of 1039 =  [3434 3126 2166 3219  227 2557 2558  459  246] ( [39.922 39.367 38.017 37.459 39.125 39.171 38.823 41.102 40.704] )
Neighs (x-coords) of 1040 =  [ 496 1345 1815 1051 2580 2505 1234 2028 1341] ( [60.669 63.53  61.227 63.256 61.359 63.149 62.807 64.143 63.691] )
Neighs (x-coords) of 1041 =  [2113    9 3556  144 3228  167 2110 3210 3296] ( [38.591 37.674 37.128 37.755 38.705 38.707 38.003 38.808 40.899] )
Neighs (x-coords) of 1042 =  [3425 3429 2104 2685  313 2709  825 2103 2367  438] ( [42.738 43.904 42.149 41.025 42.794 43.672 43.031 42.874 46.091 45.974] )
Neighs (x-coords) of 1043 =  [2564 3299 3302 3123 1272 2655  781  329 2656 3329] ( [56.709 54.662 54.798 52.848 53.614 53.218 54.261 53.766 54.298 54.638] )
Neighs (x-coords) of 1044 =  [ 498 1352 2025 1066 1250  253 2571 1301 2633 1357 2769   32 3325] ( [45.794 47.721 45.551 46.33  47.899 48.166 47.058 46.068 49.615 48.69  48.785 49.237 49.599] )
Neighs (x-coords) of 1045 =  [2119 2140 3450   29] ( [33.947 34.667 34.535 37.145] )
Neighs (x-coords) of 1046 =  [ 184 1945 3381 2280  996 3010 3487  407 2281 2419 3037  358 1722 2610 3378  631 1723  576] ( [51.341 51.49  49.637 47.593 48.377 47.869 47.641 49.674 48.855 50.32  49.257 49.739 48.527 50.704 49.111 49.304 49.988 52.243] )
Neighs (x-coords) of 1047 =  [1852 3327 3350 3307 1022 2058 2060 1526  484  852   93] ( [48.669 50.256 51.358 51.185 50.306 49.729 50.91  51.321 49.302 51.241 51.763] )
Neighs (x-coords) of 1048 =  [1424  121 3024 1427  990  177] ( [52.972 50.339 50.468 52.167 51.522 55.03 ] )
Neighs (x-coords) of 1049 =  [1905 2559 2562 2578 1889 3000  567 3553] ( [30.986 32.616 31.185 32.572 30.29  32.378 30.434 33.936] )
Neighs (x-coords) of 1050 =  [1689 3555 3345 2126 3557  752 3142] ( [40.133 41.173 38.976 40.501 40.828 40.389 40.659] )
Neighs (x-coords) of 1051 =  [ 350  363 1408 2755  816 3080 2031 2580 1040 1345 2354  174] ( [60.9   61.759 62.41  63.408 61.68  63.144 62.731 61.359 63.018 63.53  64.621 64.031] )
Neighs (x-coords) of 1052 =  [ 694  889 1233 1325 1328 1719 3326   32 3325  241 2932  379 2524] ( [45.55  47.061 46.466 47.937 47.225 47.837 49.172 49.237 49.599 49.258 48.549 49.381 48.634] )
Neighs (x-coords) of 1053 =  [2276 2279 2937  763  269] ( [29.849 29.824 30.22  32.196 30.505] )
Neighs (x-coords) of 1054 =  [ 172 3002 3570 3573 3070 2107 2858] ( [48.734 48.937 50.897 51.292 48.809 51.157 51.544] )
Neighs (x-coords) of 1055 =  [1072 2609 2632 2646 3589 3046  527 2147] ( [58.576 59.001 57.825 59.271 57.318 55.631 59.798 59.331] )
Neighs (x-coords) of 1056 =  [1291 2640 1662  688 2536  284 2925 1099 2922 2704   72 1308 2415] ( [56.686 54.703 53.686 53.936 53.607 56.492 56.105 55.47  55.07  55.951 57.238 55.488 56.729] )
Neighs (x-coords) of 1057 =  [1964 1965 2292 1878  371 2507  661 2287  760] ( [57.561 56.465 57.469 54.44  57.155 57.555 56.812 56.436 54.695] )
Neighs (x-coords) of 1058 =  [2638 2649] ( [61.151 62.139] )
Neighs (x-coords) of 1059 =  [3578 3581 2999  201 1896  288 2774] ( [34.284 35.414 32.432 32.992 35.76  34.083 33.485] )
Neighs (x-coords) of 1060 =  [2611 2633 2770  308 2768  480 1357 2317 2728 3326   32   64  257 2940  320] ( [49.532 49.615 47.867 50.561 51.121 50.314 48.69  50.778 51.064 49.172 49.237 50.78  52.241 51.541 51.844] )
Neighs (x-coords) of 1061 =  [1134 1301 2746 2770 2272 2275 2883  110 3438] ( [47.924 46.068 48.342 47.867 44.897 45.306 43.928 46.318 45.949] )
Neighs (x-coords) of 1062 =  [1286 1290  991 2879] ( [68.868 69.165 68.114 68.879] )
Neighs (x-coords) of 1063 =  [1496 3504 3572   57] ( [48.217 46.165 45.269 44.6  ] )
Neighs (x-coords) of 1064 =  [2585 3341  869 1676 1450 2582] ( [66.859 67.621 64.579 64.546 64.984 67.666] )
Neighs (x-coords) of 1065 =  [  41 3475 3477 1996 3582 2594 1680 1679  399 2479 3362 3526  731 1532 1534] ( [57.597 58.188 59.306 56.075 57.067 57.99  58.999 60.134 58.919 58.14  60.035 58.396 58.788 59.666 58.194] )
Neighs (x-coords) of 1066 =  [1250 1298  988 2886 3547  721 2883  695 1262 1301 2770  498] ( [47.899 46.911 43.52  44.104 44.853 44.194 43.928 47.381 46.75  46.068 47.867 45.794] )
Neighs (x-coords) of 1067 =  [2174  717 2577   53 1129 2699 3561 2574 2779] ( [44.884 40.009 42.105 42.265 40.741 40.221 44.068 42.9   44.981] )
Neighs (x-coords) of 1068 =  [3464 3603   12 3546 3554 2349  191 3482] ( [38.078 39.11  37.718 37.895 38.389 39.421 41.597 39.537] )
Neighs (x-coords) of 1069 =  [1462 1623 2830 1947 2001 1128 3254 3265  730 1529  587 2020] ( [47.885 46.998 45.959 44.897 44.429 44.76  44.46  45.079 48.269 47.656 49.282 49.828] )
Neighs (x-coords) of 1070 =  [2606  160 3248 3269] ( [67.995 68.203 69.021 67.513] )
Neighs (x-coords) of 1071 =  [2588 2715 3451 3454 2105 2952 1037  359 2389 2451  236 2281  344 2590] ( [50.706 48.709 49.42  50.207 47.189 48.205 47.467 49.012 48.814 49.974 49.1   48.855 51.573 51.531] )
Neighs (x-coords) of 1072 =  [1055 2609 2632 2646  161 3247 2426 2598 3074 3075  559 2096  767] ( [58.375 59.001 57.825 59.271 56.127 56.264 56.626 58.303 59.987 59.191 58.609 58.611 59.313] )
Neighs (x-coords) of 1073 =  [2082 2821  658 1952 2614 2617  558] ( [33.164 32.399 32.35  33.142 33.279 31.804 33.895] )
Neighs (x-coords) of 1074 =  [1709 2898 3285 1123 2893  613 1907 2588] ( [49.213 49.871 50.974 48.054 48.356 50.043 49.234 50.706] )
Neighs (x-coords) of 1075 =  [2075 2078 2666 1100 3309  616 1881 1882  621 2009] ( [56.059 55.355 53.985 55.98  55.604 55.845 55.116 56.603 57.814 57.829] )
Neighs (x-coords) of 1076 =  [1316 2949 2958  230 1311   91  740 3174] ( [52.732 51.583 52.344 51.459 51.227 51.641 53.101 52.153] )
Neighs (x-coords) of 1077 =  [2531 2554  109] ( [46.408 47.295 44.221] )
Neighs (x-coords) of 1078 =  [ 656 1955 1956 3562 2820  841 1369  865 1389 1661 3545  650 1757 1758 3094] ( [35.165 34.442 35.679 35.019 33.122 34.835 35.233 35.619 34.854 36.284 35.983 38.747 38.213 38.144 36.717] )
Neighs (x-coords) of 1079 =  [1253 1525 2736 2387 2388 1258 3458 3519  732 1523] ( [56.449 57.205 54.276 55.545 55.856 57.215 57.414 58.614 57.844 58.481] )
Neighs (x-coords) of 1080 =  [2423 2503 2506  907 2465 3276 2420] ( [36.407 37.926 38.45  37.343 38.277 38.902 36.975] )
Neighs (x-coords) of 1081 =  [1263 1278 2030 2036 2039  657 1736 1954  514  592 2014 1953  653 1961] ( [45.528 45.566 47.706 47.81  47.689 48.439 47.689 48.024 47.747 50.512 49.81  49.381 50.187 49.892] )
Neighs (x-coords) of 1082 =  [ 807 1422 3530 3533 2646  767] ( [58.989 58.143 58.937 60.432 59.271 59.313] )
Neighs (x-coords) of 1083 =  [1265 1268 1897 1898] ( [55.82  54.967 53.999 55.202] )
Neighs (x-coords) of 1084 =  [1111 2495 2498 3130  497 1813 1143 3170 3187  703 1237 1335  427 2397] ( [41.906 40.719 39.906 41.357 38.257 38.592 41.538 42.413 41.126 41.645 40.898 42.069 39.922 40.84 ] )
Neighs (x-coords) of 1085 =  [   5 2063 1555 1566 2085 3489  538 2087 2086] ( [48.975 51.398 51.167 50.691 50.697 53.062 53.533 52.907 53.635] )
Neighs (x-coords) of 1086 =  [2493 3538  510 2268 3541] ( [49.51  50.02  46.869 47.2   49.355] )
Neighs (x-coords) of 1087 =  [2411 2512 3307  444   93 2526 3323 3225  360 2387] ( [51.945 54.344 51.185 52.682 51.763 53.704 52.314 55.798 55.685 55.545] )
Neighs (x-coords) of 1088 =  [  95 1234 1261 3116  496 1815  790 1498 3319 1341 3532 3318] ( [63.151 62.807 61.742 60.237 60.669 61.227 63.249 62.342 62.477 63.691 64.853 63.841] )
Neighs (x-coords) of 1089 =  [ 855 1557 1687 2938 2091  728 1585] ( [59.111 57.899 59.953 58.049 59.852 58.275 58.401] )
Neighs (x-coords) of 1090 =  [2518 2529 3060 2128 2351  552 2076] ( [43.279 43.315 41.026 44.94  42.807 44.089 43.834] )
Neighs (x-coords) of 1091 =  [ 595 1547 3589  995  119 3129  868 1671 1922  527 2147 2148] ( [55.358 55.34  57.318 54.476 56.88  57.008 56.698 55.842 56.008 59.798 59.331 59.964] )
Neighs (x-coords) of 1092 =  [ 797 1444 2080 2098  123 1537   74 2650 2969 1240 2721] ( [53.802 53.141 52.167 51.745 49.751 50.419 52.678 53.243 52.054 54.126 53.751] )
Neighs (x-coords) of 1093 =  [ 556 1245 2065 2066 2596  356 2597 1244 2570  384] ( [37.486 37.758 38.107 36.622 36.297 36.404 37.33  36.794 38.171 38.965] )
Neighs (x-coords) of 1094 =  [ 221 2513 2571 2810  525 2153 2154  253] ( [46.928 45.902 47.058 48.344 44.188 43.703 44.633 48.166] )
Neighs (x-coords) of 1095 =  [3098  656  590 2022 2420 3597 2628  920] ( [36.302 35.165 36.396 36.855 36.975 36.392 37.612 37.082] )
Neighs (x-coords) of 1096 =  [3440 2067 2070] ( [44.112 46.391 46.129] )
Neighs (x-coords) of 1097 =  [2622   53 3591 2909 2625 1418] ( [45.173 42.265 42.341 42.069 44.163 43.35 ] )
Neighs (x-coords) of 1098 =  [3220 3221 3602  179 1918 1917 3064 1101 2685 3391 3585 3445 2682] ( [41.455 42.243 39.426 38.847 38.096 37.859 37.44  40.291 41.025 40.035 40.202 39.691 40.724] )
Neighs (x-coords) of 1099 =  [ 939 2922 3491 1662  867 1681  688 3091  212 2925 1056] ( [55.439 55.07  56.153 53.686 53.453 53.811 53.936 56.881 57.153 56.105 55.793] )
Neighs (x-coords) of 1100 =  [3309 3365  557 2079 1075 2078] ( [55.604 56.349 53.597 53.566 56.235 55.355] )
Neighs (x-coords) of 1101 =  [ 864 2104  597 1465 1918 2685 3390 3391 3585  766 1346 2682 1098] ( [40.423 42.149 37.662 39.26  38.096 41.025 40.356 40.035 40.202 39.622 41.971 40.724 39.863] )
Neighs (x-coords) of 1102 =  [1249 1420  689 1693 1649 1236 1701  829 2130 2131  460 2181] ( [56.714 55.233 54.428 54.858 55.568 57.    54.929 55.305 54.558 55.678 58.203 58.732] )
Neighs (x-coords) of 1103 =  [2802 2805 3180  280 2945   77 2549  401 2252 2475  738  505] ( [38.129 36.836 38.51  35.273 35.45  34.922 35.148 37.761 38.803 36.849 38.303 38.394] )
Neighs (x-coords) of 1104 =  [3143 3166  239 1704 2905 1667 1624  208 3100] ( [46.405 47.401 44.779 44.063 45.064 44.521 48.338 46.315 46.249] )
Neighs (x-coords) of 1105 =  [ 239 1704 2904 2905 3147 1111 2495 3130 1667 2790  626 1776 2773] ( [44.779 44.063 43.827 45.064 42.277 41.906 40.719 41.357 44.521 42.952 44.057 43.874 42.502] )
Neighs (x-coords) of 1106 =  [1232 1242 1378 1132 2781] ( [52.129 53.251 50.709 53.123 54.031] )
Neighs (x-coords) of 1107 =  [ 187 2437 3112 3135  179 3288 3138 3522 3445 3521] ( [41.235 39.848 42.274 40.59  38.847 38.191 39.276 40.828 39.691 41.51 ] )
Neighs (x-coords) of 1108 =  [2730 1739 1740 2813 2786 3509] ( [56.416 54.495 53.966 57.269 55.463 56.92 ] )
Neighs (x-coords) of 1109 =  [1283 1331 3447] ( [58.552 59.944 57.829] )
Neighs (x-coords) of 1110 =  [2674 2677 1394  840 2034 3335 2713  756 3131 3127  512] ( [62.495 62.239 60.413 61.07  63.259 63.093 62.239 61.921 62.53  60.843 64.012] )
Neighs (x-coords) of 1111 =  [1084 2495 2498 3130 3147  696 1143 3170 1333 1105 1704 2904] ( [40.747 40.719 39.906 41.357 42.277 40.844 41.538 42.413 43.948 42.88  44.063 43.827] )
Neighs (x-coords) of 1112 =  [1590 1725  630 1726 3460 3139 3140] ( [59.819 56.934 56.498 56.884 58.067 58.387 59.629] )
Neighs (x-coords) of 1113 =  [2707 3423 1363  695 1683 2928] ( [46.653 44.582 44.913 47.381 47.662 45.637] )
Neighs (x-coords) of 1114 =  [2418 3158  407 2419   81 2610   98 1356 3161 3310  818] ( [49.077 50.599 49.674 50.32  51.02  50.704 53.646 52.976 51.554 53.738 52.664] )
Neighs (x-coords) of 1115 =  [3191 3194 3511 3512  965 1295 2032 2965 2157  902] ( [44.366 43.925 41.874 42.03  42.549 44.473 42.817 43.112 45.81  46.351] )
Neighs (x-coords) of 1116 =  [2669   44 3537 1062 1290] ( [69.087 69.005 68.374 69.594 69.165] )
Neighs (x-coords) of 1117 =  [1811  491  505 2251 3249 2465 2470 3276  459 2183 2184 2964  232] ( [37.152 37.101 38.394 39.129 38.878 38.277 37.068 38.902 41.102 40.914 40.69  40.972 41.266] )
Neighs (x-coords) of 1118 =  [2050 2662 3388 2659 2753 2893 1019] ( [48.448 46.365 44.94  47.456 46.152 48.356 49.001] )
Neighs (x-coords) of 1119 =  [3153 1810 3150  901 2160 1611  938] ( [48.638 46.863 48.333 46.52  46.38  48.817 49.298] )
Neighs (x-coords) of 1120 =  [2690 3319  306 2235 2767 2307  504 2234 2667] ( [62.501 62.477 61.709 63.532 61.297 61.634 64.234 63.867 63.676] )
Neighs (x-coords) of 1121 =  [1622 1496 1501  293 1542 2969 2064   47 3567] ( [49.964 48.217 48.505 51.138 50.271 52.054 52.674 51.939 51.708] )
Neighs (x-coords) of 1122 =  [ 596 1678  692 1304 1753 1510 1643 2055  519 1920] ( [68.838 67.495 67.752 67.036 66.959 68.695 67.485 67.842 68.068 69.569] )
Neighs (x-coords) of 1123 =  [2752 2893  104 3414 3416  602 1284 2718 1909 1074 1709 3285 2715  861] ( [46.543 48.356 46.805 46.306 46.513 46.415 46.037 48.185 46.014 49.153 49.213 50.974 48.709 49.122] )
Neighs (x-coords) of 1124 =  [2431 2915 2916 3262  133 3032] ( [38.39  35.146 35.706 37.245 37.08  36.576] )
Neighs (x-coords) of 1125 =  [2723 2726  232] ( [43.508 42.536 41.266] )
Neighs (x-coords) of 1126 =  [1705  602 2718 1924 2952 2700 2702  236 2123   81 2540 2551 2953] ( [51.409 46.415 48.185 46.196 48.205 48.113 49.215 49.1   49.406 51.02  50.397 51.454 48.978] )
Neighs (x-coords) of 1127 =  [2630 2612 1567 1991 1484 2115] ( [43.567 43.62  45.3   47.437 45.71  48.116] )
Neighs (x-coords) of 1128 =  [3254 1698 2846 2001  626 1775 1776  862 1684 3265 1069 1623 2830 3300] ( [44.46  42.114 44.504 44.429 44.057 44.992 43.874 42.624 42.659 45.079 47.016 46.998 45.959 46.877] )
Neighs (x-coords) of 1129 =  [ 245 2699 2918 3337 2900 2577 2694 3363 1067] ( [41.108 40.221 40.953 37.929 38.763 42.105 40.091 41.625 42.662] )
Neighs (x-coords) of 1130 =  [1686 1711 2677  734 1573 1449 1784] ( [63.938 64.394 62.239 66.246 66.114 66.617 65.794] )
Neighs (x-coords) of 1131 =  [ 663 1981 2797 1986 3456 1886 2794 1735] ( [57.376 56.875 55.322 52.76  53.358 52.356 53.926 55.066] )
Neighs (x-coords) of 1132 =  [2778 2781 2959  700 1378  993 3039 3042 1106 1232  116] ( [52.655 54.031 51.121 51.03  50.709 54.385 54.485 53.451 53.091 52.129 53.002] )
Neighs (x-coords) of 1133 =  [1348 1368  554 2072 3293  440 2363] ( [64.212 63.849 62.659 61.985 65.655 65.961 66.417] )
Neighs (x-coords) of 1134 =  [1061 1301 2746 2770 2275 3092  110 3438 2611 1018 3326] ( [45.656 46.068 48.342 47.867 45.306 48.183 46.318 45.949 49.532 50.46  49.172] )
Neighs (x-coords) of 1135 =  [1814 2024 1223 1157 1200 1212 2229 1167 2236 1774] ( [51.419 49.235 48.16  47.582 48.205 47.511 46.803 48.411 47.941 50.852] )
Neighs (x-coords) of 1136 =  [ 182 2765 3503 3308 3345 2762 3274 1880 2966] ( [37.168 38.362 37.382 37.49  38.976 36.909 37.881 37.722 38.862] )
Neighs (x-coords) of 1137 =  [1724 1212 2182 1167 1218 1224] ( [47.517 47.511 46.605 48.411 49.413 48.588] )
Neighs (x-coords) of 1138 =  [1218 1752 1162 1220 1166 1786 2194 1165] ( [49.413 50.145 50.123 51.331 54.45  53.648 52.051 52.353] )
Neighs (x-coords) of 1139 =  [ 156 3031 3281 3527 3243  800  576 1457 3278] ( [54.15  51.722 54.031 50.98  54.217 53.627 52.243 54.226 53.36 ] )
Neighs (x-coords) of 1140 =  [1814 2024 1164 1797 2255 1159 1179 1199 1163] ( [51.419 49.235 47.749 48.577 51.038 51.782 51.898 52.412 52.84 ] )
Neighs (x-coords) of 1141 =  [ 209 2738 2741 3106 3569 2979  138 2618 2619 2771] ( [48.962 51.26  51.446 49.633 48.869 50.532 50.623 50.844 50.055 54.023] )
Neighs (x-coords) of 1142 =  [3175 2825 3178 3102  500 2227 2228] ( [43.465 41.977 42.114 42.734 43.482 43.721 42.708] )
Neighs (x-coords) of 1143 =  [3170 3187   33 3465 3466 3147 1254 1084 1111 2495 2498 1335   42 3580] ( [42.413 41.126 40.731 40.482 41.058 42.277 42.374 40.747 41.906 40.719 39.906 42.069 44.321 44.181] )
Neighs (x-coords) of 1144 =  [2754 2215 2757  975 2845 2965  969 2906] ( [42.717 40.615 42.194 40.522 40.416 43.112 42.56  43.205] )
Neighs (x-coords) of 1145 =  [1184 1734 1161 1225 1160 1168 2195 2327] ( [49.254 47.62  47.151 47.997 47.255 50.479 49.412 51.541] )
Neighs (x-coords) of 1146 =  [ 816 1411 2968 3230 1712  770  956 3183 1408 1760] ( [61.68  60.894 62.84  61.342 59.831 59.485 61.584 61.841 62.41  63.859] )
Neighs (x-coords) of 1147 =  [ 515 2026 2027 1440 1451 2486 3233] ( [62.986 62.731 62.191 62.963 61.472 63.324 61.261] )
Neighs (x-coords) of 1148 =  [1159 1183 1188 2327 2297 1199] ( [51.782 51.714 52.312 51.541 53.777 52.412] )
Neighs (x-coords) of 1149 =  [1173 1186 2191 1166 1786 1158 1170 1209 1759] ( [53.356 52.523 54.439 54.45  53.648 51.761 51.894 52.791 52.985] )
Neighs (x-coords) of 1150 =  [ 340 2853  381 2642  756 3131 3132 3199 3202 1785] ( [62.418 62.291 60.361 59.905 61.921 62.53  61.109 63.085 61.637 65.203] )
Neighs (x-coords) of 1151 =  [1225 2241 1160 1810 1203 1204 1205 1806 1789] ( [47.997 48.342 47.255 46.863 47.085 47.799 47.076 48.15  50.906] )
Neighs (x-coords) of 1152 =  [1169 2188 2236 1175 1771 1718 1170 1165] ( [51.406 48.927 47.941 51.055 49.964 51.127 51.894 52.353] )
Neighs (x-coords) of 1153 =  [1423  783 1398 1896 3581   76 1338 2544  667 1972] ( [37.666 36.015 35.803 35.76  35.414 37.394 37.946 38.241 37.461 37.993] )
Neighs (x-coords) of 1154 =  [ 170 2987 2988 3155 3310 2494  226 3452 2333 3453  390 2615] ( [56.307 55.706 56.368 54.611 53.738 55.232 55.686 54.821 55.477 55.748 57.857 57.728] )
Neighs (x-coords) of 1155 =  [ 899 2311 2914 2917  748 3195 3197] ( [59.251 58.941 57.601 58.87  56.754 57.575 57.052] )
Neighs (x-coords) of 1156 =  [ 645 2733 2750  830 2128 1991 2114 1834 2129  821  835 1374] ( [47.157 46.984 46.334 45.391 44.94  47.437 48.257 47.812 45.949 48.726 49.07  48.981] )
Neighs (x-coords) of 1157 =  [1201 1222 1223 2267 1200 1212 2182 2232 2229 1817 1135] ( [47.358 48.154 48.16  47.091 48.205 47.511 46.605 46.759 46.803 48.594 49.286] )
Neighs (x-coords) of 1158 =  [1170 1209 1759 1862 1135 1814 1774 1832 1169 1175 1771 1186] ( [51.894 52.791 52.985 52.402 49.286 51.419 50.852 50.418 51.406 51.055 49.964 52.523] )
Neighs (x-coords) of 1159 =  [1148 1183 1188 1168 1789 2255 1140 1194 2202 1179 1181 1199] ( [53.301 51.714 52.312 50.479 50.906 51.038 50.686 52.571 51.955 51.898 52.145 52.412] )
Neighs (x-coords) of 1160 =  [2245 1195 1225 2241 2270 1204 1205 1800 1145 1184] ( [46.477 47.172 47.997 48.342 46.373 47.799 47.076 46.003 49.172 49.254] )
Neighs (x-coords) of 1161 =  [1213 1762 1781 1734  903 2267 2306 1794 1145 1211] ( [48.149 46.634 47.593 47.62  46.363 47.091 46.49  48.851 49.172 48.957] )
Neighs (x-coords) of 1162 =  [1220 1228 1727 1215 1167 1217 1218 1224 1752 1721 2188 1841 1718 1138] ( [51.331 49.365 49.06  48.427 48.411 48.124 49.413 48.588 50.145 48.931 48.927 49.998 51.127 51.909] )
Neighs (x-coords) of 1163 =  [1173 1186 2191 2198 1140 1814 2185 1179 1199 1741 2264] ( [53.356 52.523 54.439 53.804 50.686 51.419 53.259 51.898 52.412 53.529 52.533] )
Neighs (x-coords) of 1164 =  [1203 1204 1205 1800 1806  903 1201 1223 1803 1797 1140] ( [47.085 47.799 47.076 46.003 48.15  46.363 47.358 48.16  46.609 48.577 50.686] )
Neighs (x-coords) of 1165 =  [1777 1152 1169 1220 1718 1138 1170 1759 1182 1198] ( [53.315 50.19  51.406 51.331 51.127 51.909 51.894 52.985 51.942 53.052] )
Neighs (x-coords) of 1166 =  [1180 1189 1786 2194 2191 1138 2309 1149 1826 1865] ( [54.053 52.916 53.648 52.051 54.439 51.909 53.728 53.93  54.748 54.965] )
Neighs (x-coords) of 1167 =  [1216 1227 2220 2236 1200 1212 2182 1137 1135 1218 1224 2188] ( [47.032 46.223 46.828 47.941 48.205 47.511 46.605 48.062 49.286 49.413 48.588 48.927] )
Neighs (x-coords) of 1168 =  [1178 2300 2303 1225 2241 1145 1184 1789 1190 2330 2327 1176 1159 1183] ( [50.756 50.467 50.166 47.997 48.342 49.172 49.254 50.906 52.735 52.675 51.541 52.271 51.782 51.714] )
Neighs (x-coords) of 1169 =  [1152 1774 1175 1771 1783 1718 1158 1170 1759 1165 1777] ( [50.19  50.852 51.055 49.964 51.278 51.127 51.761 51.894 52.985 52.353 53.315] )
Neighs (x-coords) of 1170 =  [1158 1209 1759 1862 1774 1152 1169 1172 1175 1771 1783 1149 1165] ( [51.761 52.791 52.985 52.402 50.852 50.19  51.406 51.361 51.055 49.964 51.278 53.93  52.353] )
Neighs (x-coords) of 1171 =  [1196 2324 2318 1174 1191 1193 2321 1187] ( [47.138 48.118 44.715 45.26  44.622 45.238 46.97  46.527] )
Neighs (x-coords) of 1172 =  [1175 1197 1771 1783 1844 1192 1747 1750 1832 1730 1170 1759 1862] ( [51.055 51.302 49.964 51.278 50.294 50.386 50.641 49.343 50.418 51.494 51.894 52.985 52.402] )
Neighs (x-coords) of 1173 =  [1163 1186 2191 2198 1814 2185 2216 1180 1189 2194 1209 1149 1826] ( [52.84  52.523 54.439 53.804 51.419 53.259 52.561 54.053 52.916 52.051 52.791 53.93  54.748] )
Neighs (x-coords) of 1174 =  [1191 1193 2315 2294 1187 1195 1171 1196 2270] ( [44.622 45.238 43.611 44.74  46.527 47.172 46.498 47.138 46.373] )
Neighs (x-coords) of 1175 =  [1172 1197 1771 1783 1844 1192 1750 1774 1832 1152 1169 1158 1170 1759 1862] ( [51.361 51.302 49.964 51.278 50.294 50.386 49.343 50.852 50.418 50.19  51.406 51.761 51.894 52.985 52.402] )
Neighs (x-coords) of 1176 =  [1820 2297 2312 1168 1178 2300 2303 1190 2330] ( [52.788 53.777 52.479 50.479 50.756 50.467 50.166 52.735 52.675] )
Neighs (x-coords) of 1177 =  [2208 2211 2264 2255 1194 2199 2205 1179 1181 1199] ( [52.726 53.991 52.533 51.038 52.571 52.442 53.645 51.898 52.145 52.412] )
Neighs (x-coords) of 1178 =  [1168 2300 2303 2241 1184 1190 2330 1176 1820 2312] ( [50.479 50.467 50.166 48.342 49.254 52.735 52.675 52.271 52.788 52.479] )
Neighs (x-coords) of 1179 =  [1181 1199 1741 1789 2255 1140 1814 1159 1163 1186 2198 1177] ( [52.145 52.412 53.529 50.906 51.038 50.686 51.419 51.782 52.84  52.523 53.804 52.893] )
Neighs (x-coords) of 1180 =  [1166 1189 1786 2194 2216 1173 2191 2309 1826 1865] ( [54.45  52.916 53.648 52.051 52.561 53.356 54.439 53.728 54.748 54.965] )
Neighs (x-coords) of 1181 =  [1179 1199 1741 1789 2255 1159 1194 2199 2202 2205 1177 2208 2211] ( [51.898 52.412 53.529 50.906 51.038 51.782 52.571 52.442 51.955 53.645 52.893 52.726 53.991] )
Neighs (x-coords) of 1182 =  [1185 1198 1793 1152 1169 1162 1220 1718 1138 1165 1777] ( [54.285 53.052 52.605 50.19  51.406 50.123 51.331 51.127 51.909 52.353 53.315] )
Neighs (x-coords) of 1183 =  [1148 1159 1188 1168 1178 1145 1184 1789 1190 2330 2327 1176 1820] ( [53.301 51.782 52.312 50.479 50.756 49.172 49.254 50.906 52.735 52.675 51.541 52.271 52.788] )
Neighs (x-coords) of 1184 =  [1145 1789 1195 1823 1734 1225 2241 1160 1168 1178 2300 2303 2327] ( [49.172 50.906 47.172 47.86  47.62  47.997 48.342 47.255 50.479 50.756 50.467 50.166 51.541] )
Neighs (x-coords) of 1185 =  [1182 1198 1214 1793 1786 1777 2261 1835 1221 1202 1210 1226] ( [51.942 53.052 54.453 52.605 53.648 53.315 53.652 53.331 55.642 56.517 55.33  56.677] )
Neighs (x-coords) of 1186 =  [1163 1173 2191 2198 1140 1814 1774 2185 1179 1189 2194 1158 1209] ( [52.84  53.356 54.439 53.804 50.686 51.419 50.852 53.259 51.898 52.916 52.051 51.761 52.791] )
Neighs (x-coords) of 1187 =  [1195 1823 1174 1191 1193 2294 1171 1196 1734 2324 1225 2270] ( [47.172 47.86  45.26  44.622 45.238 44.74  46.498 47.138 47.62  48.118 47.997 46.373] )
Neighs (x-coords) of 1188 =  [1148 1159 1183 1168 1789 1190 2327 2297 1199] ( [53.301 51.782 51.714 50.479 50.906 52.735 51.541 53.777 52.412] )
Neighs (x-coords) of 1189 =  [1166 1180 1786 2194 1814 2185 2216 1173 1186 2191 2309 1826] ( [54.45  54.053 53.648 52.051 51.419 53.259 52.561 53.356 52.523 54.439 53.728 54.748] )
Neighs (x-coords) of 1190 =  [2330 1168 1178 2327 1176 1820 2297 2312 1183] ( [52.675 50.479 50.756 51.541 52.271 52.788 53.777 52.479 51.714] )
Neighs (x-coords) of 1191 =  [1174 1193 2315 2318 2294 1187 1171 1196] ( [45.26  45.238 43.611 44.715 44.74  46.527 46.498 47.138] )
Neighs (x-coords) of 1192 =  [1747 1750 1774 1832 1730 1172 1175 1197 1771 1844 2264] ( [50.641 49.343 50.852 50.418 51.494 51.361 51.055 51.302 49.964 50.294 52.533] )
Neighs (x-coords) of 1193 =  [1174 1191 2315 2318 2321 1187 1171 1196] ( [45.26  44.622 43.611 44.715 46.97  46.527 46.498 47.138] )
Neighs (x-coords) of 1194 =  [2199 2202 2205 1789 2255 1159 1181 1199 1741 1177 2208] ( [52.442 51.955 53.645 50.906 51.038 51.782 52.145 52.412 53.529 52.893 52.726] )
Neighs (x-coords) of 1195 =  [1187 1823 1174 2294 1196 2324 1225 2241 2270 1160 2245] ( [46.527 47.86  45.26  44.74  47.138 48.118 47.997 48.342 46.373 47.255 46.477] )
Neighs (x-coords) of 1196 =  [1171 1734 2324 1174 1191 1193 2321 1187 1195 1823] ( [46.498 47.62  48.118 45.26  44.622 45.238 46.97  46.527 47.172 47.86 ] )
Neighs (x-coords) of 1197 =  [1172 1175 1783 1844 1192 1747 1750 1730 1862] ( [51.361 51.055 51.278 50.294 50.386 50.641 49.343 51.494 52.402] )
Neighs (x-coords) of 1198 =  [1182 1185 1214 1793 1220 1718 1165 1777 2261 1835 1210] ( [51.942 54.285 54.453 52.605 51.331 51.127 52.353 53.315 53.652 53.331 55.33 ] )
Neighs (x-coords) of 1199 =  [1179 1181 1741 1789 2255 1140 1148 1159 1188 1194 2202 2205 1163 2198 1177 2211] ( [51.898 52.145 53.529 50.906 51.038 50.686 53.301 51.782 52.312 52.571 51.955 53.645 52.84  53.804 52.893 53.991] )
Neighs (x-coords) of 1200 =  [1212 2182 2232 1223 1157 1206 2229 1167 1216 2236 1135 2024] ( [47.511 46.605 46.759 48.16  47.582 46.197 46.803 48.411 47.032 47.941 49.286 49.235] )
Neighs (x-coords) of 1201 =  [ 903 1222 1223 2267 2306 1164 1205 1800 1157 2232 2195 1797] ( [46.363 48.154 48.16  47.091 46.49  47.749 47.076 46.003 47.582 46.759 49.412 48.577] )
Neighs (x-coords) of 1202 =  [1210 1226 1768 1185 1214 1221 1765 1756] ( [55.33  56.677 57.346 54.285 54.453 55.642 55.216 55.236] )
Neighs (x-coords) of 1203 =  [1164 1204 1205 1800 1806 1219 1831 1856 1207 1810 1208 1867 1803 2238 1151] ( [47.749 47.799 47.076 46.003 48.15  44.896 44.793 44.378 46.353 46.863 46.467 47.539 46.609 45.964 48.851] )
Neighs (x-coords) of 1204 =  [1164 1203 1205 1800 1806 1225 2241 1160 2245 1810 1151] ( [47.749 47.085 47.076 46.003 48.15  47.997 48.342 47.255 46.477 46.863 48.851] )
Neighs (x-coords) of 1205 =  [1164 1203 1204 1800 1806 1831 1160 2245  903 1201 1207 1810 1803 1151] ( [47.749 47.085 47.799 46.003 48.15  44.793 47.255 46.477 46.363 47.358 46.353 46.863 46.609 48.851] )
Neighs (x-coords) of 1206 =  [2226 2229 2250 2223 1200 1212 2182 1216 1227 2233] ( [45.816 46.803 45.319 45.319 48.205 47.511 46.605 47.032 46.223 45.886] )
Neighs (x-coords) of 1207 =  [1810 1219 1853 1831 1856 1203 1205 1800 1806 1208 1867 2247 1803] ( [46.863 44.896 44.382 44.793 44.378 47.085 47.076 46.003 48.15  46.467 47.539 45.981 46.609] )
Neighs (x-coords) of 1208 =  [1867 2247 1219 1853 1856 1207 1810 1203 1806 1803 2238] ( [47.539 45.981 44.896 44.382 44.378 46.353 46.863 47.085 48.15  46.609 45.964] )
Neighs (x-coords) of 1209 =  [1158 1170 1759 1814 1774 1163 1173 1186 2191 2198 2194 1149] ( [51.761 51.894 52.985 51.419 50.852 52.84  53.356 52.523 54.439 53.804 52.051 53.93 ] )
Neighs (x-coords) of 1210 =  [1202 1226 1768 1777 1185 1198 1214 1835 1221] ( [56.517 56.677 57.346 53.315 54.285 53.052 54.453 53.331 55.642] )
Neighs (x-coords) of 1211 =  [1744 2195 1734 1161 1213 1781 1222 1223 2267 2306 1794 1817] ( [49.811 49.412 47.62  47.151 48.149 47.593 48.154 48.16  47.091 46.49  48.851 48.594] )
Neighs (x-coords) of 1212 =  [1200 2182 2232 2250 2223 1157 1137 1206 2229 1167 1216 1227 2220 2236 1135 1224] ( [48.205 46.605 46.759 45.319 45.319 47.582 48.062 46.197 46.803 48.411 47.032 46.223 46.828 47.941 49.286 48.588] )
Neighs (x-coords) of 1213 =  [1161 1762 1781 1734 1222 2267 2306 1794 1211 1744] ( [47.151 46.634 47.593 47.62  48.154 47.091 46.49  48.851 48.957 49.811] )
Neighs (x-coords) of 1214 =  [1185 1198 1793 1786 2261 1221 1765 1828 1202 1210] ( [54.285 53.052 52.605 53.648 53.652 55.642 55.216 55.778 56.517 55.33 ] )
Neighs (x-coords) of 1215 =  [1724 1217 1849 1738 1218 1224 1752 1721 1162] ( [47.517 48.124 47.22  47.936 49.413 48.588 50.145 48.931 50.123] )
Neighs (x-coords) of 1216 =  [1167 1227 2220 2233 2236 2250 2223 1200 1212 2182 1206 2226 2229] ( [48.411 46.223 46.828 45.886 47.941 45.319 45.319 48.205 47.511 46.605 46.197 45.816 46.803] )
Neighs (x-coords) of 1217 =  [1849 1215 1724 1738 1218 1721 1162 1228 1727] ( [47.22  48.427 47.517 47.936 49.413 48.931 50.123 49.365 49.06 ] )
Neighs (x-coords) of 1218 =  [1224 1752 1137 1215 1724 1167 1217 1849 1721 2188 1162 1220 1228] ( [48.588 50.145 48.062 48.427 47.517 48.411 48.124 47.22  48.931 48.927 50.123 51.331 49.365] )
Neighs (x-coords) of 1219 =  [1853 1831 1856 1207 1810 1203 1800 1208 2247 1803] ( [44.382 44.793 44.378 46.353 46.863 47.085 46.003 46.467 45.981 46.609] )
Neighs (x-coords) of 1220 =  [1162 1228 1727 1218 1752 2188 1841 1718 1786 1138 1165 1182 1198] ( [50.123 49.365 49.06  49.413 50.145 48.927 49.998 51.127 53.648 51.909 52.353 51.942 53.052] )
Neighs (x-coords) of 1221 =  [1765 1185 1214 2261 1828 1202 1210 1226] ( [55.216 54.285 54.453 53.652 55.778 56.517 55.33  56.677] )
Neighs (x-coords) of 1222 =  [ 903 1201 1223 2267 2306 1213 1781 1157 2232 1211 1744 2195 1817] ( [46.363 47.358 48.16  47.091 46.49  48.149 47.593 47.582 46.759 48.957 49.811 49.412 48.594] )
Neighs (x-coords) of 1223 =  [ 903 1201 1222 2267 1164 1157 1200 2232 1211 2195 1817 1797 1135] ( [46.363 47.358 48.154 47.091 47.749 47.582 48.205 46.759 48.957 49.412 48.594 48.577 49.286] )
Neighs (x-coords) of 1224 =  [1218 1752 1212 2182 1137 1215 1724 1167 2188] ( [49.413 50.145 47.511 46.605 48.062 48.427 47.517 48.411 48.927] )
Neighs (x-coords) of 1225 =  [2241 2270 1187 1195 1823 1160 2245 1204 1168 1145 1184] ( [48.342 46.373 46.527 47.172 47.86  47.255 46.477 47.799 50.479 49.172 49.254] )
Neighs (x-coords) of 1226 =  [1202 1210 1768 1185 1214 1221 1765 1828] ( [56.517 55.33  57.346 54.285 54.453 55.642 55.216 55.778] )
Neighs (x-coords) of 1227 =  [1167 1216 2220 2233 2236 2250 2223 1212 2182 1206 2226] ( [48.411 47.032 46.828 45.886 47.941 45.319 45.319 47.511 46.605 46.197 45.816] )
Neighs (x-coords) of 1228 =  [1162 1220 1727 1215 1217 1849 1738 1218 1721 1841] ( [50.123 51.331 49.06  48.427 48.124 47.22  47.936 49.413 48.931 49.998] )
Neighs (x-coords) of 1229 =  [ 845 1231  485 1830  555] ( [64.069 64.666 62.17  62.055 62.285] )
Neighs (x-coords) of 1230 =  [ 265  877 1271 2429 3169 1391 1500] ( [41.757 39.444 38.724 40.715 41.746 39.768 41.883] )
Neighs (x-coords) of 1231 =  [ 845 1229 2834] ( [64.069 63.84  63.442] )
Neighs (x-coords) of 1232 =  [1106 1242 3083  935  700 1378 3082] ( [53.091 53.251 51.037 49.471 51.03  50.709 52.26 ] )
Neighs (x-coords) of 1233 =  [ 694  889 1052 1325  402 1273 2471 1328 2878 1292 1719 2971 3163  379] ( [45.55  47.061 48.001 47.937 44.064 45.048 44.588 47.225 45.623 47.295 47.837 46.134 46.55  49.381] )
Neighs (x-coords) of 1234 =  [  95 1088 1261 3116  496 1040 1815 3319   18 1341 3532] ( [63.151 62.679 61.742 60.237 60.669 63.018 61.227 62.477 64.961 63.691 64.853] )
Neighs (x-coords) of 1235 =  [ 846 1239 2483 2404 2859 3396  398 1026 1365 1400] ( [64.404 64.402 63.377 62.506 62.964 62.157 64.081 65.371 65.935 65.823] )
Neighs (x-coords) of 1236 =  [1701 1102 1249 3071 2131 1492 1520 2181  780 1238 2180] ( [54.929 56.052 56.714 55.959 55.678 57.312 57.489 58.732 57.836 58.014 57.601] )
Neighs (x-coords) of 1237 =  [ 703 1335 1084  427 2397 1698] ( [41.645 42.069 40.747 39.922 40.84  42.114] )
Neighs (x-coords) of 1238 =  [ 780 1236 3071 1492  526 2150  919] ( [57.836 57.    55.959 57.312 58.023 57.875 57.814] )
Neighs (x-coords) of 1239 =  [ 529  846 1235 3396   70] ( [66.562 64.404 64.042 62.157 62.665] )
Neighs (x-coords) of 1240 =  [1139 1092 2080  576 1946 3278 2721 2722  876] ( [53.709 52.494 52.167 52.243 53.007 53.36  53.751 54.97  55.029] )
Neighs (x-coords) of 1241 =  [ 768  940 3571 3572   57  847 1246 3176 2636 1496 3504 2371] ( [48.218 48.068 44.163 45.269 44.6   45.21  44.697 43.185 46.959 48.217 46.165 47.385] )
Neighs (x-coords) of 1242 =  [1106 1232  134] ( [53.091 52.129 53.917] )
Neighs (x-coords) of 1243 =  [ 876 1240  319 2721 1593] ( [55.029 54.126 54.202 53.751 57.425] )
Neighs (x-coords) of 1244 =  [2570 2596  356 2597 1093 1245 2066] ( [38.171 36.297 36.404 37.33  37.222 37.758 36.622] )
Neighs (x-coords) of 1245 =  [ 556 1093 2065 2066 1244 2570  384  223] ( [37.486 37.222 38.107 36.622 36.794 38.171 38.965 40.171] )
Neighs (x-coords) of 1246 =  [ 847 2428  270 3176 1497 3250 2862 3251 1241 3504] ( [45.21  41.916 43.29  43.185 43.284 44.934 44.634 43.862 45.762 46.165] )
Neighs (x-coords) of 1247 =  [ 442  681 2356 2357 1543 2897  254 2896 3017 2346 2171  943 1488 2343 2139] ( [35.53  33.76  36.    34.709 33.065 32.335 33.244 33.157 33.035 32.956 35.729 33.487 36.153 34.394 34.561] )
Neighs (x-coords) of 1248 =  [ 817  200 3053 3052 2030 1274 1607 2029  914 2391  850  380 2522 2523] ( [46.335 44.167 44.674 44.797 47.706 46.039 48.254 47.975 47.127 47.66  48.129 46.658 46.214 47.492] )
Neighs (x-coords) of 1249 =  [1102 1420  689 1649 1236 1701  460 2181  780] ( [56.052 55.233 54.428 55.568 57.    54.929 58.203 58.732 57.836] )
Neighs (x-coords) of 1250 =  [1066 1298  695 1262  253 2928 1044 1998 2633  480 1357] ( [46.33  46.911 47.381 46.75  48.166 45.637 47.809 48.974 49.615 50.314 48.69 ] )
Neighs (x-coords) of 1251 =  [ 810 2735 1252 2487  784 1410 1412 3485   29 3337] ( [36.723 35.953 35.784 35.037 37.926 37.743 37.414 37.12  37.145 37.929] )
Neighs (x-coords) of 1252 =  [ 303 2734 2735  100 2487 2140  810 1251] ( [35.016 34.902 35.953 35.241 35.037 34.667 36.723 37.102] )
Neighs (x-coords) of 1253 =  [1079 1525 2737  302 2736 1258 3231 3458  732 1523] ( [57.091 57.205 54.792 53.983 54.276 57.215 54.96  57.414 57.844 58.481] )
Neighs (x-coords) of 1254 =  [2481  987 2983 3465 1143 3170 3187  811 1257 2589 3579   42] ( [39.534 40.893 41.436 40.482 41.538 42.413 41.126 42.512 43.136 43.035 44.425 44.321] )
Neighs (x-coords) of 1255 =  [ 199  782 3051 3468 1256 1657 1712  770  778 1324   39 1715 3183] ( [58.011 60.292 58.242 60.417 59.516 58.659 59.831 59.485 58.63  59.089 60.941 61.01  61.841] )
Neighs (x-coords) of 1256 =  [ 171 3004 2149 2045  199  782 1255  778 1324 1016  805 1415] ( [57.596 57.95  57.509 59.778 58.011 60.292 59.989 58.63  59.089 60.62  62.134 61.386] )
Neighs (x-coords) of 1257 =  [ 811  987 2983 2997 1254  347 2589 3579   42 3580] ( [42.512 40.893 41.436 41.432 42.374 43.042 43.035 44.425 44.321 44.181] )
Neighs (x-coords) of 1258 =  [3231 3458 3225 2387 2388 1079 1253  107 3415 3519 3043 1523] ( [54.96  57.414 55.798 55.545 55.856 57.091 56.449 59.226 58.538 58.614 58.324 58.481] )
Neighs (x-coords) of 1259 =  [ 812 3460  195  684 1483 1487 3140 1260 3014] ( [60.215 58.067 57.431 59.343 60.079 58.657 59.629 61.125 61.679] )
Neighs (x-coords) of 1260 =  [1364 3014 2888  684 1483 1487  812 1259  792  125] ( [63.472 61.679 59.793 59.343 60.079 58.657 60.215 60.092 63.238 61.527] )
Neighs (x-coords) of 1261 =  [  95 1088 1234  750 3167  217 3116  496 1815  790 1498 3319 3318] ( [63.151 62.679 62.807 59.263 60.067 59.636 60.237 60.669 61.227 63.249 62.342 62.477 63.841] )
Neighs (x-coords) of 1262 =  [ 330  695 2653 2668    7 3547 1066 1250 1298 2928] ( [47.008 47.381 47.216 46.237 44.206 44.853 46.33  47.899 46.911 45.637] )
Neighs (x-coords) of 1263 =  [1081 1278 2036 2039 2325  974] ( [48.321 45.566 47.81  47.689 45.381 45.228] )
Neighs (x-coords) of 1264 =  [ 813 1275  255 2706  874 1619 1618 2705  711 1493] ( [37.612 37.185 38.51  38.276 38.113 38.658 38.749 39.47  40.48  39.727] )
Neighs (x-coords) of 1265 =  [1083 1268] ( [55.643 54.967] )
Neighs (x-coords) of 1266 =  [ 814 2287  378 2528  760 1267] ( [55.855 56.436 54.942 55.239 54.695 56.439] )
Neighs (x-coords) of 1267 =  [ 814 1266 2287  378  119 3229  642] ( [55.855 55.485 56.436 54.942 56.88  56.642 57.98 ] )
Neighs (x-coords) of 1268 =  [1083 1265 1897 2605 2771 1898] ( [55.643 55.82  53.999 52.956 54.023 55.202] )
Neighs (x-coords) of 1269 =  [ 680 1551 1277  815 1276 1610   31 2837 3540] ( [63.445 63.477 59.773 60.47  60.173 60.056 60.162 62.284 60.886] )
Neighs (x-coords) of 1270 =  [ 781 1706 3277  507 1272 2655 3411  329  872] ( [54.261 51.855 52.356 53.614 53.614 53.218 52.425 53.766 52.179] )
Neighs (x-coords) of 1271 =  [ 874 1619 1618 2429  877] ( [38.113 38.658 38.749 40.715 39.444] )
Neighs (x-coords) of 1272 =  [2655  230 1798 2949 2958 3277  781 1270 1706  329  345 2587 2586 1043] ( [53.218 51.459 51.189 51.583 52.344 52.356 54.261 53.72  51.855 53.766 55.844 55.052 55.954 54.938] )
Neighs (x-coords) of 1273 =  [ 402 2452 2471 1279  157  672 1791 1553  694  889 1233 1292 2971] ( [44.064 43.209 44.588 43.44  44.069 44.009 43.79  43.461 45.55  47.061 46.466 47.295 46.134] )
Neighs (x-coords) of 1274 =  [1001 1607 2029 3462  200 3053 3052  514 2030  817 1248  850] ( [46.112 48.254 47.975 45.151 44.167 44.674 44.797 47.747 47.706 46.335 46.336 48.129] )
Neighs (x-coords) of 1275 =  [ 813 1264 3207  146  874 1619 3206] ( [37.612 38.361 35.671 36.143 38.113 38.658 36.99 ] )
Neighs (x-coords) of 1276 =  [ 815 2023  693 1277] ( [60.47  59.679 59.466 59.773] )
Neighs (x-coords) of 1277 =  [ 693 1319  815 1276] ( [59.466 59.608 60.47  60.173] )
Neighs (x-coords) of 1278 =  [1081 1263 2036 2039 1288 2325 1280 3065  974 3062  476  514] ( [48.321 45.528 47.81  47.689 43.59  45.381 44.159 43.684 45.228 43.425 45.507 47.747] )
Neighs (x-coords) of 1279 =  [2135 2783 1282  402 1273 2452  886 1034  672 1791 2878] ( [43.574 41.504 42.121 44.064 45.048 43.209 42.782 43.503 44.009 43.79  45.623] )
Neighs (x-coords) of 1280 =  [ 908 3065 3346 1302  704 1288 2325    2 3601  194 3474 3320 3484] ( [42.997 43.684 42.033 43.778 43.323 43.59  45.381 43.794 42.872 46.638 45.822 46.283 46.337] )
Neighs (x-coords) of 1281 =  [ 777 1332 1884 3133  615 1883 2626  386] ( [35.005 34.345 35.974 34.754 35.544 36.041 37.228 37.529] )
Neighs (x-coords) of 1282 =  [ 771  297 2783 3081 1279  886  672] ( [40.522 41.486 41.504 39.934 43.44  42.782 44.009] )
Neighs (x-coords) of 1283 =  [1109 1331 1593  520 2051 1020 3447] ( [59.011 59.944 57.425 58.136 58.801 57.587 57.829] )
Neighs (x-coords) of 1284 =  [ 602  887 1285 2718 3191  809 1312 1336 1123 2752] ( [46.415 46.503 46.464 48.185 44.366 44.283 44.097 44.502 48.054 46.543] )
Neighs (x-coords) of 1285 =  [ 602  887 1284  809 1312 1336 1909 1924 2700] ( [46.415 46.503 46.037 44.283 44.097 44.502 46.014 46.196 48.113] )
Neighs (x-coords) of 1286 =  [1062 1290  991 2875 2879] ( [69.594 69.165 68.114 67.366 68.879] )
Neighs (x-coords) of 1287 =  [3359 3360 2076   24  888 2939] ( [42.811 44.022 43.834 43.506 45.599 46.27 ] )
Neighs (x-coords) of 1288 =  [ 704 2325  553 2073  500  908 1280 3065  974  476] ( [43.323 45.381 40.888 41.316 43.482 42.997 44.159 43.684 45.228 45.507] )
Neighs (x-coords) of 1289 =  [1287  888  961 2939] ( [44.947 45.599 46.157 46.27 ] )
Neighs (x-coords) of 1290 =  [1062 1286   44  991 2875 2879 1116] ( [69.594 68.868 69.005 68.114 67.366 68.879 69.412] )
Neighs (x-coords) of 1291 =  [1056  284 2925 1099 2922 2704   72 1308 3382 2415  473 2296  899 2311 2914] ( [55.793 56.492 56.105 55.47  55.07  55.951 57.238 55.488 56.965 56.729 58.648 58.164 59.251 58.941 57.601] )
Neighs (x-coords) of 1292 =  [1305 1273 3280  889 1233 3163  759  715 1472 2524] ( [46.467 45.048 44.676 47.061 46.466 46.55  46.152 49.672 49.713 48.634] )
Neighs (x-coords) of 1293 =  [ 788 1380 1735 3455 3456 1631 2569 2365] ( [55.101 57.327 55.066 52.863 53.358 53.816 53.38  52.562] )
Neighs (x-coords) of 1294 =  [ 960  755 3133 1620  777  827 2121 2626 1322] ( [34.455 35.262 34.754 34.266 35.005 35.084 34.384 37.228 36.538] )
Neighs (x-coords) of 1295 =  [ 965 2032  513 2962 2033  890 1296 1115 1435 2965  530] ( [42.549 42.817 42.15  41.838 42.67  45.083 44.981 44.145 45.234 43.112 46.583] )
Neighs (x-coords) of 1296 =  [ 890 2033 1295  787 1435  979 1559 2061  530] ( [45.083 42.67  44.473 44.556 45.234 46.254 46.756 45.843 46.583] )
Neighs (x-coords) of 1297 =  [  63 3009 3374 3376  134 3030  116 3455 3456  788  836 1293 1377] ( [56.971 54.629 57.258 56.33  53.917 54.378 53.002 52.863 53.358 55.101 57.436 54.688 57.04 ] )
Neighs (x-coords) of 1298 =  [1066 1250 2886 3547  695 1262  211 3092 3093 1301 2770 2611] ( [46.33  47.899 44.104 44.853 47.381 46.75  48.002 48.183 47.039 46.068 47.867 49.532] )
Neighs (x-coords) of 1299 =  [ 891 1300  501 2224  684 1483] ( [58.121 57.97  55.656 56.399 59.343 60.079] )
Neighs (x-coords) of 1300 =  [ 891 1299 2224 2678 2800  335 2680  684 1487] ( [58.121 58.463 56.399 55.776 56.405 55.37  55.782 59.343 58.657] )
Neighs (x-coords) of 1301 =  [1061 1134 2770  988 2886  721 2272 2275 2883 2293 1066 1298  498 1044] ( [45.656 47.924 47.867 43.52  44.104 44.194 44.897 45.306 43.928 45.026 46.33  46.911 45.794 47.809] )
Neighs (x-coords) of 1302 =  [ 892 1006 3346 3363 1303 3560 3561  897 1632 3321    2 1280 3474] ( [43.82  41.304 42.033 41.625 42.981 45.193 44.068 42.888 43.375 45.103 43.794 44.159 45.822] )
Neighs (x-coords) of 1303 =  [  10 3560 3561 3105 1006 3346 3363  892 1302] ( [44.48  45.193 44.068 41.902 41.304 42.033 41.625 43.82  43.778] )
Neighs (x-coords) of 1304 =  [ 692 1753 1510 1643 1122] ( [67.752 66.959 68.695 67.485 68.317] )
Neighs (x-coords) of 1305 =  [1292  382 2519 2471  157 3280 3154  452 2521 3604] ( [47.295 44.906 44.228 44.588 44.069 44.676 47.517 48.164 45.569 47.658] )
Neighs (x-coords) of 1306 =  [ 117  779 2090  376 3270 1020 3447  973 1315 3235] ( [60.196 57.981 60.297 55.354 57.276 57.587 57.829 57.686 58.47  59.446] )
Neighs (x-coords) of 1307 =  [  53  305  885 2759 3590 3591] ( [42.265 40.061 40.932 39.755 42.266 42.341] )
Neighs (x-coords) of 1308 =  [  72 2848 3382  688 2536   79  264 2925 2922 1056 1291 2415] ( [57.238 54.688 56.965 53.936 53.607 52.997 54.127 56.105 55.07  55.793 56.686 56.729] )
Neighs (x-coords) of 1309 =  [ 878  979 2050  530 2156 2157 1310] ( [47.815 46.254 48.448 46.583 47.239 45.81  48.676] )
Neighs (x-coords) of 1310 =  [3400  878 1309 2050  530 2156] ( [49.327 47.815 47.258 48.448 46.583 47.239] )
Neighs (x-coords) of 1311 =  [ 230   68 3400 3401   91 3174 1076 1316 2949] ( [51.459 49.703 49.327 50.178 51.641 52.153 51.967 52.732 51.583] )
Neighs (x-coords) of 1312 =  [ 809  969 1336 2906 3512 3191  998 3026 3015 2948  602  887 1284 1285 1909] ( [44.283 42.56  44.502 43.205 42.03  44.366 44.02  44.111 43.333 42.587 46.415 46.503 46.037 46.464 46.014] )
Neighs (x-coords) of 1313 =  [ 210  879 3096 1002 1314 1603 1539 2387] ( [56.811 54.676 56.103 53.503 53.745 53.739 52.31  55.545] )
Neighs (x-coords) of 1314 =  [ 729 1002 1636 1526 1541 3323 1603 1539  719 2387  879] ( [51.598 53.503 52.645 51.321 54.201 52.314 53.739 52.31  54.921 55.545 54.676] )
Neighs (x-coords) of 1315 =  [ 973 2340 3235 3270  117  779 1306 2449] ( [57.686 60.582 59.446 57.276 60.196 57.981 58.264 59.161] )
Neighs (x-coords) of 1316 =  [1076 2949 2958  230 1311 3289   91  740 3173 3174 3087] ( [51.967 51.583 52.344 51.459 51.227 51.973 51.641 53.101 53.307 52.153 53.525] )
Neighs (x-coords) of 1317 =  [ 573 1318 2335 2338  611 1929  686  880 1504] ( [60.299 58.904 56.624 56.238 58.594 57.74  58.982 58.17  59.31 ] )
Neighs (x-coords) of 1318 =  [ 573 1317 1893  946 2335 2338 3259  880 1504 3443  307 2763] ( [60.299 58.1   60.345 56.192 56.624 56.238 60.374 58.17  59.31  60.041 61.429 61.003] )
Neighs (x-coords) of 1319 =  [ 693 1277  973 2340 3273  178] ( [59.466 59.773 57.686 60.582 58.247 60.536] )
Neighs (x-coords) of 1320 =  [ 751  925 3144  164 3219  881 1322 2557 3218  883] ( [34.155 33.992 34.492 36.513 37.459 36.645 36.538 39.171 36.474 36.793] )
Neighs (x-coords) of 1321 =  [ 832 2126 2125 1307  885] ( [39.851 40.501 39.134 41.473 40.932] )
Neighs (x-coords) of 1322 =  [ 227  881 2557 2558 3218 1620 3156  751 1320 3144 1294  827 2887] ( [39.125 36.645 39.171 38.823 36.474 34.266 34.487 34.155 36.269 34.492 35.202 35.084 37.363] )
Neighs (x-coords) of 1323 =  [1324 2152 2149 1013 1431  202  778  801 1459 2996  611 1929] ( [59.089 57.7   57.509 57.54  57.276 59.372 58.63  58.098 58.782 58.633 58.594 57.74 ] )
Neighs (x-coords) of 1324 =  [1323 2152 2149 1013  782 1255 1256  202  778 1930  235 2955] ( [58.11  57.7   57.509 57.54  60.292 59.989 59.516 59.372 58.63  59.184 61.37  60.796] )
Neighs (x-coords) of 1325 =  [ 889 1052 1233 3154 1328 3326   32 3325  379] ( [47.061 48.001 46.466 47.517 47.225 49.172 49.237 49.599 49.381] )
Neighs (x-coords) of 1326 =  [2273  824 2107 1022 2060  933 2106  882 2692 1327 3232  315 1612] ( [53.449 51.049 51.157 50.306 50.91  51.306 50.605 52.211 54.177 52.5   54.325 54.194 51.632] )
Neighs (x-coords) of 1327 =  [3232 2107 1022 2060  882 2692  315 1326  118] ( [54.325 51.157 50.306 50.91  52.211 54.177 54.194 52.021 54.656] )
Neighs (x-coords) of 1328 =  [ 283 2878 2275 2746  694 1052 1233 1325 1719 3326  241] ( [45.911 45.623 45.306 48.342 45.55  48.001 46.466 47.937 47.837 49.172 49.258] )
Neighs (x-coords) of 1329 =  [ 883  909 1330 1987 2095  492 1589 1827  881] ( [36.793 36.951 37.222 38.574 39.255 35.632 35.992 34.787 36.645] )
Neighs (x-coords) of 1330 =  [ 883 1329 1987 2095 1320 1812  492  881 2094] ( [36.793 36.832 38.574 39.255 36.269 35.515 35.632 36.645 39.338] )
Neighs (x-coords) of 1331 =  [1109 1283] ( [59.011 58.552] )
Neighs (x-coords) of 1332 =  [ 777 1281 1884 3133  615 1883] ( [35.005 35.617 35.974 34.754 35.544 36.041] )
Neighs (x-coords) of 1333 =  [ 884 1334 1769 3147 3203 3170 1111  672 2589 3579   42  239 1704 2904] ( [44.61  45.449 44.066 42.277 41.939 42.413 41.906 44.009 43.035 44.425 44.321 44.779 44.063 43.827] )
Neighs (x-coords) of 1334 =  [ 884 1333 1769   42  239 1704 2904  142 2684 2972  776 1626] ( [44.61  43.948 44.066 44.321 44.779 44.063 43.827 46.388 47.649 45.998 47.836 47.096] )
Neighs (x-coords) of 1335 =  [ 703 1237 1143 3170 3187 1084 1698 2846] ( [41.645 40.898 41.538 42.413 41.126 40.747 42.114 44.504] )
Neighs (x-coords) of 1336 =  [ 809  969 1312 2906 2948  602  887 1284 1285 1909] ( [44.283 42.56  44.097 43.205 42.587 46.415 46.503 46.037 46.464 46.014] )
Neighs (x-coords) of 1337 =  [ 115 3457 3458  334 2681 2688 1519  141 3043 3044  807 1422] ( [57.836 58.696 57.414 55.964 56.678 56.253 59.366 59.283 58.324 59.6   58.989 58.143] )
Neighs (x-coords) of 1338 =  [  76 2544 1398 2545 3408  667 1972 1973 1153 1423  975] ( [37.394 38.241 35.803 37.564 39.335 37.461 37.993 37.515 37.223 37.666 40.522] )
Neighs (x-coords) of 1339 =  [3500  644 1837  544 2290 2291 1340] ( [54.41  55.977 56.488 56.367 56.294 55.876 58.703] )
Neighs (x-coords) of 1340 =  [ 952 2449 1339  958 2888  842 1599 2946] ( [59.961 59.161 57.281 60.255 59.793 57.997 59.113 60.471] )
Neighs (x-coords) of 1341 =  [ 271 2828 2829 3532 1040 1345 1815 2505 1088 1234   18] ( [65.881 66.321 66.389 64.853 63.018 63.53  61.227 63.149 62.679 62.807 64.961] )
Neighs (x-coords) of 1342 =  [ 843  276 2836 1343  416 2435  291 2806] ( [51.733 50.067 50.957 50.873 54.161 53.46  52.705 52.464] )
Neighs (x-coords) of 1343 =  [2162 2163  678  276 2835 2836  843 1342  291] ( [48.491 48.814 48.447 50.067 49.518 50.957 51.733 51.987 52.705] )
Neighs (x-coords) of 1344 =  [1128 3265 1623 3300   86  699 3301 1392] ( [44.76  45.079 46.998 46.877 47.152 47.088 48.017 46.825] )
Neighs (x-coords) of 1345 =  [1040 1815 1051 2031 2580 2028   18 3531  271 1341] ( [63.018 61.227 63.256 62.731 61.359 64.143 64.961 65.42  65.881 63.691] )
Neighs (x-coords) of 1346 =  [ 766 1474 2682 1465 1101  775 3220  218 3114 2103 1366] ( [39.622 40.475 40.724 39.26  40.291 42.318 41.455 40.968 40.498 42.874 43.262] )
Neighs (x-coords) of 1347 =  [ 819 1349 2136  549 2277 2278  286 2788 3403 1008 2712] ( [36.748 37.507 34.825 34.273 34.212 35.063 34.655 34.038 37.477 36.593 36.771] )
Neighs (x-coords) of 1348 =  [1133 1368  554 2072] ( [63.812 63.849 62.659 61.985] )
Neighs (x-coords) of 1349 =  [ 819 1347 1691 2136 2887  260 2880 3403 1003] ( [36.748 36.39  38.361 34.825 37.363 37.686 38.645 37.477 39.694] )
Neighs (x-coords) of 1350 =  [ 769 1673 3401  831 1351 1683  705 1628] ( [50.752 50.378 50.178 48.401 47.871 47.662 48.539 49.118] )
Neighs (x-coords) of 1351 =  [ 530  831 2156  890 1559 3400 1350] ( [46.583 48.401 47.239 45.083 46.756 49.327 49.027] )
Neighs (x-coords) of 1352 =  [ 498 1044 2025 3154  253 2571  452 1357   32 3325] ( [45.794 47.809 45.551 47.517 48.166 47.058 48.164 48.69  49.237 49.599] )
Neighs (x-coords) of 1353 =  [ 258  268 2884 3238  702 1409 2852  372  959 2818 3079 2957 2975] ( [66.396 66.392 66.12  63.484 63.552 62.808 62.822 63.49  64.162 66.241 64.523 64.434 66.077] )
Neighs (x-coords) of 1354 =  [ 567  948 1358 2366 1889 2276 1905  763 2369 3553  563 2100 2841] ( [30.434 32.63  32.024 32.766 30.29  29.849 30.986 32.196 33.382 33.936 34.878 34.432 33.514] )
Neighs (x-coords) of 1355 =  [ 818 1114 2610 1356  506 2248 2249 3155  376] ( [52.664 51.361 50.704 52.976 52.593 51.796 53.286 54.611 55.354] )
Neighs (x-coords) of 1356 =  [3161 3310 1114 2610   98 1456 3085  818 1355 2987 3155] ( [51.554 53.738 51.361 50.704 53.646 53.56  51.621 52.664 52.843 55.706 54.611] )
Neighs (x-coords) of 1357 =  [2317 2769 1250  253 2571 1044 1352 1060 2633   32   64 3325] ( [50.778 48.785 47.899 48.166 47.058 47.809 47.721 49.926 49.615 49.237 50.78  49.599] )
Neighs (x-coords) of 1358 =  [ 567  948 1354 2366 2276 2134  763  165  269 3215  563] ( [30.434 32.63  32.256 32.766 29.849 32.25  32.196 32.711 30.505 33.187 34.878] )
Neighs (x-coords) of 1359 =  [ 803 1360 1346  775  218 3114] ( [43.132 43.753 41.971 42.318 40.968 40.498] )
Neighs (x-coords) of 1360 =  [ 803 1359  775 1366  137 2981 2282  708 1509] ( [43.132 42.539 42.318 43.262 44.185 44.482 44.934 44.797 44.167] )
Neighs (x-coords) of 1361 =  [ 698 1429 3134  646] ( [36.119 35.287 35.713 37.699] )
Neighs (x-coords) of 1362 =  [ 792 1364] ( [63.238 63.472] )
Neighs (x-coords) of 1363 =  [ 787 1435 3448  113 3423 2062 1113 2707] ( [44.556 45.234 42.896 44.037 44.582 46.372 45.742 46.653] )
Neighs (x-coords) of 1364 =  [1260 1362] ( [61.125 63.579] )
Neighs (x-coords) of 1365 =  [1026 1400  421  846 1235] ( [65.371 65.823 63.447 64.404 64.042] )
Neighs (x-coords) of 1366 =  [1346  775 3220 3221 2103 1359] ( [41.971 42.318 41.455 42.243 42.874 42.539] )
Neighs (x-coords) of 1367 =  [ 218 3115 2350  793 1638 2550  743 3188 1399 2982 3359] ( [40.968 40.261 42.042 41.805 39.941 39.686 41.092 40.995 42.548 44.185 42.811] )
Neighs (x-coords) of 1368 =  [1133 1348] ( [63.812 64.212] )
Neighs (x-coords) of 1369 =  [ 841  658 1951 1952 2614 1078 3562  225 3545 1397 2762  182 3503] ( [34.835 32.35  32.691 33.142 33.279 35.945 35.019 36.112 35.983 34.959 36.909 37.168 37.382] )
Neighs (x-coords) of 1370 =  [ 701 3354  603 1925   26 1926 2314 2430  457 1608] ( [43.288 42.477 41.548 41.163 41.702 42.491 42.518 44.616 45.339 42.881] )
Neighs (x-coords) of 1371 =  [ 834 1372  113] ( [41.571 41.311 44.037] )
Neighs (x-coords) of 1372 =  [ 834 1371   60  106 3409 3463  113 3422] ( [41.571 41.535 41.997 39.878 40.672 41.539 44.037 43.61 ] )
Neighs (x-coords) of 1373 =  [1027 1511 1533  976 1584  808 2796 1426  150 3255] ( [53.684 53.057 52.658 53.15  54.022 54.348 54.484 54.688 57.042 56.496] )
Neighs (x-coords) of 1374 =  [ 687  835 1375 1555 2461 1834  645 1156 2733 1833 1428] ( [51.384 49.07  49.368 51.167 49.935 47.812 47.157 47.135 46.984 47.102 49.777] )
Neighs (x-coords) of 1375 =  [ 687  835 1374 1555 2461 2114 1156 2733  425  821  723 1566] ( [51.384 49.07  48.981 51.167 49.935 48.257 47.135 46.984 50.568 48.726 50.842 50.691] )
Neighs (x-coords) of 1376 =  [ 972 1388 1591] ( [61.639 62.318 60.478] )
Neighs (x-coords) of 1377 =  [ 788  836 1380 2382 1297 3376 1981  207 3103] ( [55.101 57.436 57.327 56.523 54.74  56.33  56.875 58.673 57.933] )
Neighs (x-coords) of 1378 =  [ 700 1379  234 2959 2967  935 2407 2393 1106 1232 1132 2778] ( [51.03  50.387 50.162 51.121 49.829 49.471 48.646 49.229 53.091 52.129 53.123 52.655] )
Neighs (x-coords) of 1379 =  [ 700 1378 1607  850  935 1605 3339  932 2393  296 2793 1015 2778  116] ( [51.03  50.709 48.254 48.129 49.471 48.672 50.923 50.746 49.229 50.273 49.35  50.688 52.655 53.002] )
Neighs (x-coords) of 1380 =  [ 788  836 1293 1377 1297 3374 1981 3189 1980] ( [55.101 57.436 54.688 57.04  54.74  57.258 56.875 59.206 57.642] )
Neighs (x-coords) of 1381 =  [2397 2398 2219  626 1029 2773 1522 1384] ( [40.84  39.416 40.374 44.057 42.449 42.502 43.27  42.582] )
Neighs (x-coords) of 1382 =  [ 795 1975 1983 3208 2431  837 1383] ( [40.971 37.977 39.37  37.522 38.39  39.742 39.519] )
Neighs (x-coords) of 1383 =  [  89 3295 3208 2431    9 3563  144 3228 3244 1382  837] ( [41.103 41.598 37.522 38.39  37.674 37.891 37.755 38.705 37.652 39.959 39.742] )
Neighs (x-coords) of 1384 =  [2492 1381 2397 1000 2219  626 1029 1776 1684  536] ( [42.876 41.584 40.84  42.239 40.374 44.057 42.449 43.874 42.659 42.506] )
Neighs (x-coords) of 1385 =  [ 838 3160   84  292 2803 1386] ( [59.301 58.42  57.227 58.028 58.714 59.833] )
Neighs (x-coords) of 1386 =  [2439   84  838 1385  521 2049  614  397] ( [60.397 57.227 59.301 59.823 58.202 59.062 60.827 62.407] )
Neighs (x-coords) of 1387 =  [ 762 2171 2820 2897  254 2896  244 2892 2929] ( [34.218 35.729 33.122 32.335 33.244 33.157 31.409 32.099 32.93 ] )
Neighs (x-coords) of 1388 =  [ 972 1376  873 1592 2235] ( [61.639 61.241 61.363 61.903 63.532] )
Neighs (x-coords) of 1389 =  [ 865 1660 1661 2820 2892 3098 1078 1955 3562  762 1387 2171  920 3094  533 2170] ( [35.619 35.049 36.284 33.122 32.099 36.302 35.945 34.442 35.019 34.218 33.578 35.729 37.082 36.717 36.416 36.604] )
Neighs (x-coords) of 1390 =  [ 739 3177 3185  470 2304 2305  839 1391 1481] ( [38.052 38.505 38.76  41.576 41.938 40.921 39.444 39.768 39.76 ] )
Neighs (x-coords) of 1391 =  [ 839 1500 1618 1390  739 3177 3185 2429 2304  877 1230] ( [39.444 41.883 38.749 39.269 38.052 38.505 38.76  40.715 41.938 39.444 40.237] )
Neighs (x-coords) of 1392 =  [ 190 3513 3515 1344  699] ( [44.902 44.243 45.423 46.557 47.088] )
Neighs (x-coords) of 1393 =  [1396 1033 3052  380 2522 2523] ( [43.866 44.794 44.797 46.658 46.214 47.492] )
Neighs (x-coords) of 1394 =  [ 101 3366 3367  396 2406    1  390  840 1395 2200 3234 1110] ( [58.501 59.37  58.57  59.437 59.095 59.885 57.857 61.07  61.528 61.06  60.638 62.356] )
Neighs (x-coords) of 1395 =  [ 840 2034 2200 2455 2405  396 2406 1394  450 2456 3216 3234 2674] ( [61.07  63.259 61.06  62.694 59.694 59.437 59.095 60.413 62.649 61.957 61.227 60.638 62.495] )
Neighs (x-coords) of 1396 =  [1393 2222  502 1033 3052] ( [45.132 42.25  41.962 44.794 44.797] )
Neighs (x-coords) of 1397 =  [1401 1404  658 1951 1952  841 1369  225 3545 1014  182 3503 3496] ( [33.7   35.203 32.35  32.691 33.142 34.835 35.233 36.112 35.983 34.45  37.168 37.382 37.07 ] )
Neighs (x-coords) of 1398 =  [ 783 1421  361 2384 3578   76 1338 2544 3546 1153] ( [36.015 35.556 34.724 35.543 34.284 37.394 37.946 38.241 37.895 37.223] )
Neighs (x-coords) of 1399 =  [2351 2350  793 2550 1367  743 3188 2518 2981 2982 3359 3360] ( [42.807 42.042 41.805 39.686 41.548 41.092 40.995 43.279 44.482 44.185 42.811 44.022] )
Neighs (x-coords) of 1400 =  [1026 1365  398 2490  846 1235] ( [65.371 65.935 64.081 63.98  64.404 64.042] )
Neighs (x-coords) of 1401 =  [1397 1404 1951  841 1014] ( [34.959 35.203 32.691 34.835 34.45 ] )
Neighs (x-coords) of 1402 =  [ 747 3193 1403  697 1453  499 2231 1877 1934  802 2167] ( [54.091 54.    51.333 50.282 50.58  50.246 51.053 53.106 52.242 51.575 53.146] )
Neighs (x-coords) of 1403 =  [   0 2301  499 2231  618 1877  802] ( [49.805 51.302 50.246 51.053 53.52  53.106 51.575] )
Neighs (x-coords) of 1404 =  [1397 1401  841 1014  229 3151 3152  718 1485 3496 3055 3347   22] ( [34.959 33.7   34.835 34.45  35.131 34.422 35.506 37.066 36.587 37.07  36.58  37.822 37.167] )
Neighs (x-coords) of 1405 =  [2964 3179 2251  804 1406] ( [40.972 38.645 39.129 41.303 40.893] )
Neighs (x-coords) of 1406 =  [ 804 1802 2252 3179 3180 2251  488 1801] ( [41.303 40.111 38.803 38.645 38.51  39.129 40.407 40.776] )
Neighs (x-coords) of 1407 =  [ 599  696 1419 1914  604 1927 1915 3147 1003 3395 3130] ( [40.999 40.844 40.216 41.502 39.313 38.79  41.274 42.277 39.694 39.709 41.357] )
Neighs (x-coords) of 1408 =  [ 363 1051 2755  912  956  816 1146 1411 2968 3230 2489 2031  443 2354 2355] ( [61.759 63.256 63.408 62.95  61.584 61.68  62.036 60.894 62.84  61.342 62.251 62.731 64.857 64.621 64.526] )
Neighs (x-coords) of 1409 =  [ 140  702 1894 2973 2974 3080  235 3238 2853 2852  372 3079 1353] ( [61.142 63.552 61.083 61.437 60.788 63.144 61.37  63.484 62.291 62.822 63.49  64.523 64.323] )
Neighs (x-coords) of 1410 =  [ 784 1412 2735  810 1251 1480 1481] ( [37.926 37.414 35.953 36.723 37.102 40.119 39.76 ] )
Neighs (x-coords) of 1411 =  [ 816 1146 2968 3230 3109 2998  917 3097  956  350  363 1408] ( [61.68  62.036 62.84  61.342 59.44  59.862 60.099 60.151 61.584 60.9   61.759 62.41 ] )
Neighs (x-coords) of 1412 =  [ 784 1410  423 2488 1764 2092 1251  193 3485] ( [37.926 37.743 34.757 35.226 36.789 39.182 37.102 37.108 37.12 ] )
Neighs (x-coords) of 1413 =  [1018 2728 1416 1549] ( [50.46  51.064 50.421 52.096] )
Neighs (x-coords) of 1414 =  [ 805 1415 1715   21 3328 3131   62  516 2043 3377  959] ( [62.134 61.386 61.01  63.452 62.79  62.53  64.719 65.165 64.528 64.707 64.162] )
Neighs (x-coords) of 1415 =  [ 805 1414 1715  782 1256 3131  235 2955] ( [62.134 62.763 61.01  60.292 59.516 62.53  61.37  60.796] )
Neighs (x-coords) of 1416 =  [ 241 2396 2931 2932 1134 2746 1018 2728 3326 1413  320] ( [49.258 51.243 49.977 48.549 47.924 48.342 50.46  51.064 49.172 50.99  51.844] )
Neighs (x-coords) of 1417 =  [ 806 2158  531] ( [43.843 42.147 41.478] )
Neighs (x-coords) of 1418 =  [1050 3555 2158 1097  806] ( [41.3   41.173 42.147 44.262 43.843] )
Neighs (x-coords) of 1419 =  [ 599  696 1407 1914  856 1690 2257 1691 3204 1915] ( [40.999 40.844 40.794 41.502 38.651 39.102 39.267 38.361 40.94  41.274] )
Neighs (x-coords) of 1420 =  [1102 1249 1644  689 1693  774 1649 1701  829 2130] ( [56.052 56.714 54.24  54.428 54.858 55.077 55.568 54.929 55.305 54.558] )
Neighs (x-coords) of 1421 =  [ 783 1398  361 2384 2545   76 2544] ( [36.015 35.803 34.724 35.543 37.564 37.394 38.241] )
Neighs (x-coords) of 1422 =  [ 807 1082 3530  404 2427  334 2681 2688 1519] ( [58.989 59.784 58.937 56.829 56.753 55.964 56.678 56.253 59.366] )
Neighs (x-coords) of 1423 =  [1153 1398 1896 3581 1338  667 1972 2474  975 2842] ( [37.223 35.803 35.76  35.414 37.946 37.461 37.993 37.818 40.522 39.694] )
Neighs (x-coords) of 1424 =  [1048 1427  177] ( [52.413 52.167 55.03 ] )
Neighs (x-coords) of 1425 =  [1426  808] ( [54.688 54.348] )
Neighs (x-coords) of 1426 =  [1425  808 1027 1373 1511  257 2923 2947] ( [55.142 54.348 53.684 54.397 53.057 52.241 54.356 52.678] )
Neighs (x-coords) of 1427 =  [2748  121 3024 3025 1048] ( [52.684 50.339 50.468 50.515 52.413] )
Neighs (x-coords) of 1428 =  [ 151  968 1433 1834  645 1833 2835  687 1374 1555 3253  659 1949] ( [49.958 49.197 48.695 47.812 47.157 47.102 49.518 51.384 48.981 51.167 50.61  52.194 52.055] )
Neighs (x-coords) of 1429 =  [ 698 3134] ( [36.119 35.713] )
Neighs (x-coords) of 1430 =  [ 785 1458] ( [64.714 64.412] )
Neighs (x-coords) of 1431 =  [ 432 2344 2345 1323  801 1459 2996  611] ( [56.393 56.399 57.197 58.11  58.098 58.782 58.633 58.594] )
Neighs (x-coords) of 1432 =  [ 794 1434 2279 3430   88 3431  375 2496 2497 2841  214 3124] ( [32.279 32.157 29.824 29.869 29.761 30.267 32.293 32.571 31.329 33.514 33.977 33.784] )
Neighs (x-coords) of 1433 =  [ 151  968 1428 1834  645  665 1976 1977 1833 3253] ( [49.958 49.197 49.777 47.812 47.157 46.686 46.301 47.378 47.102 50.61 ] )
Neighs (x-coords) of 1434 =  [ 794 1432 2989 3430   88 3431  981  214 3125] ( [32.279 32.055 30.466 29.869 29.761 30.267 31.222 33.977 33.994] )
Neighs (x-coords) of 1435 =  [ 787 1363 3448  890 1296 1295 2062] ( [44.556 44.913 42.896 45.083 44.981 44.473 46.372] )
Neighs (x-coords) of 1436 =  [ 795 1983 1437  916] ( [40.971 39.37  40.322 43.585] )
Neighs (x-coords) of 1437 =  [ 604 1927 2691 3387  666 1983 1943  795] ( [39.313 38.79  37.382 38.188 38.456 39.37  40.063 40.971] )
Neighs (x-coords) of 1438 =  [1005 1442  768 1496  714 1469] ( [48.054 47.317 48.218 48.217 50.574 50.997] )
Neighs (x-coords) of 1439 =  [ 532 2173 3543  796 1441 1890  575 1722  631 1723 2661] ( [45.55  45.96  45.761 47.266 46.526 48.134 47.985 48.527 49.304 49.988 48.642] )
Neighs (x-coords) of 1440 =  [ 912 1451 2486 3233  515 2026 2027 1147  186] ( [62.95  61.472 63.324 61.261 62.986 62.731 62.191 62.215 64.604] )
Neighs (x-coords) of 1441 =  [ 796 3294 2174 3543 1890  532 1439 2173] ( [47.266 45.974 44.884 45.761 48.134 45.55  47.767 45.96 ] )
Neighs (x-coords) of 1442 =  [1005 1438 2867  983] ( [48.054 48.445 45.605 45.243] )
Neighs (x-coords) of 1443 =  [ 325 2731  734 1573 1449 1463] ( [69.106 68.497 66.246 66.114 66.617 67.042] )
Neighs (x-coords) of 1444 =  [ 797 1092 2098 3524 3281] ( [53.802 52.494 51.745 50.715 54.031] )
Neighs (x-coords) of 1445 =  [2881 2882 3281  797 1092 1444] ( [56.719 56.495 54.031 53.802 52.494 53.141] )
Neighs (x-coords) of 1446 =  [ 697 1453  425 2472  499 2230 2231 2835 2836 2461  659] ( [50.282 50.58  50.568 51.387 50.246 49.56  51.053 49.518 50.957 49.935 52.194] )
Neighs (x-coords) of 1447 =  [ 798 2035] ( [66.598 64.773] )
Neighs (x-coords) of 1448 =  [798] ( [66.598] )
Neighs (x-coords) of 1449 =  [1784 3377  734 1573 1130 1711 3417  103  786 3343 3424] ( [65.794 64.707 66.246 66.114 64.676 64.394 68.064 67.731 67.512 67.975 66.854] )
Neighs (x-coords) of 1450 =  [1009 1455 2565  365  936 3494 3506 1064] ( [64.574 64.241 62.586 65.094 65.761 64.859 65.944 66.969] )
Neighs (x-coords) of 1451 =  [1440 3233  899 1639  515 2026 2027 2889 1147] ( [62.963 61.261 59.251 59.278 62.986 62.731 62.191 60.712 62.215] )
Neighs (x-coords) of 1452 =  [2663 3110  523  799 2046  660 1454 1963] ( [60.595 58.491 59.986 60.58  60.451 63.092 61.435 62.646] )
Neighs (x-coords) of 1453 =  [ 697  425 2472 1446 2461 1934] ( [50.282 50.568 51.387 50.104 49.935 52.242] )
Neighs (x-coords) of 1454 =  [ 660 2663  799 2046 3040 1963] ( [63.092 60.595 60.58  60.451 60.645 62.646] )
Neighs (x-coords) of 1455 =  [1009 1450  366 2602  869 1674 1676  365] ( [64.574 64.984 61.973 62.054 64.579 64.589 64.546 65.094] )
Neighs (x-coords) of 1456 =  [  80   98  800 2534 3311 3084  184 2533 1457 3085 1356  818 2477 3385] ( [52.124 53.646 53.627 52.417 54.413 51.26  51.341 52.529 54.226 51.621 52.976 52.664 54.653 56.348] )
Neighs (x-coords) of 1457 =  [ 576 1946 3085 3278  184 3243 1139  800 1456   87 2477 3385 2894 2987] ( [52.243 53.007 51.621 53.36  51.341 54.217 53.709 53.627 53.56  56.678 54.653 56.348 55.951 55.706] )
Neighs (x-coords) of 1458 =  [1503 1646  450  951 2146  785] ( [66.464 62.031 62.649 61.647 63.414 64.714] )
Neighs (x-coords) of 1459 =  [ 801 2573 2996 1431  202  778 1323  611 1929 1930  140] ( [58.098 60.202 58.633 57.276 59.372 58.63  58.11  58.594 57.74  59.184 61.142] )
Neighs (x-coords) of 1460 =  [ 103  893  516 2041  596 3424 1920 1921  863 1587 1653] ( [67.731 68.238 65.165 66.021 68.838 66.854 69.569 68.066 68.001 69.076 68.741] )
Neighs (x-coords) of 1461 =  [ 894 1621 1562  739 3185  722] ( [38.374 38.959 36.355 38.052 38.76  36.745] )
Neighs (x-coords) of 1462 =  [1069 1623 2830  730 1529  587 2020] ( [47.016 46.998 45.959 48.269 47.656 49.282 49.828] )
Neighs (x-coords) of 1463 =  [ 734 1573  160 3248 3269 1443] ( [66.246 66.114 68.203 69.021 67.513 67.601] )
Neighs (x-coords) of 1464 =  [ 685 1473 1788 3386  791 1494] ( [52.3   52.352 54.401 50.101 53.767 52.862] )
Neighs (x-coords) of 1465 =  [  55  597 1918 2057 1917 1637 3584  598 1916 1101  766 1346 1474 2682] ( [36.606 37.662 38.096 37.78  37.859 38.814 36.847 38.521 38.405 40.291 39.622 41.971 40.475 40.724] )
Neighs (x-coords) of 1466 =  [ 713 1467  650 1758  629 1728  752 3141   73  383 2515  864 1656] ( [40.901 41.562 38.747 38.144 38.254 38.4   40.389 39.815 40.088 41.6   41.181 40.423 41.149] )
Neighs (x-coords) of 1467 =  [ 713 1466 3141   73  383 2515 1656 3390] ( [40.901 40.089 39.815 40.088 41.6   41.181 41.149 40.356] )
Neighs (x-coords) of 1468 =  [ 661 1471 1030 3314 3529 2960  923 1964] ( [56.812 56.578 54.24  54.432 56.934 55.97  56.926 57.561] )
Neighs (x-coords) of 1469 =  [ 714 1470 1438 2689 2520  370 2711 2665 1807 1808] ( [50.574 50.355 48.445 50.375 50.596 51.313 49.011 52.532 51.718 53.008] )
Neighs (x-coords) of 1470 =  [ 714 1469 1005 1438  293 2801 2689 2808  486 1807] ( [50.574 50.997 48.054 48.445 51.138 50.588 50.375 51.949 52.618 51.718] )
Neighs (x-coords) of 1471 =  [1468 2620  923  551] ( [56.948 54.378 56.926 58.189] )
Neighs (x-coords) of 1472 =  [ 715  452  889 1292  379 2524 2525] ( [49.672 48.164 47.061 47.295 49.381 48.634 50.136] )
Neighs (x-coords) of 1473 =  [ 685 1464   66 3386 2658  618] ( [52.3   52.889 50.149 50.101 51.298 53.52 ] )
Neighs (x-coords) of 1474 =  [ 766 1346 2682 1465  898 1637 2350 1638  218 3114] ( [39.622 41.971 40.724 39.26  38.981 38.814 42.042 39.941 40.968 40.498] )
Neighs (x-coords) of 1475 =  [1611 1292  715 1472  351  379  682 1527 2524 2525 2600] ( [48.817 47.295 49.672 49.713 49.445 49.381 51.402 51.399 48.634 50.136 48.534] )
Neighs (x-coords) of 1476 =  [ 954 2861  409  394 2516  420 1942 2860  904] ( [60.809 63.075 59.031 62.24  61.714 62.618 60.843 62.651 63.011] )
Neighs (x-coords) of 1477 =  [ 716 1478] ( [68.945 69.359] )
Neighs (x-coords) of 1478 =  [ 716 1477 2438 2606   78 2539] ( [68.945 69.67  66.567 67.995 67.248 67.719] )
Neighs (x-coords) of 1479 =  [ 982 1565  224 3059  188 3520 1569  999] ( [62.525 61.613 58.789 59.503 59.502 60.077 63.007 61.612] )
Neighs (x-coords) of 1480 =  [1481  784 1410 1412 2751  717 2577  305] ( [39.76  37.926 37.743 37.414 39.285 40.009 42.105 40.061] )
Neighs (x-coords) of 1481 =  [1480  784 1410 1390  470 2305] ( [40.119 37.926 37.743 39.269 41.576 40.921] )
Neighs (x-coords) of 1482 =  [ 999  224 3059 2485  493 1824 3551] ( [61.612 58.789 59.503 59.606 58.04  58.666 62.781] )
Neighs (x-coords) of 1483 =  [ 612  684 1487 1908 1928 1299  812 1259] ( [59.005 59.343 58.657 59.476 58.547 58.463 60.215 60.092] )
Neighs (x-coords) of 1484 =  [2115 2612 1567 1127] ( [48.116 43.62  45.3   45.279] )
Neighs (x-coords) of 1485 =  [ 718 1486 3496  865 1661 3545 1404 3152  629 1728] ( [37.066 37.977 37.07  35.619 36.284 35.983 35.203 35.506 38.254 38.4  ] )
Neighs (x-coords) of 1486 =  [ 718 1485 3496 3347  629 1728 1729   22 3355   73  251 3390] ( [37.066 36.587 37.07  37.822 38.254 38.4   37.312 37.167 37.377 40.088 40.068 40.356] )
Neighs (x-coords) of 1487 =  [ 612  684 1483  294 2798  195 2800 1928 1299 1300  812 1259 3460] ( [59.005 59.343 60.079 56.437 56.493 57.431 56.405 58.547 58.463 57.97  60.215 60.092 58.067] )
Neighs (x-coords) of 1488 =  [ 943 2343  681 1247 2356 2171 2139 3033  720 1489 2019] ( [33.487 34.394 33.76  34.124 36.    35.729 34.561 36.46  36.942 37.603 36.71 ] )
Neighs (x-coords) of 1489 =  [ 490  720 1795 1796 2676 2356 1488 2019 2453  336] ( [39.093 36.942 38.702 38.723 39.389 36.    36.153 36.71  37.552 39.156] )
Neighs (x-coords) of 1490 =  [ 138 1733 3583   45   46 3568  333  465 2203 2684  712 1491 2683] ( [50.623 48.699 47.24  46.677 48.099 48.387 48.364 46.563 46.568 47.649 49.428 48.825 48.633] )
Neighs (x-coords) of 1491 =  [ 128  712 2683   46  333  465 2203 2684 2204 1490 3569  389 2618 2619] ( [50.912 49.428 48.633 48.099 48.364 46.563 46.568 47.649 46.544 48.842 48.869 50.423 50.844 50.055] )
Neighs (x-coords) of 1492 =  [1520 1236 2131  400 3385  780 1238  919  942] ( [57.489 57.    55.678 55.453 56.348 57.836 58.014 57.814 59.575] )
Neighs (x-coords) of 1493 =  [ 711 1521  255 2706  586 2919  813 1264 2004   71 2705 3393  451] ( [40.48  40.111 38.51  38.276 38.008 39.067 37.612 38.361 38.178 42.183 39.47  41.706 41.988] )
Neighs (x-coords) of 1494 =  [ 791 1495 2208  685] ( [53.767 54.291 52.726 52.3  ] )
Neighs (x-coords) of 1495 =  [ 791 1494 1464 1788  634  432 2344] ( [53.767 52.862 52.889 54.401 54.774 56.393 56.399] )
Neighs (x-coords) of 1496 =  [1063 3504 3469  768 1241 2371 1438 1121 1622 1501] ( [46.537 46.165 47.036 48.218 45.762 47.385 48.445 50.57  49.964 48.505] )
Neighs (x-coords) of 1497 =  [ 152  913 3250  403 2304 1500  270 1246 2815 3251] ( [44.51  42.735 44.934 41.301 41.938 41.883 43.29  44.697 42.976 43.862] )
Neighs (x-coords) of 1498 =  [ 733  790 3167   69 3398   95 1088 1261 1508 3399   54 1499] ( [61.57  63.249 60.067 62.338 62.781 63.151 62.679 61.742 62.228 61.537 63.295 63.779] )
Neighs (x-coords) of 1499 =  [ 757 3145   69 2505 3398 1088 1261  790 1498 3399 1004 2172] ( [66.093 65.307 62.338 63.149 62.781 62.679 61.742 63.249 62.342 61.537 65.786 65.311] )
Neighs (x-coords) of 1500 =  [ 839 1391  403 2428 2429 2304  265 1230 2826 2815  913 1497] ( [39.444 39.768 41.301 41.916 40.715 41.938 41.757 40.237 41.255 42.976 42.735 43.284] )
Neighs (x-coords) of 1501 =  [ 353 2636 3469  768  940 1241 1496 2371 3019 1121  707 1542] ( [46.949 46.959 47.036 48.218 48.068 45.762 48.217 47.385 49.168 50.57  50.296 50.271] )
Neighs (x-coords) of 1502 =  [1503] ( [66.464] )
Neighs (x-coords) of 1503 =  [1458 1430  789] ( [64.412 65.631 66.053] )
Neighs (x-coords) of 1504 =  [ 686  880  895 1506 3443 1625 1317 1318 1627  307 2763 3427  108] ( [58.982 58.17  58.229 58.074 60.041 57.559 58.1   58.904 58.398 61.429 61.003 61.324 60.978] )
Neighs (x-coords) of 1505 =  [2460  677 3157  228 2553 3165  176 3074 3075  733  448 1508   54 2532] ( [62.146 59.155 58.818 60.166 59.292 59.075 59.718 59.987 59.191 61.57  62.006 62.228 63.295 60.754] )
Neighs (x-coords) of 1506 =  [ 686  880  895 1504 1625 1317 3168] ( [58.982 58.17  58.229 59.31  57.559 58.1   58.662] )
Neighs (x-coords) of 1507 =  [ 860  979 1559] ( [48.336 46.254 46.756] )
Neighs (x-coords) of 1508 =  [ 448 3399  733  790 1498   54 3588 1505 2460 1710 3587] ( [62.006 61.537 61.57  63.249 62.342 63.295 62.547 60.791 62.146 64.473 63.835] )
Neighs (x-coords) of 1509 =  [ 708 2981  803 1360 1714 2547   75] ( [44.797 44.482 43.132 43.753 44.997 46.03  46.663] )
Neighs (x-coords) of 1510 =  [1643 2055  692 1304  596 1122 1678] ( [67.485 67.842 67.752 67.036 68.838 68.317 67.495] )
Neighs (x-coords) of 1511 =  [1027 1373 1533 2316  480 2317  808 2947] ( [53.684 54.397 52.658 51.023 50.314 50.778 54.348 52.678] )
Neighs (x-coords) of 1512 =  [ 916 1522 1667 2790 2773  208 3100  213] ( [43.585 43.27  44.521 42.952 42.502 46.315 46.249 46.624] )
Neighs (x-coords) of 1513 =  [ 709 1514 1621 1007 3397  922  553 2073 2074] ( [40.602 39.962 38.959 38.955 38.134 41.973 40.888 41.316 40.349] )
Neighs (x-coords) of 1514 =  [ 709 1513 1621  922 3178] ( [40.602 40.067 38.959 41.973 42.114] )
Neighs (x-coords) of 1515 =  [ 767 1519 2598  559 2096 2097 1072 2609  141 3533  929 2386  950  206 2993 3048] ( [59.313 59.366 58.303 58.609 58.611 59.474 58.576 59.001 59.283 60.432 61.37  61.66  62.52  61.478 62.418 62.377] )
Neighs (x-coords) of 1516 =  [ 904 3550 3551  409 2484 2485  954 1476 2861  420] ( [63.011 62.751 62.781 59.031 58.978 59.606 60.809 60.82  63.075 62.618] )
Neighs (x-coords) of 1517 =  [ 161  710 1518 2872 3266 1900  570 1899  378 2528 2112  822] ( [56.127 56.995 57.031 55.114 55.418 53.477 53.832 53.642 54.942 55.239 56.944 56.304] )
Neighs (x-coords) of 1518 =  [ 161  710 1517 2872 3266  119 2527 3129 3229 3247 2553  176 2598] ( [56.127 56.995 56.056 55.114 55.418 56.88  54.762 57.008 56.642 56.264 59.292 59.718 58.303] )
Neighs (x-coords) of 1519 =  [ 767 1515  404 2426  559 2097  141 3043 3044  807 1082 1422 3530 3533 1337  206] ( [59.313 59.981 56.829 56.626 58.609 59.474 59.283 58.324 59.6   58.989 59.784 58.143 58.937 60.432 58.805 61.478] )
Neighs (x-coords) of 1520 =  [1492 1236  829 2131 2476  400  910 2180 2457  919  111 3436] ( [57.312 57.    55.305 55.678 55.193 55.453 59.274 57.601 59.741 57.814 59.203 59.416] )
Neighs (x-coords) of 1521 =  [ 711 1493 1264  874 1619 2004 1618  403 2429 2305] ( [40.48  39.727 38.361 38.113 38.658 38.178 38.749 41.301 40.715 40.921] )
Neighs (x-coords) of 1522 =  [ 916 1512 1381 1436 1105 2790  626 1029] ( [43.585 44.469 41.584 41.636 42.88  42.952 44.057 42.449] )
Neighs (x-coords) of 1523 =  [ 732 1258 1079 1253 1525  188 3519  115] ( [57.844 57.215 57.091 56.449 57.205 59.502 58.614 57.836] )
Neighs (x-coords) of 1524 =  [ 765 1558] ( [41.744 42.394] )
Neighs (x-coords) of 1525 =  [1079 1253 2737 3458  732 1523  115] ( [57.091 56.449 54.792 57.414 57.844 58.481 57.836] )
Neighs (x-coords) of 1526 =  [ 758 3164 2432 2421 1047 3327 3350  410   93 3323  729 1314  849 1603 1539] ( [49.49  49.47  49.421 50.471 50.523 50.256 51.358 50.022 51.763 52.314 51.598 53.745 53.115 53.739 52.31 ] )
Neighs (x-coords) of 1527 =  [ 351  379  682 2525 2591  715 1475 1531 1615 1871 1911 1024 2168 2849] ( [49.445 49.381 51.402 50.136 49.873 49.672 49.541 51.473 49.928 52.112 52.547 53.606 53.494 53.64 ] )
Neighs (x-coords) of 1528 =  [1556 2003  726 1578  540 2263 1696 2910  989 2782] ( [40.562 40.887 39.21  38.767 39.259 38.731 41.418 40.167 39.714 41.665] )
Neighs (x-coords) of 1529 =  [ 730 1530 2204  272  465 1069 1462 2830  389] ( [48.269 47.941 46.544 45.378 46.563 47.016 47.885 45.959 50.423] )
Neighs (x-coords) of 1530 =  [ 730 1529  272 3166 2830  389 2619] ( [48.269 47.656 45.378 47.401 45.959 50.423 50.055] )
Neighs (x-coords) of 1531 =  [ 351  682 1527 2591 3245  938 1615  601 1911 1024 2168 2164 2469] ( [49.445 51.402 51.399 49.873 51.466 49.298 49.928 53.309 52.547 53.606 53.494 53.569 52.328] )
Neighs (x-coords) of 1532 =  [ 107  731 1534 3415 3426  399 2479 1065 3475 3477 2097 2565 2603 2383] ( [59.226 58.788 58.194 58.538 60.04  58.919 58.14  58.612 58.188 59.306 59.474 62.586 61.157 61.008] )
Neighs (x-coords) of 1533 =  [1027 1373 1511  481 2239  976] ( [53.684 54.397 53.057 51.698 52.34  53.15 ] )
Neighs (x-coords) of 1534 =  [ 107  731 1532 3415 3426  580 1996 3582 2479   41 1065 3475] ( [59.226 58.788 59.666 58.538 60.04  55.626 56.075 57.067 58.14  57.597 58.612 58.188] )
Neighs (x-coords) of 1535 =  [ 992 1540 1576  205 3027  542 2257 2258  318  424 2724 1703   33 3465] ( [38.247 37.317 36.522 38.103 37.986 38.444 39.267 37.986 38.138 38.888 38.278 40.166 40.731 40.482] )
Neighs (x-coords) of 1536 =  [ 219  735 1571 3111] ( [42.694 44.638 43.718 43.367] )
Neighs (x-coords) of 1537 =  [ 707 1538 3037 3576  996   13  123 3019 1945 3527 1092 2080] ( [50.296 51.112 49.257 48.116 48.377 50.401 49.751 49.168 51.49  50.98  52.494 52.167] )
Neighs (x-coords) of 1538 =  [ 707 1537  441 2360 2394 2080   47] ( [50.296 50.419 50.904 51.515 48.892 52.167 51.939] )
Neighs (x-coords) of 1539 =  [1602 2432 2421 1526  410  729 1314  849 1603  879] ( [52.781 49.421 50.471 51.321 50.022 51.598 53.745 53.115 53.739 54.676] )
Neighs (x-coords) of 1540 =  [ 992 1535 1576 1883  985] ( [38.247 38.52  36.522 36.041 35.683] )
Neighs (x-coords) of 1541 =  [ 196 1631 2569 3323 1002 1314 1636  566 1850  719 1554  360 2387] ( [52.742 53.816 53.38  52.314 53.503 53.745 52.645 55.52  55.78  54.921 55.709 55.685 55.545] )
Neighs (x-coords) of 1542 =  [ 293 2801  768 1496 1121 1622 1501 2064   47 3567] ( [51.138 50.588 48.218 48.217 50.57  49.964 48.505 52.674 51.939 51.708] )
Neighs (x-coords) of 1543 =  [2673 2897  337  316  254 2896 3017 3479 2710  442  681 1247] ( [31.08  32.335 31.782 33.199 33.244 33.157 33.035 33.756 34.15  35.53  33.76  34.124] )
Neighs (x-coords) of 1544 =  [ 641 1845 1846  706 1546  369 2644 2645 2109  823] ( [56.442 56.817 55.702 56.873 56.649 60.128 59.535 60.128 58.206 58.54 ] )
Neighs (x-coords) of 1545 =  [3204  297 2782 1915  744  157 1791  761] ( [40.94  41.486 41.665 41.274 41.817 44.069 43.79  42.701] )
Neighs (x-coords) of 1546 =  [ 706 1846 3050 1544 2108  199] ( [56.873 55.702 57.146 57.828 57.739 58.011] )
Neighs (x-coords) of 1547 =  [ 595 1091 3589  263  995 1550  119 3129 2872 1671 1922  131 3038] ( [55.358 57.32  57.318 54.225 54.476 53.974 56.88  57.008 55.114 55.842 56.008 55.237 55.203] )
Neighs (x-coords) of 1548 =  [  28  691 1549 2567 3348 3349  392 2537  354 2604 2605 2640 2560] ( [51.755 52.362 52.096 54.521 51.699 51.895 54.479 52.283 52.151 52.435 52.956 54.703 54.574] )
Neighs (x-coords) of 1549 =  [ 550 2083 2567 1413 1658 3349   28  691 1548  392 2537] ( [53.859 52.908 54.521 50.99  53.258 51.895 51.755 52.362 52.675 54.479 52.283] )
Neighs (x-coords) of 1550 =  [ 995 1675 3490 2472  687  263  659 1950  185 1671  595] ( [54.476 51.715 52.595 51.387 51.384 54.225 52.194 53.065 53.054 55.842 55.358] )
Neighs (x-coords) of 1551 =  [ 680 1269  955 2834 2837  953 1552] ( [63.445 61.204 62.904 63.442 62.284 65.655 63.638] )
Neighs (x-coords) of 1552 =  [ 953 2442  680 1269] ( [65.655 65.671 63.445 61.204] )
Neighs (x-coords) of 1553 =  [ 482  761 2246 1545 1915  744 1273  157 3279 3280  672 1791 1769 3162] ( [44.1   42.701 44.231 41.953 41.274 41.817 45.048 44.069 43.377 44.676 44.009 43.79  44.066 45.674] )
Neighs (x-coords) of 1554 =  [ 719 1825 1541 2569  566 1850  360 2387  879 3066] ( [54.921 57.345 54.201 53.38  55.52  55.78  55.685 55.545 54.676 58.094] )
Neighs (x-coords) of 1555 =  [ 687  835 1374 1375 2461  425 1566 1568 1428 2085 1085 1675 3490  185] ( [51.384 49.07  48.981 49.368 49.935 50.568 50.691 50.845 49.777 50.697 51.344 51.715 52.595 53.054] )
Neighs (x-coords) of 1556 =  [1528 2003  281 1696  297  989 2782 2783 3086] ( [39.815 40.887 39.744 41.418 41.486 39.714 41.665 41.504 39.442] )
Neighs (x-coords) of 1557 =  [ 855 1089  939 3491 3495 2938 2091  728 1585] ( [59.111 60.062 55.439 56.153 55.25  58.049 59.852 58.275 58.401] )
Neighs (x-coords) of 1558 =  [ 765 1524 2529   19  552 2076] ( [41.744 41.057 43.315 43.446 44.089 43.834] )
Neighs (x-coords) of 1559 =  [ 860  979 1507 1702  890 1296  530 1351 2156 2157   68] ( [48.336 46.254 46.582 47.503 45.083 44.981 46.583 47.871 47.239 45.81  49.703] )
Neighs (x-coords) of 1560 =  [ 721  525 2153 1561 2154 2928 2513  498] ( [44.194 44.188 43.703 43.559 44.633 45.637 45.902 45.794] )
Neighs (x-coords) of 1561 =  [2293  585 2002 2003  988 2886  721 1560 2153 2883 2154  498] ( [45.026 40.877 41.565 40.887 43.52  44.104 44.194 44.675 43.703 43.928 44.633 45.794] )
Neighs (x-coords) of 1562 =  [3407  739 3177  894 1461  722 1563  435 2336] ( [35.103 38.052 38.505 38.374 37.491 36.745 36.813 36.759 37.305] )
Neighs (x-coords) of 1563 =  [ 242  722 2900 3407  114 3450 1562 3449 3177   29 3275 3337 3338  435 2337] ( [39.16  36.745 38.763 35.103 34.748 34.535 36.355 35.656 38.505 37.145 37.588 37.929 36.553 36.759 37.09 ] )
Neighs (x-coords) of 1564 =  [ 683 1582  225 3056 3055 3184 3347] ( [37.44  37.593 36.112 36.135 36.58  38.161 37.822] )
Neighs (x-coords) of 1565 =  [ 982 1479 3059 3426 3520 2565   56 1569 3544   83] ( [62.525 61.254 59.503 60.04  60.077 62.586 61.441 63.007 61.612 62.091] )
Neighs (x-coords) of 1566 =  [ 723  944 1568  835 1375 1555  824 2107 3073    5 1085 2063 3490  185] ( [50.842 48.538 50.845 49.07  49.368 51.167 51.049 51.157 49.021 48.975 51.344 51.398 52.595 53.054] )
Neighs (x-coords) of 1567 =  [3267 1127 2630  582 1991 1484] ( [43.962 45.279 43.567 47.071 47.437 45.71 ] )
Neighs (x-coords) of 1568 =  [ 723  944 1566 3070 2114 2701 3570  835 1375 1555 3073 3490  185] ( [50.842 48.538 50.691 48.809 48.257 51.48  50.897 49.07  49.368 51.167 49.021 52.595 53.054] )
Neighs (x-coords) of 1569 =  [  56 3544 2565  982 1479 1565] ( [61.441 61.612 62.586 62.525 61.254 61.613] )
Neighs (x-coords) of 1570 =  [ 724 1572 3029  727  129  250] ( [34.138 33.376 35.408 32.503 35.102 35.319] )
Neighs (x-coords) of 1571 =  [ 219  735 1536 3112] ( [42.694 44.638 44.732 42.274] )
Neighs (x-coords) of 1572 =  [ 724 1570 3029  727 1581 1583  129] ( [34.138 34.553 35.408 32.503 32.913 32.052 35.102] )
Neighs (x-coords) of 1573 =  [ 734 1449 1130 1686 1711 2930 1463 3269 1443] ( [66.246 66.617 64.676 63.938 64.394 66.6   67.042 67.513 67.601] )
Neighs (x-coords) of 1574 =  [ 725 3392  395 1717 1575 3577  353 2636] ( [44.538 43.035 41.996 42.925 44.817 46.643 46.949 46.959] )
Neighs (x-coords) of 1575 =  [2816   71  725 1574 3392 3577 2636 2637 1038] ( [43.37  42.183 44.538 44.758 43.035 46.643 46.959 46.018 45.491] )
Neighs (x-coords) of 1576 =  [ 992 1535 1540  615 1883 1884  985 1580  542 2258  318 2725] ( [38.247 38.52  37.317 35.544 36.041 35.974 35.683 35.297 38.444 37.986 38.138 37.243] )
Neighs (x-coords) of 1577 =  [ 764 1586 1921 2260  248 2920  268  596  519 2921 2670] ( [68.444 69.11  68.066 65.966 66.621 66.286 66.392 68.838 68.068 67.425 67.569] )
Neighs (x-coords) of 1578 =  [2166  456 2192  726 1579 1528 2003 1696 2910] ( [38.017 36.796 37.563 39.21  39.508 39.815 40.887 41.418 40.167] )
Neighs (x-coords) of 1579 =  [ 447 2463 2464  456 2192 1972  726 1578  585 2002 2003] ( [41.223 40.342 41.497 36.796 37.563 37.993 39.21  38.767 40.877 41.565 40.887] )
Neighs (x-coords) of 1580 =  [ 615 1884  985 2141 1576 2725] ( [35.544 35.974 35.683 36.041 36.522 37.243] )
Neighs (x-coords) of 1581 =  [ 727 1583 2399  669 1968  724 1572  250 2915  937] ( [32.503 32.052 32.987 34.51  34.068 34.138 33.376 35.319 35.146 33.647] )
Neighs (x-coords) of 1582 =  [ 683 1564 3184   22 3138  415 2436] ( [37.44  36.557 38.161 37.167 39.276 40.201 39.476] )
Neighs (x-coords) of 1583 =  [ 727 1581 2719  669 1968  724] ( [32.503 32.913 32.856 34.51  34.068 34.138] )
Neighs (x-coords) of 1584 =  [ 976 2239 3023 1027 1373 1533 3330 3257] ( [53.15  52.34  52.73  53.684 54.397 52.658 54.706 56.42 ] )
Neighs (x-coords) of 1585 =  [ 728 2093 2784  212 3491  964 2938 2091 3090 1089] ( [58.275 60.344 59.901 57.153 56.153 57.593 58.049 59.852 58.117 60.062] )
Neighs (x-coords) of 1586 =  [ 764 1577 1920 1921  596 2670] ( [68.444 67.608 69.569 68.066 68.838 67.569] )
Neighs (x-coords) of 1587 =  [ 863 1653  596  893 1460 1920 1921   11] ( [68.001 68.741 68.838 68.238 67.72  69.569 68.066 67.832] )
Neighs (x-coords) of 1588 =  [1682 2692  185  871 3489  315  161 3266  131 3038 3046 3247 2426] ( [53.235 54.177 53.054 53.933 53.062 54.194 56.127 55.418 55.237 55.203 55.631 56.264 56.626] )
Neighs (x-coords) of 1589 =  [ 492 1827   35 3478 3479  909 1329  590 1677 3018] ( [35.632 34.787 34.309 33.898 33.756 36.951 36.832 36.396 37.209 38.394] )
Neighs (x-coords) of 1590 =  [1112 1300 3460] ( [59.291 57.97  58.067] )
Neighs (x-coords) of 1591 =  [ 581 2649  873 1592 2766  972 1376] ( [59.147 62.139 61.363 61.903 61.075 61.639 61.241] )
Neighs (x-coords) of 1592 =  [ 873 2766 1591 2649  972 1388  306 2235 2767] ( [61.363 61.075 60.478 62.139 61.639 62.318 61.709 63.532 61.297] )
Neighs (x-coords) of 1593 =  [ 931 1617 2722 2052 1243  520 2051] ( [57.116 56.882 54.97  57.568 55.26  58.136 58.801] )
Neighs (x-coords) of 1594 =  [ 859 1595 2377 2375 2117] ( [48.519 48.628 46.372 50.546 48.574] )
Neighs (x-coords) of 1595 =  [ 859 1594 2400  364 2376 2377  932] ( [48.519 49.066 48.426 46.198 46.483 46.372 50.746] )
Neighs (x-coords) of 1596 =  [ 773  993 1600 3039 3042 3223 2310  162  431 2347 3224 3082] ( [52.653 54.385 52.069 54.485 53.451 51.215 52.36  51.765 53.353 53.977 52.664 52.26 ] )
Neighs (x-coords) of 1597 =  [ 690 1606 2217  466 2237 2822 1879  997  461 2197] ( [37.856 37.579 36.183 35.499 35.525 38.96  38.119 39.902 39.858 39.765] )
Neighs (x-coords) of 1598 =  [ 848  851 1609 3298] ( [58.759 59.33  58.586 56.566] )
Neighs (x-coords) of 1599 =  [ 842 3298 1340  958 2946  848] ( [57.997 56.566 58.703 60.255 60.471 58.759] )
Neighs (x-coords) of 1600 =  [ 648  773  993 1596 3042 3223  234 1772 2758 2959 2310  162 3224  173] ( [51.685 52.653 54.385 53.496 53.451 51.215 50.162 50.975 49.651 51.121 52.36  51.765 52.664 51.628] )
Neighs (x-coords) of 1601 =  [1604  934] ( [49.358 49.045] )
Neighs (x-coords) of 1602 =  [1539 1526  729  302  849] ( [52.31  51.321 51.598 53.983 53.115] )
Neighs (x-coords) of 1603 =  [ 302  849 2736 1526  729 1314 1539 1602 2387  879] ( [53.983 53.115 54.276 51.321 51.598 53.745 52.31  52.781 55.545 54.676] )
Neighs (x-coords) of 1604 =  [ 339 3003 1601  934] ( [51.057 49.201 48.371 49.045] )
Neighs (x-coords) of 1605 =  [2329 3339 1607 2029  817 1248  850  380 2523 1379 2793 1015] ( [49.806 50.923 48.254 47.975 46.335 46.336 48.129 46.658 47.492 50.387 49.35  50.688] )
Neighs (x-coords) of 1606 =  [ 690 1597 3056 2237  736 1879 3184  461] ( [37.856 37.901 36.135 35.525 39.068 38.119 38.161 39.858] )
Neighs (x-coords) of 1607 =  [1274 2029  817 1248  850 1025 3370 3373 1379 1605 2393] ( [46.039 47.975 46.335 46.336 48.129 47.085 46.505 47.144 50.387 48.672 49.229] )
Neighs (x-coords) of 1608 =  [ 457 2556  603 1925   26  147  451 2555 3263 1926  701 1370 3354 2425 2430] ( [45.339 42.855 41.548 41.163 41.702 42.3   41.988 41.404 41.407 42.491 43.288 43.789 42.477 44.208 44.616] )
Neighs (x-coords) of 1609 =  [ 848  851 1598 1610 1828] ( [58.759 59.33  58.446 60.056 55.778] )
Neighs (x-coords) of 1610 =  [ 848  851 1609  815   31 1269  485 1829 1830] ( [58.759 59.33  58.586 60.47  60.162 61.204 62.17  61.813 62.055] )
Neighs (x-coords) of 1611 =  [1475 3163  759  776 1624 1626  715  351  682 2600  938 1615] ( [49.541 46.55  46.152 47.836 48.338 47.096 49.672 49.445 51.402 48.534 49.298 49.928] )
Neighs (x-coords) of 1612 =  [1613 2060 1047 3350 2286  484  852  302] ( [51.916 50.91  50.523 51.358 49.435 49.302 51.241 53.983] )
Neighs (x-coords) of 1613 =  [1612  852] ( [51.632 51.241] )
Neighs (x-coords) of 1614 =  [ 772  828  511 2038] ( [33.176 32.767 35.211 35.441] )
Neighs (x-coords) of 1615 =  [ 464  938 2206 2207 3201  776 1624  351  682 1527 1611 1531  745] ( [50.49  49.298 50.314 49.619 51.01  47.836 48.338 49.445 51.402 51.399 48.817 51.473 51.679] )
Neighs (x-coords) of 1616 =  [ 737  900 1645 2399  937  853 1634 1642] ( [35.855 36.11  35.591 32.987 33.647 33.446 33.672 35.748] )
Neighs (x-coords) of 1617 =  [ 931 1593 2722 2052 3365  520] ( [57.116 57.425 54.97  57.568 56.349 58.136] )
Neighs (x-coords) of 1618 =  [1264 1275  874 1619 3206 1271 1521  403 2429  839] ( [38.361 37.185 38.113 38.658 36.99  38.724 40.111 41.301 40.715 39.444] )
Neighs (x-coords) of 1619 =  [ 874  813 1264 1275 1618 1271 1521  403] ( [38.113 37.612 38.361 37.185 38.749 38.724 40.111 41.301] )
Neighs (x-coords) of 1620 =  [3156    6 3564 3446  755 3133  751 3144  960 1294] ( [34.487 32.315 31.939 32.411 35.262 34.754 34.155 34.492 34.455 35.202] )
Neighs (x-coords) of 1621 =  [ 894 1461 3185 2336  709 1513] ( [38.374 37.491 38.76  37.305 40.602 40.067] )
Neighs (x-coords) of 1622 =  [1121 3469 1496  293 1542 2801] ( [50.57  47.036 48.217 51.138 50.271 50.588] )
Neighs (x-coords) of 1623 =  [1069 1462 2830 1128 3254 3265  730 3300 1344  587 2020] ( [47.016 47.885 45.959 44.76  44.46  45.079 48.269 46.877 46.557 49.282 49.828] )
Neighs (x-coords) of 1624 =  [ 776 1626 1104 3143  351 2600 1611  464  938 1615 2206 2207  143] ( [47.836 47.096 46.651 46.405 49.445 48.534 48.817 50.49  49.298 49.928 50.314 49.619 49.755] )
Neighs (x-coords) of 1625 =  [2338 2595 2112  822 2111  686  880  895 1504 1506 3443 1627] ( [56.238 56.521 56.944 56.304 56.043 58.982 58.17  58.229 59.31  58.074 60.041 58.398] )
Neighs (x-coords) of 1626 =  [ 776 1624  884 1334  142 3162 3163  759 2972 3143  351 2600] ( [47.836 48.338 44.61  45.449 46.388 45.674 46.55  46.152 45.998 46.405 49.445 48.534] )
Neighs (x-coords) of 1627 =  [  23 2594 3361 1625  357 2595 2112  822 2111  895 1504 3443  399 2479 2480] ( [60.146 57.99  60.183 57.559 57.117 56.521 56.944 56.304 56.043 58.229 59.31  60.041 58.919 58.14  59.327] )
Neighs (x-coords) of 1628 =  [ 705 1668 2707 1683 2810  769 1350 1778 2769] ( [48.539 50.911 46.653 47.662 48.344 50.752 49.027 48.622 48.785] )
Neighs (x-coords) of 1629 =  [ 326 2665  441 2360  370  314  896 1630 2823 2530 2686] ( [53.208 52.532 50.904 51.515 51.313 51.732 52.899 53.512 54.081 52.034 55.649] )
Neighs (x-coords) of 1630 =  [ 896 2823 2695 1629  314 2584 2696  180 3500 3501  266  346  644 1836] ( [52.899 54.081 51.605 53.256 51.732 54.214 52.2   53.557 54.41  52.937 54.348 54.841 55.977 55.931] )
Neighs (x-coords) of 1631 =  [1541 2569  439 2365 1002 1636  478 1293  719] ( [54.201 53.38  52.018 52.562 53.503 52.645 53.947 54.688 54.921] )
Neighs (x-coords) of 1632 =  [ 289  897 2574 2625 2779  245 2909 2918 3363 1302 1633    2 2772] ( [45.175 42.888 42.9   44.163 44.981 41.108 42.069 40.953 41.625 43.778 43.203 43.794 45.515] )
Neighs (x-coords) of 1633 =  [ 245 2909 2918 3008  897 1632 2625    2 3600  524] ( [41.108 42.069 40.953 40.81  42.888 43.375 44.163 43.794 42.682 45.5  ] )
Neighs (x-coords) of 1634 =  [ 853 1642 2346  937  943 2343  900 1616] ( [33.446 35.748 32.956 33.647 33.487 34.394 36.11  33.785] )
Neighs (x-coords) of 1635 =  [1725  630 1726 1112 1590] ( [56.934 56.498 56.884 59.291 59.819] )
Neighs (x-coords) of 1636 =  [1002 1314 2364  196 1541 1631 2569 2365  719] ( [53.503 53.745 51.203 52.742 54.201 53.816 53.38  52.562 54.921] )
Neighs (x-coords) of 1637 =  [3584  518 2056 1465 2057  898 2570  384  766 1474 1638 2550] ( [36.847 37.167 36.422 39.26  37.78  38.981 38.171 38.965 39.622 40.475 39.941 39.686] )
Neighs (x-coords) of 1638 =  [ 793 2550 2057  898 2570 1637  384  875 1647 2350  766 1474 1367] ( [41.805 39.686 37.78  38.981 38.171 38.814 38.965 39.903 39.577 42.042 39.622 40.475 41.548] )
Neighs (x-coords) of 1639 =  [ 279 1640   72 3383  899 2917 2042 2889 1451] ( [59.966 58.981 57.238 57.179 59.251 58.87  59.134 60.712 61.472] )
Neighs (x-coords) of 1640 =  [ 279 1639 1291   72 3382 3383  473  312 2784 2785  899 2311 2917] ( [59.966 59.278 56.686 57.238 56.965 57.179 58.648 60.381 59.901 60.54  59.251 58.941 58.87 ] )
Neighs (x-coords) of 1641 =  [ 951 2146 2456  910 2454 2457  826  111 3436  971 1646  277 2832] ( [61.647 63.414 61.957 59.274 59.541 59.741 59.891 59.203 59.416 61.552 62.031 61.148 62.053] )
Neighs (x-coords) of 1642 =  [ 853 1634 2343  737  900 1616 1645 3182  918 2453  144 3244  411] ( [33.446 33.672 34.394 35.855 36.11  33.785 35.591 35.273 38.238 37.552 37.755 37.652 37.98 ] )
Neighs (x-coords) of 1643 =  [1510 2055 3558   15 3559  692 1304 1122] ( [68.695 67.842 65.818 66.121 66.381 67.752 67.036 68.317] )
Neighs (x-coords) of 1644 =  [  82  278 2568 2831 2552  774 1649 1420] ( [52.359 51.901 52.816 52.46  52.669 55.077 55.568 55.233] )
Neighs (x-coords) of 1645 =  [ 737  900 1616 2399 2916  937 2410  583 1989  853 1634 1642 3182  144] ( [35.855 36.11  33.785 32.987 35.706 33.647 33.848 34.535 35.485 33.446 33.672 35.748 35.273 37.755] )
Neighs (x-coords) of 1646 =  [3499 3436  951 1641 2146 3213  166 2145] ( [60.351 59.416 61.647 61.318 63.414 61.552 62.167 64.008] )
Neighs (x-coords) of 1647 =  [ 875 1648 2350 2447 2597  898  223 3060 3061] ( [39.903 40.276 42.042 38.699 37.33  38.981 40.171 41.026 39.58 ] )
Neighs (x-coords) of 1648 =  [ 875 1647 2447 1010 3286] ( [39.903 39.577 38.699 40.401 40.258] )
Neighs (x-coords) of 1649 =  [ 774 1644 1102 1249 1420  574 1891 1892] ( [55.077 54.24  56.052 56.714 55.233 55.318 54.679 55.512] )
Neighs (x-coords) of 1650 =  [ 423 2488  772 1614  828  303] ( [34.757 35.226 33.176 33.33  32.767 35.016] )
Neighs (x-coords) of 1651 =  [ 854 2298 2299 1012 2679 1652  472  501] ( [53.434 53.427 52.799 51.506 50.292 53.187 52.914 55.656] )
Neighs (x-coords) of 1652 =  [ 486 1807 1808  854 1651 1881  501] ( [52.618 51.718 53.008 53.434 53.108 55.116 55.656] )
Neighs (x-coords) of 1653 =  [ 863 1587 2818  268  893 1460   11 1666   44 2817 3536 3537  102] ( [68.001 69.076 66.241 66.392 68.238 67.72  67.832 68.13  69.005 67.344 69.68  68.374 70.503] )
Neighs (x-coords) of 1654 =  [ 536 2283 3513 3186 3108  926 2652] ( [42.506 42.696 44.243 43.452 46.196 45.599 46.932] )
Neighs (x-coords) of 1655 =  [ 864 1656 2104 1805   92 1664 3304  629 1728 2341] ( [40.423 41.149 42.149 39.274 37.931 37.457 38.766 38.254 38.4   41.432] )
Neighs (x-coords) of 1656 =  [ 864 1655 2104  433 2341  713 1466 1467] ( [40.423 39.755 42.149 41.536 41.432 40.901 40.089 41.562] )
Neighs (x-coords) of 1657 =  [ 419 1712 2863 2864  534 2169 1255  202  770  778 2998] ( [57.719 59.831 57.835 58.547 56.632 56.927 59.989 59.372 59.485 58.63  59.862] )
Neighs (x-coords) of 1658 =  [ 688 2536 1416  122 1662 3022  550 1549 2083 2084  691  392 2537 2704] ( [53.936 53.607 50.421 53.576 53.686 54.034 53.859 52.096 52.908 54.15  52.362 54.479 52.283 55.951] )
Neighs (x-coords) of 1659 =  [ 159 3271 3272 1654 3513 3515 3186  148  926 2652 3516 3517] ( [47.601 47.913 46.925 45.078 44.243 45.423 43.452 48.091 45.599 46.932 46.939 45.52 ] )
Neighs (x-coords) of 1660 =  [ 865 1389 1661 2929 2908  762 1663  866] ( [35.619 34.854 36.284 32.93  33.072 34.218 35.991 36.579] )
Neighs (x-coords) of 1661 =  [ 865 1389 1660 3545 1078  762 1663 3094 2170 1485  866 1664  629 1728] ( [35.619 34.854 35.049 35.983 35.945 34.218 35.991 36.717 36.604 36.587 36.579 37.457 38.254 38.4  ] )
Neighs (x-coords) of 1662 =  [ 320 2395 3022 2396  122  428  688 1658 2536 2703 2925 1099 2922 2704] ( [51.844 52.002 54.034 51.243 53.576 51.711 53.936 53.258 53.607 56.003 56.105 55.47  55.07  55.951] )
Neighs (x-coords) of 1663 =  [ 679 2139  865 1660 1661  533   92  588  866 1664 2018 1729] ( [34.253 34.561 35.619 35.049 36.284 36.416 37.931 37.083 36.579 37.457 36.368 37.312] )
Neighs (x-coords) of 1664 =  [  92  588  866 2018 3304 1661 1663  533 1805 2170  629 1728 1729 3305] ( [37.931 37.083 36.579 36.368 38.766 36.284 35.991 36.416 39.274 36.604 38.254 38.4   37.312 37.267] )
Neighs (x-coords) of 1665 =  [ 906 1670 1900  570 1899] ( [52.478 51.71  53.477 53.832 53.642] )
Neighs (x-coords) of 1666 =  [  11 3405 2818  984 2975 2978  863 1653   44 2817 3536 3537  102 3419] ( [67.832 67.173 66.241 66.589 66.077 66.229 68.001 68.741 69.005 67.344 69.68  68.374 70.503 70.041] )
Neighs (x-coords) of 1667 =  [2790  957 1105 1704 1512 2161 1104 3143  208 3100] ( [42.952 44.274 42.88  44.063 44.469 45.828 46.651 46.405 46.315 46.249] )
Neighs (x-coords) of 1668 =  [ 705 1628  769 1350 1673  976  963 3023  215] ( [48.539 49.118 50.752 49.027 50.378 53.15  52.779 52.73  52.491] )
Neighs (x-coords) of 1669 =  [ 428  867 1681 3371 2000 2395  593 1872  939 3491 3495] ( [51.711 53.453 53.811 51.686 53.762 52.002 52.794 52.292 55.439 56.153 55.25 ] )
Neighs (x-coords) of 1670 =  [ 906 1665 2869 1783] ( [52.478 53.171 51.727 51.278] )
Neighs (x-coords) of 1671 =  [ 754  868 1672 1922  747 2332 1950 3137  995 1550 3136  595 1091 1547  642] ( [55.208 56.698 56.506 56.008 54.091 54.165 53.065 54.495 54.476 53.974 55.838 55.358 57.32  55.34  57.98 ] )
Neighs (x-coords) of 1672 =  [ 754  868 1671  747 2332 3137  374 2499 2500 3136  642] ( [55.208 56.698 55.842 54.091 54.165 54.495 56.427 57.022 55.631 55.838 57.98 ] )
Neighs (x-coords) of 1673 =  [ 769 1350 3401  860   68 1700  462 1668  963] ( [50.752 49.027 50.178 48.336 49.703 48.964 49.977 50.911 52.779] )
Neighs (x-coords) of 1674 =  [ 869 1676  927 2358 2362  562 2088 2089 2854] ( [64.579 64.546 62.235 62.482 62.434 64.353 64.108 65.312 63.801] )
Neighs (x-coords) of 1675 =  [1550 3490 2472  687 1555 1428 3253  659 1949 1950  930] ( [53.974 52.595 51.387 51.384 51.167 49.777 50.61  52.194 52.055 53.065 52.574] )
Neighs (x-coords) of 1676 =  [ 869 1674 2362 2441  422 2433 1455 1064] ( [64.579 64.589 62.434 62.456 62.57  63.211 64.241 66.969] )
Neighs (x-coords) of 1677 =  [ 590 2022  492 1589  584  909 1987 3018  385 2572 2628] ( [36.396 36.855 35.632 35.992 39.322 36.951 38.574 38.394 37.117 36.394 37.612] )
Neighs (x-coords) of 1678 =  [ 596 1122  541  692 1304 1753 1510 1643 2055  519] ( [68.838 68.317 65.39  67.752 67.036 66.959 68.695 67.485 67.842 68.068] )
Neighs (x-coords) of 1679 =  [ 477  870 2331 1680 1065 3477 3526   56 3542] ( [57.718 59.674 58.019 58.999 58.612 59.306 58.396 61.441 61.673] )
Neighs (x-coords) of 1680 =  [2323 3539  477  870 1679 2331 1065] ( [56.805 60.046 57.718 59.674 60.134 58.019 58.612] )
Neighs (x-coords) of 1681 =  [ 428  867 1669 3371  579 2000 2395 1999  939 1099 2922 3491] ( [51.711 53.453 53.242 51.686 54.467 53.762 52.002 55.271 55.439 55.47  55.07  56.153] )
Neighs (x-coords) of 1682 =  [1588 2692 1054 3570 3573 2107  185  871] ( [54.322 54.177 50.882 50.897 51.292 51.157 53.054 53.933] )
Neighs (x-coords) of 1683 =  [1363 1435 2062 1113 2707 2810 1350 1778  705] ( [44.913 45.234 46.372 45.742 46.653 48.344 49.027 48.622 48.539] )
Neighs (x-coords) of 1684 =  [ 862 3265  703 1237 2397   52 1698 3592 1000 1128 3254 1776 1384] ( [42.624 45.079 41.645 40.898 40.84  40.06  42.114 40.816 42.239 44.76  44.46  43.874 42.582] )
Neighs (x-coords) of 1685 =  [ 193 2751 3485 3486 2125   99  941 3308 3345  305  885 2759] ( [37.108 39.285 37.12  37.073 39.134 38.342 39.385 37.49  38.976 40.061 40.932 39.755] )
Neighs (x-coords) of 1686 =  [1130 1711 2677 2714  756 3199 1573 1784] ( [64.676 64.394 62.239 63.206 61.921 63.085 66.114 65.794] )
Neighs (x-coords) of 1687 =  [ 855 1089  728 2093 2784  279 1688 2890] ( [59.111 60.062 58.275 60.344 59.901 59.966 58.702 60.382] )
Neighs (x-coords) of 1688 =  [2890 3382 2176  728  855 1687  279] ( [60.382 56.965 56.8   58.275 59.111 59.953 59.966] )
Neighs (x-coords) of 1689 =  [1050 3555 1685   99  941 3345  305  885 2759 3591  245 2909 2918] ( [41.3   41.173 38.829 38.342 39.385 38.976 40.061 40.932 39.755 42.341 41.108 42.069 40.953] )
Neighs (x-coords) of 1690 =  [ 856 2887 2262  386 2627 2880 1691 3204 1915  599] ( [38.651 37.363 39.144 37.529 37.272 38.645 38.361 40.94  41.274 40.999] )
Neighs (x-coords) of 1691 =  [ 819 1349 2627  856 1690 2887  260 2880 2258 1915  599] ( [36.748 37.507 37.272 38.651 39.102 37.363 37.686 38.645 37.986 41.274 40.999] )
Neighs (x-coords) of 1692 =  [3047 2843 2510  771 1703  987 2997] ( [38.507 41.66  39.644 40.522 40.166 40.893 41.432] )
Neighs (x-coords) of 1693 =  [ 689 1102 1420] ( [54.428 56.052 55.233] )
Neighs (x-coords) of 1694 =  [ 592  857 2014 2445  657 1736 1737 2679 1695] ( [50.512 50.653 49.81  47.227 48.439 47.689 48.289 50.292 50.905] )
Neighs (x-coords) of 1695 =  [1953  657  592  857 1694 2299] ( [49.381 48.439 50.512 50.653 49.776 52.799] )
Neighs (x-coords) of 1696 =  [ 945 1713 2910  726 1578  585 2002 1579 1528 1556 2003  246] ( [42.318 42.317 40.167 39.21  38.767 40.877 41.565 39.508 39.815 40.562 40.887 40.704] )
Neighs (x-coords) of 1697 =  [2214 3336  858 1699 2221  502  908 3062] ( [40.524 42.053 41.862 41.755 41.632 41.962 42.997 43.425] )
Neighs (x-coords) of 1698 =  [  52 3592  703 1237 1335 1128 3254  862] ( [40.06  40.816 41.645 40.898 42.069 44.76  44.46  42.624] )
Neighs (x-coords) of 1699 =  [ 858  997 2819 2214 3062] ( [41.862 39.902 40.329 40.524 43.425] )
Neighs (x-coords) of 1700 =  [  68  860 1702  462 2213 1673] ( [49.703 48.336 47.503 49.977 49.267 50.378] )
Neighs (x-coords) of 1701 =  [1236  301  689 2748 3242 1693 1102 1249 1420  177 3071  829 2130 2131] ( [57.    52.942 54.428 52.684 54.266 54.858 56.052 56.714 55.233 55.03  55.959 55.305 54.558 55.678] )
Neighs (x-coords) of 1702 =  [ 860  979 1507 1559  537 2061 1700] ( [48.336 46.254 46.582 46.756 46.642 45.843 48.964] )
Neighs (x-coords) of 1703 =  [ 771  205 3027 3047 1535 1692  987 2997   33] ( [40.522 38.103 37.986 38.507 38.52  40.592 40.893 41.432 40.731] )
Neighs (x-coords) of 1704 =  [ 239 1105 2904 2905 3147 1111 3130  884 1333 1334  957 1667 2790 2161 1104] ( [44.779 42.88  43.827 45.064 42.277 41.906 41.357 44.61  43.948 45.449 44.274 44.521 42.952 45.828 46.651] )
Neighs (x-coords) of 1705 =  [1126 2702  844 2122 2123   81 2551 2655 1706  105 3411  329  638  872] ( [49.039 49.215 49.863 50.089 49.406 51.02  51.454 53.218 51.855 51.567 52.425 53.766 53.71  52.179] )
Neighs (x-coords) of 1706 =  [ 781 1270 1798 1708 2702 2123 1705 1272 2655  105 3411  329] ( [54.261 53.72  51.189 49.901 49.215 49.406 51.409 53.614 53.218 51.567 52.425 53.766] )
Neighs (x-coords) of 1707 =  [ 949  448 2460 3369  950 2990 2993 1710   65] ( [64.323 62.006 62.146 63.562 62.52  63.477 62.418 64.473 64.058] )
Neighs (x-coords) of 1708 =  [ 861 2702 1123 2718  230 1709 3285 1798 2949  169] ( [49.122 49.215 48.054 48.185 51.459 49.213 50.974 51.189 51.583 51.562] )
Neighs (x-coords) of 1709 =  [1074 2898 3285 2156 1123 2752 2893  230 2715  861 1708 2949] ( [49.153 49.871 50.974 47.239 48.054 46.543 48.356 51.459 48.709 49.122 49.901 51.583] )
Neighs (x-coords) of 1710 =  [ 448 1508 2433 2460 3369  949 1707] ( [62.006 62.228 63.211 62.146 63.562 64.323 64.216] )
Neighs (x-coords) of 1711 =  [1130 1686 1110 2674 2677 2714  734 1573 1449] ( [64.676 63.938 62.356 62.495 62.239 63.206 66.246 66.114 66.617] )
Neighs (x-coords) of 1712 =  [ 419 1657 2863 2864 2169 2890 1255 3468  770 2998 1146 3230] ( [57.719 58.659 57.835 58.547 56.927 60.382 59.989 60.417 59.485 59.862 62.036 61.342] )
Neighs (x-coords) of 1713 =  [ 945 1696 2910  246 2926  525  382 2154] ( [42.318 41.418 40.167 40.704 41.111 44.188 44.906 44.633] )
Neighs (x-coords) of 1714 =  [  24  137 2981 3360  708 1509 2547  961 2941] ( [43.506 44.185 44.482 44.022 44.797 44.167 46.03  46.157 46.868] )
Neighs (x-coords) of 1715 =  [ 805 1414 1415 2045  782 1255 3468 1256 1979 1016 3328   39] ( [62.134 62.763 61.386 59.778 60.292 59.989 60.417 59.516 62.113 60.62  62.79  60.941] )
Neighs (x-coords) of 1716 =  [ 178  833 2023] ( [60.536 59.311 59.679] )
Neighs (x-coords) of 1717 =  [3571  395 2408 3393  633 1732  725 1574] ( [44.163 41.996 41.054 41.706 42.054 42.228 44.538 44.758] )
Neighs (x-coords) of 1718 =  [1152 1169 1162 1220 1228 1727 1841 1165 1777 1182 1198 1793] ( [50.19  51.406 50.123 51.331 49.365 49.06  49.998 52.353 53.315 51.942 53.052 52.605] )
Neighs (x-coords) of 1719 =  [  45  632 3575  283 1328 2878  694 1052 1233 2971  241 2931 2932 1720  379 2524 2600] ( [46.677 48.288 46.226 45.911 47.225 45.623 45.55  48.001 46.466 46.134 49.258 49.977 48.549 49.221 49.381 48.634 48.534] )
Neighs (x-coords) of 1720 =  [ 632 1719  333  241 2931 2932  379 2524 2591] ( [48.288 47.837 48.364 49.258 49.977 48.549 49.381 48.634 49.873] )
Neighs (x-coords) of 1721 =  [1215 1724 1217 1738 1218 1752 1162] ( [48.427 47.517 48.124 47.936 49.413 50.145 50.123] )
Neighs (x-coords) of 1722 =  [ 358 3378  996 3010   30 3543  796 1439 1046 3037  631 1723] ( [49.739 49.111 48.377 47.869 45.686 45.761 47.266 47.767 49.933 49.257 49.304 49.988] )
Neighs (x-coords) of 1723 =  [ 631 1439 1046 3037  358 1722 2610 3378 2493] ( [49.304 47.767 49.933 49.257 49.739 48.527 50.704 49.111 49.51 ] )
Neighs (x-coords) of 1724 =  [1137 1215 2622 1217 1849 1738 1218 1224 1752] ( [48.062 48.427 45.173 48.124 47.22  47.936 49.413 48.588 50.145] )
Neighs (x-coords) of 1725 =  [2680  630 1726 1112] ( [55.782 56.498 56.884 59.291] )
Neighs (x-coords) of 1726 =  [ 630  195 3461 1725 2680 3460 1112 3139] ( [56.498 57.431 56.579 56.934 55.782 58.067 59.291 58.387] )
Neighs (x-coords) of 1727 =  [1162 1220 1228 2220 1217 1849 1738 2188 1841] ( [50.123 51.331 49.365 46.828 48.124 47.22  47.936 48.927 49.998] )
Neighs (x-coords) of 1728 =  [ 629 1729  865 1661 1485 1486  866 1664  713 1466   73  864 1655] ( [38.254 37.312 35.619 36.284 36.587 37.977 36.579 37.457 40.901 40.089 40.088 40.423 39.755] )
Neighs (x-coords) of 1729 =  [ 629 1728  865 1660 1661 1663 3152  718 1485 1486  866 1664  597 1918] ( [38.254 38.4   35.619 35.049 36.284 35.991 35.506 37.066 36.587 37.977 36.579 37.457 37.662 38.096] )
Neighs (x-coords) of 1730 =  [1192 1747 1172 1197 1844 1862] ( [50.386 50.641 51.361 51.302 50.294 52.402] )
Neighs (x-coords) of 1731 =  [2873 3594 3568  628 2980] ( [47.465 45.959 48.387 48.607 50.665] )
Neighs (x-coords) of 1732 =  [ 633 3393  403 2428  725 1717 3571 2816  742] ( [42.054 41.706 41.301 41.916 44.538 42.925 44.163 43.37  42.524] )
Neighs (x-coords) of 1733 =  [ 138 1490 1731 2873 3583 3594   46 3568  628] ( [50.623 48.842 48.153 47.465 47.24  45.959 48.099 48.387 48.607] )
Neighs (x-coords) of 1734 =  [1196 1187 1161 1213 1762 1781 2245  903 2306 1794 1145 1184 1211] ( [47.138 46.527 47.151 48.149 46.634 47.593 46.477 46.363 46.49  48.851 49.172 49.254 48.957] )
Neighs (x-coords) of 1735 =  [ 788 1293 3456 1886 2794  578 1888  663 1131 1981  635 1751] ( [55.101 54.688 53.358 52.356 53.926 52.598 53.062 57.376 54.694 56.875 55.733 55.517] )
Neighs (x-coords) of 1736 =  [ 412  476  639  657 1737 2326 2325 2445 1954 2444 1081 2036  592 1694 2014] ( [46.737 45.507 47.72  48.439 48.289 45.466 45.381 47.227 48.024 46.34  48.321 47.81  50.512 49.776 49.81 ] )
Neighs (x-coords) of 1737 =  [ 412  476  639 1736 2326 2727 3481   34 2059 3320  317  517 1694] ( [46.737 45.507 47.72  47.689 45.466 48.354 46.354 46.564 48.471 46.283 48.588 48.541 49.776] )
Neighs (x-coords) of 1738 =  [1215 1724 1217 1849 3380 1721 1228 1727] ( [48.427 47.517 48.124 47.22  47.384 48.931 49.365 49.06 ] )
Neighs (x-coords) of 1739 =  [ 638 1740  329 2656 1108 2730] ( [53.71  53.966 53.766 54.298 56.331 56.416] )
Neighs (x-coords) of 1740 =  [ 638  872 1739 1705 2551  329 2656 1108 2730] ( [53.71  52.179 54.495 51.409 51.454 53.766 54.298 56.331 56.416] )
Neighs (x-coords) of 1741 =  [1179 1181 1199 1789 1148 1159 1188 1194 2205 1163 2198 1177] ( [51.898 52.145 52.412 50.906 53.301 51.782 52.312 52.571 53.645 52.84  53.804 52.893] )
Neighs (x-coords) of 1742 =  [ 637 1743 1023 2543  460 2546 2180 2454 1887] ( [57.8   57.442 59.043 59.148 58.203 59.104 57.601 59.541 60.877] )
Neighs (x-coords) of 1743 =  [ 574 1891 2586  345 2587 1892 2546  637 1742  521] ( [55.318 54.679 55.954 55.844 55.052 55.512 59.104 57.8   58.732 58.202] )
Neighs (x-coords) of 1744 =  [1211 2195 1213 1781 1222 2267 1794] ( [48.957 49.412 48.149 47.593 48.154 47.091 48.851] )
Neighs (x-coords) of 1745 =  [ 454  636 2756 2355] ( [64.144 66.283 64.108 64.526] )
Neighs (x-coords) of 1746 =  [ 454  636 1745] ( [64.144 66.283 66.345] )
Neighs (x-coords) of 1747 =  [1192 1750 1832 1730 1172 1197 2208 2264] ( [50.386 49.343 50.418 51.494 51.361 51.302 52.726 52.533] )
Neighs (x-coords) of 1748 =  [ 647 1749  291  930 2806 2807 3507 3510] ( [55.234 56.127 52.705 52.574 52.464 53.67  53.021 52.675] )
Neighs (x-coords) of 1749 =  [ 647 1748 2807 3136  754 1922  595] ( [55.234 54.705 53.67  55.838 55.208 56.008 55.358] )
Neighs (x-coords) of 1750 =  [1832 1192 1747 1172 1175 1197 1771] ( [50.418 50.386 50.641 51.361 51.055 51.302 49.964] )
Neighs (x-coords) of 1751 =  [ 635 1888 1735  663 1981] ( [55.733 53.062 55.066 57.376 56.875] )
Neighs (x-coords) of 1752 =  [1218 1224 1137 1215 1724 1721 1162 1220] ( [49.413 48.588 48.062 48.427 47.517 48.931 50.123 51.331] )
Neighs (x-coords) of 1753 =  [ 627 2041 2142 1304 1754 1122] ( [66.528 66.021 67.368 67.036 66.812 68.317] )
Neighs (x-coords) of 1754 =  [ 627  516 2041 2043] ( [66.528 65.165 66.021 64.528] )
Neighs (x-coords) of 1755 =  [ 216  649 1770 3264  147  451 3119 3263  470 2304 2305 2556] ( [42.63  43.6   43.899 42.859 42.3   41.988 41.751 41.407 41.576 41.938 40.921 42.855] )
Neighs (x-coords) of 1756 =  [1777 1185 1198 1835 1202 1210 1768  357] ( [53.315 54.285 53.052 53.331 56.517 55.33  57.346 57.117] )
Neighs (x-coords) of 1757 =  [ 650 1758 3094 1078 1956   99 3308 3345  920 2007  622] ( [38.747 38.144 36.717 35.945 35.679 38.342 37.49  38.976 37.082 38.983 39.74 ] )
Neighs (x-coords) of 1758 =  [ 650 1757 3094 1078 3545 3345  920 3503  752 3141] ( [38.747 38.213 36.717 35.945 35.983 38.976 37.082 37.382 40.389 39.815] )
Neighs (x-coords) of 1759 =  [1158 1170 1209 1862 1774 1169 1172 1175 1783 1149 1165] ( [51.761 51.894 52.791 52.402 50.852 51.406 51.361 51.055 51.278 53.93  52.353] )
Neighs (x-coords) of 1760 =  [3467 1146 2968 3183  516 2043  541 2259  675] ( [61.846 62.036 62.84  61.841 65.165 64.528 65.39  65.13  63.889] )
Neighs (x-coords) of 1761 =  [ 174  675 1146 2968 3080 3183 1760  541 2259 2260 3241] ( [64.031 63.889 62.036 62.84  63.144 61.841 63.859 65.39  65.13  65.966 64.461] )
Neighs (x-coords) of 1762 =  [1161 1213 1781 2318 1191 1193 1171 1196 1734 2306] ( [47.151 48.149 47.593 44.715 44.622 45.238 46.498 47.138 47.62  46.49 ] )
Neighs (x-coords) of 1763 =  [2424 3222  563 2100 2177 3179  738  970  674] ( [35.345 36.229 34.878 34.432 35.763 38.645 38.303 37.004 36.816] )
Neighs (x-coords) of 1764 =  [ 561  674 2092 3222 1763 2424  738  970  784] ( [39.379 36.816 39.182 36.229 36.065 35.345 38.303 37.004 37.926] )
Neighs (x-coords) of 1765 =  [1221 1166 1180 1786 2309 1214 1826 1865 1202 1226] ( [55.642 54.45  54.053 53.648 53.728 54.453 54.748 54.965 56.517 56.677] )
Neighs (x-coords) of 1766 =  [ 934 1601  820 1036 2117 3435 3442  673 1767 3307] ( [49.045 48.371 47.913 51.004 48.574 50.295 50.61  49.752 48.892 51.185] )
Neighs (x-coords) of 1767 =  [ 673  126 3011 2352 2353] ( [49.752 47.757 47.386 47.327 46.875] )
Neighs (x-coords) of 1768 =  [1202 1210 1226  357 1756 1780] ( [56.517 55.33  56.677 57.117 55.236 57.63 ] )
Neighs (x-coords) of 1769 =  [ 884 1333 1334  744 3203  672 1791 1553 2589  142 2971 3162] ( [44.61  43.948 45.449 41.817 41.939 44.009 43.79  43.461 43.035 46.388 46.134 45.674] )
Neighs (x-coords) of 1770 =  [ 649 1755 3264 3535  451 2189 2556 2815 1038   30 3543] ( [43.6   42.639 42.859 45.418 41.988 45.366 42.855 42.976 45.491 45.686 45.761] )
Neighs (x-coords) of 1771 =  [1172 1175 1783 1844 2236 1192 1750 1774 1832 1152 1169 1158] ( [51.361 51.055 51.278 50.294 47.941 50.386 49.343 50.852 50.418 50.19  51.406 51.761] )
Neighs (x-coords) of 1772 =  [ 234  309 2758 2959 2967  592 2012 2014  653 1961  648  773 1600 1773] ( [50.162 48.834 49.651 51.121 49.829 50.512 51.286 49.81  50.187 49.892 51.685 52.653 52.069 51.849] )
Neighs (x-coords) of 1773 =  [ 275 2839 2847 1772 2959 2967  653 1961 1962  648 3039 3042 2778  651 1986] ( [53.377 52.644 53.284 50.975 51.121 49.829 50.187 49.892 50.293 51.685 54.485 53.451 52.655 52.387 52.76 ] )
Neighs (x-coords) of 1774 =  [1832 1135 1814 1192 1169 1175 1771 1186 1158 1170 1209] ( [50.418 49.286 51.419 50.386 51.406 51.055 49.964 52.523 51.761 51.894 52.791] )
Neighs (x-coords) of 1775 =  [ 626 1029 1776 2773 2905 1128 3300] ( [44.057 42.449 43.874 42.502 45.064 44.76  46.877] )
Neighs (x-coords) of 1776 =  [ 626 1029 1775 2773 2846  239 1105 2904 2905 1128 3254 1684 1384] ( [44.057 42.449 44.992 42.502 44.504 44.779 42.88  43.827 45.064 44.76  44.46  42.659 42.582] )
Neighs (x-coords) of 1777 =  [1165 1169 1718 1786 1170 1759 1182 1185 1198 1835 1210] ( [52.353 51.406 51.127 53.648 51.894 52.985 51.942 54.285 53.052 53.331 55.33 ] )
Neighs (x-coords) of 1778 =  [ 537 1779 2062 2707 1683  625 2213  705] ( [46.642 48.415 46.372 46.653 47.662 49.043 49.267 48.539] )
Neighs (x-coords) of 1779 =  [2240  462  625 2213 1997 1998] ( [50.854 49.977 49.043 49.267 50.325 48.974] )
Neighs (x-coords) of 1780 =  [1221 1765 1828 1202 1226 1768 1609] ( [55.642 55.216 55.778 56.517 56.677 57.346 58.586] )
Neighs (x-coords) of 1781 =  [1161 1213 1762 1734 1222 2267 2306 1794 1211] ( [47.151 48.149 46.634 47.62  48.154 47.091 46.49  48.851 48.957] )
Neighs (x-coords) of 1782 =  [ 624 1790 3521 3112 1903 2639  368 3111  364 2376] ( [43.588 44.25  41.51  42.274 45.201 43.543 42.951 43.367 46.198 46.483] )
Neighs (x-coords) of 1783 =  [1172 1175 1197 1771 1844 1169 1170 1759 1862 1838] ( [51.361 51.055 51.302 49.964 50.294 51.406 51.894 52.985 52.402 52.07 ] )
Neighs (x-coords) of 1784 =  [1449 3377   62 1130 1686 1711  623 1785 3384  786 3343 3424   11 3405] ( [66.617 64.707 64.719 64.676 63.938 64.394 65.82  65.203 64.205 67.512 67.975 66.854 67.832 67.173] )
Neighs (x-coords) of 1785 =  [ 623 3384 1150 3199   62 1784 3377 2414 2417  924 3405] ( [65.82  64.205 62.369 63.085 64.719 65.794 64.707 64.963 66.417 65.695 67.173] )
Neighs (x-coords) of 1786 =  [1166 1180 1189 2194 1220 1138 2309 1149 1777 1185 1214 1826 1865] ( [54.45  54.053 52.916 52.051 51.331 51.909 53.728 53.93  53.315 54.285 54.453 54.748 54.965] )
Neighs (x-coords) of 1787 =  [1024 2164 2469  445 1788  928 3057  634 2934] ( [53.606 53.569 52.328 52.382 54.401 56.343 55.697 54.774 56.854] )
Neighs (x-coords) of 1788 =  [1464 1787  445 1495  634  432  233 2961] ( [52.889 54.381 52.382 54.291 54.774 56.393 55.889 56.689] )
Neighs (x-coords) of 1789 =  [1184 1168 2300 1151 2255 1159 1183 1188 1194 2202 1179 1181 1199] ( [49.254 50.479 50.467 48.851 51.038 51.782 51.714 52.312 52.571 51.955 51.898 52.145 52.412] )
Neighs (x-coords) of 1790 =  [ 624 1782 3112  364 2376] ( [43.588 44.113 42.274 46.198 46.483] )
Neighs (x-coords) of 1791 =  [ 672 1282 1545  744 3203 1279 1273  886 1553 1769  694  142 2971] ( [44.009 42.121 41.953 41.817 41.939 43.44  45.048 42.782 43.461 44.066 45.55  46.388 46.134] )
Neighs (x-coords) of 1792 =  [ 640 1858 3587   54 3588  508   50 3598] ( [65.579 65.513 63.835 63.295 62.547 63.563 62.669 62.563] )
Neighs (x-coords) of 1793 =  [1182 1185 1198 1214 1220 1841 1718 2261] ( [51.942 54.285 53.052 54.453 51.331 49.998 51.127 53.652] )
Neighs (x-coords) of 1794 =  [1734 1161 1213 1762 1781 2306 1211 1744] ( [47.62  47.151 48.149 46.634 47.593 46.49  48.957 49.811] )
Neighs (x-coords) of 1795 =  [ 490  720 1489 1796 2676 2356  124  385  133 3033  741] ( [39.093 36.942 37.603 38.723 39.389 36.    39.285 37.117 37.08  36.46  39.793] )
Neighs (x-coords) of 1796 =  [ 490 1489 1795 2676 2356  385 2628  487] ( [39.093 37.603 38.702 39.389 36.    37.117 37.612 39.231] )
Neighs (x-coords) of 1797 =  [1201 1223 1164 1203 1204 1205 1800 1806 1803 1140] ( [47.358 48.16  47.749 47.085 47.799 47.076 46.003 48.15  46.609 50.686] )
Neighs (x-coords) of 1798 =  [ 489  230 1708  844 1799 2123 2949 2958  215 3122 3123 1272 2655] ( [50.801 51.459 49.901 49.863 51.228 49.406 51.583 52.344 52.491 52.296 52.848 53.614 53.218] )
Neighs (x-coords) of 1799 =  [ 844 2122 2123  489 1798  215 3122 3123] ( [49.863 50.089 49.406 50.801 51.189 52.491 52.296 52.848] )
Neighs (x-coords) of 1800 =  [1164 1203 1204 1205 1219 1831 1856 1160 2245  903 1201 1207 1803] ( [47.749 47.085 47.799 47.076 44.896 44.793 44.378 47.255 46.477 46.363 47.358 46.353 46.609] )
Neighs (x-coords) of 1801 =  [ 488 2288 2802 1406] ( [40.407 42.306 38.129 40.893] )
Neighs (x-coords) of 1802 =  [1406 1103 2802 3180  488 1801] ( [40.893 37.304 38.129 38.51  40.407 40.776] )
Neighs (x-coords) of 1803 =  [2238 1219 1856 1207 1164 1203 1205 1800 1806 1208 2229] ( [45.964 44.896 44.378 46.353 47.749 47.085 47.076 46.003 48.15  46.467 46.803] )
Neighs (x-coords) of 1804 =  [ 487  533 1805 2170 3098  920 2007 3094 1796 2676  336  622] ( [39.231 36.416 39.274 36.604 36.302 37.082 38.983 36.717 38.723 39.389 39.156 39.74 ] )
Neighs (x-coords) of 1805 =  [ 487  533 1804 2170 2676  336 1664  433 2341 2342] ( [39.231 36.416 38.591 36.604 39.389 39.156 37.457 41.536 41.432 41.552] )
Neighs (x-coords) of 1806 =  [1164 1203 1204 1205 1207 1810 1208 1867 1803 1151 1797] ( [47.749 47.085 47.799 47.076 46.353 46.863 46.467 47.539 46.609 48.851 48.577] )
Neighs (x-coords) of 1807 =  [ 486 1652 1808  293 2801  714 1469 1470 2689] ( [52.618 53.187 53.008 51.138 50.588 50.574 50.997 50.355 50.375] )
Neighs (x-coords) of 1808 =  [ 486 1652 1807 1469 1470 2808  616] ( [52.618 53.187 51.718 50.997 50.355 51.949 55.845] )
Neighs (x-coords) of 1809 =  [ 563 2100 2177 2549    8 3552 3553 2840 3334 1811  491  505] ( [34.878 34.432 35.763 35.148 34.744 34.875 33.936 34.761 36.538 37.152 37.101 38.394] )
Neighs (x-coords) of 1810 =  [1207 3150 1219 1853 1831 1203 1204 1205 1806 1208 1867 2247 1151 1119] ( [46.353 48.333 44.896 44.382 44.793 47.085 47.799 47.076 48.15  46.467 47.539 45.981 48.851 48.554] )
Neighs (x-coords) of 1811 =  [1117 3331 1011    8 3552 1809 2840 3334  491  505 2251 3249 2470] ( [39.047 37.034 36.276 34.744 34.875 36.242 34.761 36.538 37.101 38.394 39.129 38.878 37.068] )
Neighs (x-coords) of 1812 =  [ 274 2840 2841  214 3124  492 1827 2015 3125  907 2470 1330] ( [34.1   34.761 33.514 33.977 33.784 35.632 34.787 36.036 33.994 37.343 37.068 37.222] )
Neighs (x-coords) of 1813 =  [ 497 1984 2724    3  393 2647 2648 1084 2495 2498  427] ( [38.257 37.376 38.278 37.891 37.765 37.698 37.319 40.747 40.719 39.906 39.922] )
Neighs (x-coords) of 1814 =  [1135 1140 2024 1774 2185 1179 1163 1173 1186 2198 1189 2194 1158] ( [49.286 50.686 49.235 50.852 53.259 51.898 52.84  53.356 52.523 53.804 52.916 52.051 51.761] )
Neighs (x-coords) of 1815 =  [ 496 1040 1345 1816  217 3116 2580 1088 1234 1261] ( [60.669 63.018 63.53  59.789 59.636 60.237 61.359 62.679 62.807 61.742] )
Neighs (x-coords) of 1816 =  [2507 2573  750 3167 3168  217 3116 2580  496] ( [57.555 60.202 59.263 60.067 58.662 59.636 60.237 61.359 60.669] )
Neighs (x-coords) of 1817 =  [1222 1223 2267 1157 2232 1211 1744 2195] ( [48.154 48.16  47.091 47.582 46.759 48.957 49.811 49.412] )
Neighs (x-coords) of 1818 =  [ 105 3411 3412 3277  507 1819   80 2534 3311 2476  400] ( [51.567 52.425 51.196 52.356 53.614 53.268 52.124 52.417 54.413 55.193 55.453] )
Neighs (x-coords) of 1819 =  [ 344  507 2590 3412 2552 3277 2533 1818 3411   80 2534  829 1892 2130 2476] ( [51.573 53.614 51.531 51.196 52.669 52.356 52.529 54.03  52.425 52.124 52.417 55.305 55.512 54.558 55.193] )
Neighs (x-coords) of 1820 =  [1176 2297 2312 1178 2300 1190 1183 1863] ( [52.271 53.777 52.479 50.756 50.467 52.735 51.714 52.65 ] )
Neighs (x-coords) of 1821 =  [ 495  666 1983 1822 3563  503] ( [39.626 38.456 39.37  39.309 37.891 40.015] )
Neighs (x-coords) of 1822 =  [2218    9 3556 3563  503  495] ( [39.059 37.674 37.128 37.891 40.015 39.626] )
Neighs (x-coords) of 1823 =  [1187 1195 3604 1196 2324 1225 2241 2270 2303] ( [46.527 47.172 47.658 47.138 48.118 47.997 48.342 46.373 50.166] )
Neighs (x-coords) of 1824 =  [ 493 1825  210 3096  224 2485  136 2985] ( [58.04  57.345 56.811 56.103 58.789 59.606 57.683 58.147] )
Neighs (x-coords) of 1825 =  [ 719 1554 2984  210 3096  224  409 2485  136 2985  493] ( [54.921 55.709 56.887 56.811 56.103 58.789 59.031 59.606 57.683 58.147 58.04 ] )
Neighs (x-coords) of 1826 =  [1865 1173 2191 1166 1180 1189 1786 2309 1209 1149] ( [54.965 53.356 54.439 54.45  54.053 52.916 53.648 53.728 52.791 53.93 ] )
Neighs (x-coords) of 1827 =  [ 492 1589 2496  794 1812 3125 3478  909 1329] ( [35.632 35.992 32.571 32.279 35.515 33.994 33.898 36.951 36.832] )
Neighs (x-coords) of 1828 =  [1214 2261 1221 1226 1780] ( [54.453 53.652 55.642 56.677 57.63 ] )
Neighs (x-coords) of 1829 =  [ 485 1830] ( [62.17  62.055] )
Neighs (x-coords) of 1830 =  [ 485 1829  851 1610 3540  845] ( [62.17  61.813 59.33  60.056 60.886 64.069] )
Neighs (x-coords) of 1831 =  [1856 1219 1853 1207 1810 1203 1205] ( [44.378 44.896 44.382 46.353 46.863 47.085 47.076] )
Neighs (x-coords) of 1832 =  [1750 1774 1192 1747 1172 1175 1771 2264 1158] ( [49.343 50.852 50.386 50.641 51.361 51.055 49.964 52.533 51.761] )
Neighs (x-coords) of 1833 =  [2129  830 1932  610 1834 1931  645 2733  665 1976 1374  968 1428] ( [45.949 45.391 45.331 46.121 47.812 46.197 47.157 46.984 46.686 46.301 48.981 49.197 49.777] )
Neighs (x-coords) of 1834 =  [ 610 1931  645 1156 2733 1833 1374 2461  968 1428] ( [46.121 46.197 47.157 47.135 46.984 47.102 48.981 49.935 49.197 49.777] )
Neighs (x-coords) of 1835 =  [1718 1165 1777 1182 1185 1198 1793 1210] ( [51.127 52.353 53.315 51.942 54.285 53.052 52.605 55.33 ] )
Neighs (x-coords) of 1836 =  [ 644 1837 1629 1630 2823 2187  332 2686  294 2798] ( [55.977 56.488 53.256 53.512 54.081 54.403 56.393 55.649 56.437 56.493] )
Neighs (x-coords) of 1837 =  [ 644 1836 1630 2823  332 2686  346 1339] ( [55.977 55.931 53.512 54.081 56.393 55.649 54.841 57.281] )
Neighs (x-coords) of 1838 =  [1730 1172 1175 1197 1783 1844] ( [51.494 51.361 51.055 51.302 51.278 50.294] )
Neighs (x-coords) of 1839 =  [ 643 2127   89 3295 3296 2271 3267 1840] ( [44.002 45.23  41.103 41.598 40.899 42.535 43.962 44.358] )
Neighs (x-coords) of 1840 =  [2994 2995  643 1839 2127 3267  203  153 3333] ( [44.464 42.951 44.002 43.114 45.23  43.962 43.669 43.263 43.872] )
Neighs (x-coords) of 1841 =  [1217 1738 1162 1220 1228 1727 1718] ( [48.124 47.936 50.123 51.331 49.365 49.06  51.127] )
Neighs (x-coords) of 1842 =  [  38  642 1843  814 2287 1267  217 3118  581 1993 1994] ( [60.258 57.98  58.469 55.855 56.436 56.439 59.636 59.279 59.147 58.197 59.241] )
Neighs (x-coords) of 1843 =  [  38  642 1842 2499  868 1672 1994] ( [60.258 57.98  58.271 57.022 56.698 56.506 59.241] )
Neighs (x-coords) of 1844 =  [1172 1175 1197 1771 1783 1192 1750 1730] ( [51.361 51.055 51.302 49.964 51.278 50.386 49.343 51.494] )
Neighs (x-coords) of 1845 =  [1846 3035 1043 3302  641  706] ( [55.702 57.062 54.938 54.798 56.442 56.873] )
Neighs (x-coords) of 1846 =  [1845  654 1960 2656 3302  295  641 2795  706 1546] ( [56.817 53.722 54.342 54.298 54.798 54.847 56.442 55.402 56.873 56.649] )
Neighs (x-coords) of 1847 =  [ 646 1848  698 2942 1361  281  377 2510 2511] ( [37.699 37.9   36.119 38.911 36.773 39.744 40.121 39.644 40.388] )
Neighs (x-coords) of 1848 =  [ 646 1847  205 3047  377 2510 2511] ( [37.699 38.314 38.103 38.507 40.121 39.644 40.388] )
Neighs (x-coords) of 1849 =  [1217 1215 1724 2220 1738 1218 1228] ( [48.124 48.427 47.517 46.828 47.936 49.413 49.365] )
Neighs (x-coords) of 1850 =  [ 566 1866 1541 2526 3582  719 1554  360 2388   41 3526] ( [55.52  55.209 54.201 53.704 57.067 54.921 55.709 55.685 55.856 57.597 58.396] )
Neighs (x-coords) of 1851 =  [ 484  852   75 2548 1852  546 2285] ( [49.302 51.241 46.663 46.113 48.669 48.758 48.803] )
Neighs (x-coords) of 1852 =  [1047 3327 3236 2547   75 2058 2060  546 2286  484] ( [50.523 50.256 47.087 46.03  46.663 49.729 50.91  48.758 49.435 49.302] )
Neighs (x-coords) of 1853 =  [1219 2246 1831 1856 2253 1207 1810 1208] ( [44.896 44.231 44.793 44.378 44.051 46.353 46.863 46.467] )
Neighs (x-coords) of 1854 =  [ 483  534 1855 2169 2176  264 2849 1863 2848] ( [54.55  56.632 54.952 56.927 56.8   54.127 53.64  52.65  54.688] )
Neighs (x-coords) of 1855 =  [ 483  534 1854 2176 1669  939 3495] ( [54.55  56.632 55.198 56.8   53.242 55.439 55.25 ] )
Neighs (x-coords) of 1856 =  [1831 1219 1853 1207 1203 1800 1208 1803] ( [44.793 44.896 44.382 46.353 47.085 46.003 46.467 46.609] )
Neighs (x-coords) of 1857 =  [ 508 2690] ( [63.563 62.501] )
Neighs (x-coords) of 1858 =  [ 640 1792 3587   54  757 3145  949] ( [65.579 64.681 63.835 63.295 66.093 65.307 64.323] )
Neighs (x-coords) of 1859 =  [1120 2690  508 1857 2667  640] ( [63.082 62.501 63.563 63.079 63.676 65.579] )
Neighs (x-coords) of 1860 =  [ 564 1861    7 3548  988 2886] ( [42.346 42.317 44.206 43.786 43.52  44.104] )
Neighs (x-coords) of 1861 =  [ 261  564 2877 2943    7 3548 1860  988 2886] ( [40.445 42.346 39.772 40.389 44.206 43.786 42.561 43.52  44.104] )
Neighs (x-coords) of 1862 =  [1158 1170 1759 1192 1747 1832 1730 1172 1175 1197 1783 2264] ( [51.761 51.894 52.985 50.386 50.641 50.418 51.494 51.361 51.055 51.302 51.278 52.533] )
Neighs (x-coords) of 1863 =  [ 565 1864 1820 2849 2202  483] ( [52.694 52.362 52.788 53.64  51.955 54.55 ] )
Neighs (x-coords) of 1864 =  [ 565 1863  682 1527  264 1024 2168 2849  745] ( [52.694 52.65  51.402 51.399 54.127 53.606 53.494 53.64  51.679] )
Neighs (x-coords) of 1865 =  [1826 2216 1173 2191 1166 1180 1189 1786 2309] ( [54.748 52.561 53.356 54.439 54.45  54.053 52.916 53.648 53.728] )
Neighs (x-coords) of 1866 =  [ 566 1850  134 2323 3009 3582  477] ( [55.52  55.78  53.917 56.805 54.629 57.067 57.718] )
Neighs (x-coords) of 1867 =  [1208 2247 1207 1810 1203 1806 2238] ( [46.467 45.981 46.353 46.863 47.085 48.15  45.964] )
Neighs (x-coords) of 1868 =  [ 671 3558 1869] ( [63.801 65.818 63.217] )
Neighs (x-coords) of 1869 =  [671] ( [63.801] )
Neighs (x-coords) of 1870 =  [  26 3353  670 1967 2313] ( [41.702 40.961 38.989 38.38  41.195] )
Neighs (x-coords) of 1871 =  [ 593 1872 2396 1527 2525  428 2536   79 2537  264 2849] ( [52.794 52.292 51.243 51.399 50.136 51.711 53.607 52.997 52.283 54.127 53.64 ] )
Neighs (x-coords) of 1872 =  [ 593 1871 2396 2395  428  867 1669  264 2849 2848] ( [52.794 52.112 51.243 52.002 51.711 53.453 53.242 54.127 53.64  54.688] )
Neighs (x-coords) of 1873 =  [ 606 1874   18 3531  504] ( [65.279 65.854 64.961 65.42  64.234] )
Neighs (x-coords) of 1874 =  [ 606 1873 3318  504 2234  655] ( [65.279 65.102 63.841 64.234 63.867 66.467] )
Neighs (x-coords) of 1875 =  [ 594 1876  353] ( [47.612 48.072 46.949] )
Neighs (x-coords) of 1876 =  [ 594 1875  353 2637   40 3525  123 3020] ( [47.612 46.692 46.949 46.018 50.288 49.494 49.751 49.428] )
Neighs (x-coords) of 1877 =  [ 618 1878 2658 1403 1473  802 1402 3193 3192] ( [53.52  54.44  51.298 51.333 52.352 51.575 51.903 54.    55.012] )
Neighs (x-coords) of 1878 =  [ 618 1877 1057 1965 3192] ( [53.52  53.106 56.557 56.465 55.012] )
Neighs (x-coords) of 1879 =  [ 617  736 1880 2217 3056  466 2237 1944  608 1936  690 1597 1606 3184 2977] ( [38.311 39.068 37.722 36.183 36.135 35.499 35.525 37.29  37.823 38.731 37.856 37.901 37.579 38.161 40.192] )
Neighs (x-coords) of 1880 =  [ 231  617 1879 2966  225 3056 1944 3274 1136  135] ( [39.03  38.311 38.119 38.862 36.112 36.135 37.29  37.881 37.604 40.243] )
Neighs (x-coords) of 1881 =  [ 616 1882  486 1652 1808  854 1075 2078  501 2224] ( [55.845 56.603 52.618 53.187 53.008 53.434 56.235 55.355 55.656 56.399] )
Neighs (x-coords) of 1882 =  [ 616 1881 1075 2078  501 2224] ( [55.845 55.116 56.235 55.355 55.656 56.399] )
Neighs (x-coords) of 1883 =  [ 615 1281 1332 1884  205 3027 1540] ( [35.544 35.617 34.345 35.974 38.103 37.986 37.317] )
Neighs (x-coords) of 1884 =  [ 777 1281 1332  615 1883  985 1580  386 2627 1576  542] ( [35.005 35.617 34.345 35.544 36.041 35.683 35.297 37.529 37.272 36.522 38.444] )
Neighs (x-coords) of 1885 =  [1023 2546  614] ( [59.043 59.104 60.827] )
Neighs (x-coords) of 1886 =  [2794 3339  296 2792 1015 3342 2392 2401  116 3456  439  578 1888 1735] ( [53.926 50.923 50.273 50.215 50.688 50.315 51.459 50.511 53.002 53.358 52.018 52.598 53.062 55.066] )
Neighs (x-coords) of 1887 =  [ 614 2546 1742 1885 2899] ( [60.827 59.104 58.732 61.462 61.015] )
Neighs (x-coords) of 1888 =  [ 578  367 2392 2401 3456 1886 2794  439 1735  635] ( [52.598 50.681 51.459 50.511 53.358 52.356 53.926 52.018 55.066 55.733] )
Neighs (x-coords) of 1889 =  [2276 1049 1905 2562  567] ( [29.849 31.71  30.986 31.185 30.434] )
Neighs (x-coords) of 1890 =  [2371  940  796 1441 1439  321  575 2716  441 2359 2394] ( [47.385 48.068 47.266 46.526 47.767 47.177 47.985 46.994 50.904 50.313 48.892] )
Neighs (x-coords) of 1891 =  [ 574 1743 2586   82 1644 2568 2552  774 1649  345 2587] ( [55.318 57.442 55.954 52.359 54.24  52.816 52.669 55.077 55.568 55.844 55.052] )
Neighs (x-coords) of 1892 =  [ 829 2130  507 1819 1649  574 1743 1891  637] ( [55.305 54.558 53.614 53.268 55.568 55.318 57.442 54.679 57.8  ] )
Neighs (x-coords) of 1893 =  [ 573 1318  381 2642 2643  611 1930 3259  340 2853 1894 2852  149 3258  307] ( [60.299 58.904 60.361 59.905 60.124 58.594 59.184 60.374 62.418 62.291 61.083 62.822 61.105 61.891 61.429] )
Neighs (x-coords) of 1894 =  [ 140  702 1409 2973 2974 2643  611 1930  573 1893 2955  340 2853 2852  307 2763] ( [61.142 63.552 62.808 61.437 60.788 60.124 58.594 59.184 60.299 60.345 60.796 62.418 62.291 62.822 61.429 61.003] )
Neighs (x-coords) of 1895 =  [ 572 1896 2193 3578  456] ( [35.824 35.76  36.214 34.284 36.796] )
Neighs (x-coords) of 1896 =  [ 572 1895 1059 3578 3581  667 1972 1153 1423  676] ( [35.824 34.927 34.451 34.284 35.414 37.461 37.993 37.223 37.666 37.299] )
Neighs (x-coords) of 1897 =  [ 354 2604 2605 2741 2575  298 2771 2789 2576 1083 1268 1898] ( [52.151 52.435 52.956 51.446 53.075 53.92  54.023 53.38  53.533 55.643 54.967 55.202] )
Neighs (x-coords) of 1898 =  [1897  298 2771 2789 2576 1083 1268  571] ( [53.999 53.92  54.023 53.38  53.533 55.643 54.967 54.602] )
Neighs (x-coords) of 1899 =  [3573 1900  906 1665  570 1517] ( [51.292 53.477 52.478 53.171 53.832 56.056] )
Neighs (x-coords) of 1900 =  [1665  570 2871 1899 2527] ( [53.171 53.832 53.649 53.642 54.762] )
Neighs (x-coords) of 1901 =  [ 569 1902] ( [33.535 34.396] )
Neighs (x-coords) of 1902 =  [1901  569 2788] ( [33.029 33.535 34.038] )
Neighs (x-coords) of 1903 =  [ 568 1904 2639 2709  624 1782 2402 1025  364] ( [45.239 45.164 43.543 43.672 43.588 44.113 47.257 47.085 46.198] )
Neighs (x-coords) of 1904 =  [ 568 1903 2639  120   27 3351 2709  310 2749  426 2402 1025] ( [45.239 45.201 43.543 42.323 44.149 43.996 43.672 46.415 46.466 47.762 47.257 47.085] )
Neighs (x-coords) of 1905 =  [1049 2559 2562 2578 1889  348 2579  567  948] ( [31.71  32.616 31.185 32.572 30.29  32.024 31.797 30.434 32.63 ] )
Neighs (x-coords) of 1906 =  [ 613 1907 2868 2588   82  278] ( [50.043 49.234 51.335 50.706 52.359 51.901] )
Neighs (x-coords) of 1907 =  [ 613 1906 2659 1118 1019 1074] ( [50.043 50.718 47.456 47.267 49.001 49.153] )
Neighs (x-coords) of 1908 =  [1928 2888  952  612] ( [58.547 59.793 59.961 59.005] )
Neighs (x-coords) of 1909 =  [ 300 1924 2952  998 3026  809 1312 1336 2743 3015 2742 1123 3414  602 1284 1285] ( [45.629 46.196 48.205 44.02  44.111 44.283 44.097 44.502 45.238 43.333 44.962 48.054 46.306 46.415 46.037 46.464] )
Neighs (x-coords) of 1910 =  [2575  128 3237 3245  601 1911 2604 2164  220] ( [53.075 50.912 51.394 51.466 53.309 52.547 52.435 53.569 55.349] )
Neighs (x-coords) of 1911 =  [  79  601 2537 1527 2591  128 3237 3245 1531 2168 1910 2164] ( [52.997 53.309 52.283 51.399 49.873 50.912 51.394 51.466 51.473 53.494 53.481 53.569] )
Neighs (x-coords) of 1912 =  [ 600 2545 3408   76 2544 1913 2349  106 3409] ( [39.036 37.564 39.335 37.394 38.241 39.88  39.421 39.878 40.672] )
Neighs (x-coords) of 1913 =  [ 600 1912  106] ( [39.036 39.191 39.878] )
Neighs (x-coords) of 1914 =  [ 599  696 1407 1419 1915 1003 3395] ( [40.999 40.844 40.794 40.216 41.274 39.694 39.709] )
Neighs (x-coords) of 1915 =  [ 856 1690 1691 1545 3204  744  599  696 1407 1419 1914  482  761 1553] ( [38.651 39.102 38.361 41.953 40.94  41.817 40.999 40.844 40.794 40.216 41.502 44.1   42.701 43.461] )
Neighs (x-coords) of 1916 =  [ 598   55 1465 1917 3584  766] ( [38.521 36.606 39.26  37.859 36.847 39.622] )
Neighs (x-coords) of 1917 =  [ 222 3064 3063 1465 1918 3584  598 1916 1098] ( [36.858 37.44  36.167 39.26  38.096 36.847 38.521 38.405 39.863] )
Neighs (x-coords) of 1918 =  [  55  597 1465 1919  629 1729  222 1917 3064 1101  766 2682 1098] ( [36.606 37.662 39.26  36.744 38.254 37.312 36.858 37.859 37.44  40.291 39.622 40.724 39.863] )
Neighs (x-coords) of 1919 =  [  55  597 1918 2057 3152 3565 1729 3305] ( [36.606 37.662 38.096 37.78  35.506 35.675 37.312 37.267] )
Neighs (x-coords) of 1920 =  [ 764 1586 1921  596 1122  893 1460] ( [68.444 69.11  68.066 68.838 68.317 68.238 67.72 ] )
Neighs (x-coords) of 1921 =  [ 764 1577 1586 1920  596 1122 1678  893 1460  519] ( [68.444 67.608 69.11  69.569 68.838 68.317 67.495 68.238 67.72  68.068] )
Neighs (x-coords) of 1922 =  [ 754  868 1671 3137  995 3136  595 1091 1547 3589  647 1749] ( [55.208 56.698 55.842 54.495 54.476 55.838 55.358 57.32  55.34  57.318 55.234 56.127] )
Neighs (x-coords) of 1923 =  [ 995 3507  538 1922  595  647 1748] ( [54.476 53.021 53.533 56.008 55.358 55.234 54.705] )
Neighs (x-coords) of 1924 =  [ 300 1909 2952  809 1312 1336 2743 2742  602 1285 2321 2700] ( [45.629 46.014 48.205 44.283 44.097 44.502 45.238 44.962 46.415 46.464 46.97  48.113] )
Neighs (x-coords) of 1925 =  [ 603 3313 2313   26  249 2927 1926 2314  701 1370] ( [41.548 38.989 41.195 41.702 39.866 39.671 42.491 42.518 43.288 43.789] )
Neighs (x-coords) of 1926 =  [2314  474 3324   96  603 1925 2288  701 1370  545 2289 2430] ( [42.518 42.078 41.512 41.105 41.548 41.163 42.306 43.288 43.789 43.075 43.449 44.616] )
Neighs (x-coords) of 1927 =  [   3  604 2712 2144  323 2691 3387 1407 1003 3395 1943] ( [37.891 39.313 36.771 37.486 36.562 37.382 38.188 40.794 39.694 39.709 40.063] )
Neighs (x-coords) of 1928 =  [1908 2888  644 1836  294 2798  612  684 1483] ( [59.476 59.793 55.977 55.931 56.437 56.493 59.005 59.343 60.079] )
Neighs (x-coords) of 1929 =  [ 611 1930 1013 1431 1323 2152 1459  573] ( [58.594 59.184 57.54  57.276 58.11  57.7   58.782 60.299] )
Neighs (x-coords) of 1930 =  [ 611 1929  778 1323 1324 2152 2643 1459  573 1893  235 2955 1894] ( [58.594 57.74  58.63  58.11  59.089 57.7   60.124 58.782 60.299 60.345 61.37  60.796 61.083] )
Neighs (x-coords) of 1931 =  [ 610 1834 1840 2994 3333 1932  159 3272  645] ( [46.121 47.812 44.358 44.464 43.872 45.331 47.601 46.925 47.157] )
Neighs (x-coords) of 1932 =  [ 203 2994 3333 3332  610 1931  665 1976] ( [43.669 44.464 43.872 43.639 46.121 46.197 46.686 46.301] )
Neighs (x-coords) of 1933 =  [ 609 1934] ( [52.448 52.242] )
Neighs (x-coords) of 1934 =  [ 609 1933 1453  802 1402 3193] ( [52.448 52.74  50.58  51.575 51.903 54.   ] )
Neighs (x-coords) of 1935 =  [2520 2850 1890 1439  321  575 2716  441] ( [50.596 49.142 48.134 47.767 47.177 47.985 46.994 50.904] )
Neighs (x-coords) of 1936 =  [ 608 1007  242 2337 1944 3397  617 1879  553 2074  135  139 2976 2977] ( [37.823 38.955 39.16  37.09  37.29  38.134 38.311 38.119 40.888 40.349 40.243 40.948 41.103 40.192] )
Neighs (x-coords) of 1937 =  [1938  463 2209   97  619 3313 2210] ( [36.174 35.825 35.68  38.762 36.884 38.989 36.434] )
Neighs (x-coords) of 1938 =  [ 463 2209  619 1967] ( [35.825 35.68  36.884 38.38 ] )
Neighs (x-coords) of 1939 =  [ 993 3039   59 3461  607 2390  362 2382 3460  753 1940] ( [54.385 54.485 55.909 56.579 56.716 57.162 56.732 56.523 58.067 59.    57.615] )
Neighs (x-coords) of 1940 =  [ 753 3139 3140   59 3298  195 3461  607 2390 1939] ( [59.    58.387 59.629 55.909 56.566 57.431 56.579 56.716 57.162 56.289] )
Neighs (x-coords) of 1941 =  [ 207 3103 3104  605] ( [58.673 57.933 58.845 60.84 ] )
Neighs (x-coords) of 1942 =  [ 420  605  207 1941 3104 2516] ( [62.618 60.84  58.673 60.331 58.845 61.714] )
Neighs (x-coords) of 1943 =  [   3  604 1927  696 1407 3130] ( [37.891 39.313 38.79  40.844 40.794 41.357] )
Neighs (x-coords) of 1944 =  [ 158 3274 3449 2217  466  242 2337  608 1936  617 1879] ( [37.427 37.881 35.656 36.183 35.499 39.16  37.09  37.823 38.731 38.311 38.119] )
Neighs (x-coords) of 1945 =  [ 184 1046 3381 3527 1537 3037 3378  631  576 1946 3085] ( [51.341 49.933 49.637 50.98  50.419 49.257 49.111 49.304 52.243 53.007 51.621] )
Neighs (x-coords) of 1946 =  [ 576 1457 3085 3278 1945 1240 2372 2894  876] ( [52.243 54.226 51.621 53.36  51.49  54.126 53.334 55.951 55.029] )
Neighs (x-coords) of 1947 =  [ 577 2001  272 2846 3580 3254 1069] ( [44.656 44.429 45.378 44.504 44.181 44.46  47.016] )
Neighs (x-coords) of 1948 =  [ 912 2486  660 1963 2489  454] ( [62.95  63.324 63.092 62.646 62.251 64.144] )
Neighs (x-coords) of 1949 =  [ 659 1950 3137  276 2835 2836 1446  687 1428 1675  291 2807] ( [52.194 53.065 54.495 50.067 49.518 50.957 50.104 51.384 49.777 51.715 52.705 53.67 ] )
Neighs (x-coords) of 1950 =  [ 659 1949 3137 2472  687 2167  747 2332 1550 1675  754 1671] ( [52.194 52.055 54.495 51.387 51.384 53.146 54.091 54.165 53.974 51.715 55.208 55.842] )
Neighs (x-coords) of 1951 =  [ 658 1952  841 1369 1397] ( [32.35  33.142 34.835 35.233 34.959] )
Neighs (x-coords) of 1952 =  [ 658 1951 2614 2617 1073 3483  841 1369] ( [32.35  32.691 33.279 31.804 32.408 33.415 34.835 35.233] )
Neighs (x-coords) of 1953 =  [1695  657 1736 1954 1081 2039  592  857 1694] ( [50.905 48.439 47.689 48.024 48.321 47.689 50.512 50.653 49.776] )
Neighs (x-coords) of 1954 =  [2444  657 1736 1081 2039] ( [46.34  48.439 47.689 48.321 47.689] )
Neighs (x-coords) of 1955 =  [ 656 1078 1956 3562  267 2820 2821  558 2081 3098 1389 3597] ( [35.165 35.945 35.679 35.019 32.561 33.122 32.399 33.895 34.644 36.302 34.854 36.392] )
Neighs (x-coords) of 1956 =  [ 656 1078 1955 3562  558 2081 3098 3597 3308  920 1757] ( [35.165 35.945 34.442 35.019 33.895 34.644 36.302 36.392 37.49  37.082 38.213] )
Neighs (x-coords) of 1957 =  [ 655 1958 2667   95  606 1874] ( [66.467 66.606 63.676 63.151 65.279 65.854] )
Neighs (x-coords) of 1958 =  [ 655 1957  757 3145 2827] ( [66.467 65.763 66.093 65.307 67.241] )
Neighs (x-coords) of 1959 =  [ 654 1960  183 2000] ( [53.722 54.342 51.335 53.762] )
Neighs (x-coords) of 1960 =  [ 654 1959 2000 1999  295 2795 1846] ( [53.722 52.907 53.762 55.271 54.847 55.402 55.702] )
Neighs (x-coords) of 1961 =  [ 653 1962  514 1081 2030 2029 1772 2967 2329  648 1773  651] ( [50.187 50.293 47.747 48.321 47.706 47.975 50.975 49.829 49.806 51.685 51.849 52.387] )
Neighs (x-coords) of 1962 =  [ 653 1961 1081 2329 1773 2839  651] ( [50.187 49.892 48.321 49.806 51.849 52.644 52.387] )
Neighs (x-coords) of 1963 =  [ 338 2489 2663  660 1454 1452 1948  454] ( [60.741 62.251 60.595 63.092 61.435 60.812 63.801 64.144] )
Neighs (x-coords) of 1964 =  [1057 1965 2292 2960  371 2507  661] ( [56.557 56.465 57.469 55.97  57.155 57.555 56.812] )
Neighs (x-coords) of 1965 =  [1057 1964 2292 1878  661 1468 2287] ( [56.557 57.561 57.469 54.44  56.812 56.948 56.436] )
Neighs (x-coords) of 1966 =  [3413  126 3012  962 3209 3236  944 3070  662 1982] ( [46.821 47.757 46.998 46.581 46.632 47.087 48.538 48.809 48.767 49.365] )
Neighs (x-coords) of 1967 =  [ 670 1938  619 3312 3313  255 2706 2919 1870 3353] ( [38.989 36.174 36.884 38.743 38.989 38.51  38.276 39.067 39.405 40.961] )
Neighs (x-coords) of 1968 =  [ 669 1969  316 2719  727 1581 1583 2710  724 2915] ( [34.51  35.331 33.199 32.856 32.503 32.913 32.052 34.15  34.138 35.146] )
Neighs (x-coords) of 1969 =  [ 669 1968  549 2278  286 2780 2710 2915 3403 2712   67  323 2691 3262 3387] ( [34.51  34.068 34.273 35.063 34.655 34.119 34.15  35.146 37.477 36.771 37.31  36.562 37.382 37.245 38.188] )
Neighs (x-coords) of 1970 =  [ 668 2854  986  365 2374 2381] ( [65.89  63.801 63.104 65.094 65.828 64.334] )
Neighs (x-coords) of 1971 =  [ 668 1970  365 2374] ( [65.89  65.267 65.094 65.828] )
Neighs (x-coords) of 1972 =  [ 667 1973  572 1896 1338  456 2192 1153 1423  726 1579 2463] ( [37.461 37.515 35.824 35.76  37.946 36.796 37.563 37.223 37.666 39.21  39.508 40.342] )
Neighs (x-coords) of 1973 =  [ 667 1972  572 1338  456] ( [37.461 37.993 35.824 37.946 36.796] )
Neighs (x-coords) of 1974 =  [3083  652 1985 2760 2747] ( [51.037 48.031 47.756 48.306 46.909] )
Neighs (x-coords) of 1975 =  [1983 3208  250 2691  666    9 3563] ( [39.37  37.522 35.319 37.382 38.456 37.674 37.891] )
Neighs (x-coords) of 1976 =  [ 665 1977 1932  610 1833] ( [46.686 47.378 45.331 46.121 47.102] )
Neighs (x-coords) of 1977 =  [ 665 1976  151  968 1433] ( [46.686 46.301 49.958 49.197 48.695] )
Neighs (x-coords) of 1978 =  [  21  664 3328 3335  467 2201] ( [63.452 62.202 62.79  63.093 61.195 61.191] )
Neighs (x-coords) of 1979 =  [  70 3404  369 2645 2045 3396  467  664 1016 1978 3328] ( [62.665 62.058 60.128 60.128 59.778 62.157 61.195 62.202 60.62  63.004 62.79 ] )
Neighs (x-coords) of 1980 =  [1380 1735  663 1981  635 1751 3189  749] ( [57.327 55.066 57.376 56.875 55.733 55.517 59.206 59.125] )
Neighs (x-coords) of 1981 =  [ 663 1131 2797  836 1377 1380 1735  635 1751 3189] ( [57.376 54.694 55.322 57.436 57.04  57.327 55.066 55.733 55.517 59.206] )
Neighs (x-coords) of 1982 =  [ 662  824 2107 3073 1966 3570  944 3070 1022 2058] ( [48.767 51.049 51.157 49.021 47.963 50.897 48.538 48.809 50.306 49.729] )
Neighs (x-coords) of 1983 =  [1975 2691  666 3563 1437  795 1382 1436  495] ( [37.977 37.382 38.456 37.891 40.322 40.971 39.959 41.636 39.626] )
Neighs (x-coords) of 1984 =  [ 497 1008 1813 2144 2724 2141 3045  318 2725    3  393 2647 2648] ( [38.257 36.593 38.592 37.486 38.278 36.041 35.755 38.138 37.243 37.891 37.765 37.698 37.319] )
Neighs (x-coords) of 1985 =  [ 524  652 2155  194 2102 3474 2760 3459 2747] ( [45.5   48.031 45.584 46.638 46.408 45.822 48.306 46.386 46.909] )
Neighs (x-coords) of 1986 =  [ 651 2013 3339 1015 2328  275 1773 2778 2794 1131] ( [52.387 51.772 50.923 50.688 51.012 53.377 51.849 52.655 53.926 54.694] )
Neighs (x-coords) of 1987 =  [ 584  883  909 1329 1330 2095 2094  907 2465 1677  560] ( [39.322 36.793 36.951 36.832 37.222 39.255 39.338 37.343 38.277 37.209 39.885] )
Neighs (x-coords) of 1988 =  [ 560 2094  584  909 1987 2095 1677  124 3018] ( [39.885 39.338 39.322 36.951 38.574 39.255 37.209 39.285 38.394] )
Neighs (x-coords) of 1989 =  [ 583 1990  250 2916  937  737 1645 3181    9 3556  144] ( [34.535 34.472 35.319 35.706 33.647 35.855 35.591 36.153 37.674 37.128 37.755] )
Neighs (x-coords) of 1990 =  [ 583 1989 2399  250 2916] ( [34.535 35.485 32.987 35.319 35.706] )
Neighs (x-coords) of 1991 =  [ 582 1992 1567 1127 2114 2115 1156 2750] ( [47.071 47.631 45.3   45.279 48.257 48.116 47.135 46.334] )
Neighs (x-coords) of 1992 =  [582] ( [47.071] )
Neighs (x-coords) of 1993 =  [ 581  905 1994 3058 1057 1965 2292 2287  374 2499 3118 3054] ( [59.147 59.512 59.241 58.896 56.557 56.465 57.469 56.436 56.427 57.022 59.279 58.999] )
Neighs (x-coords) of 1994 =  [ 581  905 1993 3058 2499 3118 3054  642 1842 1843 2766  306] ( [59.147 59.512 58.197 58.896 57.022 59.279 58.999 57.98  58.271 58.469 61.075 61.709] )
Neighs (x-coords) of 1995 =  [ 580 1996  444 2412] ( [55.626 56.075 52.682 52.887] )
Neighs (x-coords) of 1996 =  [ 580 1995 3582   41 1065 3475] ( [55.626 54.739 57.067 57.597 58.612 58.188] )
Neighs (x-coords) of 1997 =  [ 591 1998 2316 1779 2240  625  480] ( [49.633 48.974 51.023 48.415 50.854 49.043 50.314] )
Neighs (x-coords) of 1998 =  [ 591 1997 2316 1779  330  695 1262 2653 2668 1250  625] ( [49.633 50.325 51.023 48.415 47.008 47.381 46.75  47.216 46.237 47.899 49.043] )
Neighs (x-coords) of 1999 =  [2933  579 2000  654 1960 1681 2795  939 3491 3495  964] ( [57.126 54.467 53.762 53.722 54.342 53.811 55.402 55.439 56.153 55.25  57.593] )
Neighs (x-coords) of 2000 =  [ 579 3493  183 1027 2796  654 1959 1960  867 1669 1681 3371 1999] ( [54.467 51.873 51.335 53.684 54.484 53.722 52.907 54.342 53.453 53.242 53.811 51.686 55.271] )
Neighs (x-coords) of 2001 =  [ 577 1947 1128 3254 3265] ( [44.656 44.897 44.76  44.46  45.079] )
Neighs (x-coords) of 2002 =  [ 585  726 1579 2464 2003  945 1696  721 2153] ( [40.877 39.21  39.508 41.497 40.887 42.318 41.418 44.194 43.703] )
Neighs (x-coords) of 2003 =  [1528 1556 2942  726 1578  585 2002 1579  281 2943  945 1696  989] ( [39.815 40.562 38.911 39.21  38.767 40.877 41.565 39.508 39.744 40.389 42.318 41.418 39.714] )
Neighs (x-coords) of 2004 =  [ 146  586 2005 3206 1493] ( [36.143 38.008 37.054 36.99  39.727] )
Neighs (x-coords) of 2005 =  [ 586 2210 2209  511 2037  146 2706 2004] ( [38.008 36.434 35.68  35.211 35.214 36.143 38.276 38.178] )
Neighs (x-coords) of 2006 =  [ 622 2007  487 1804  832 2126  446 2467] ( [39.74  38.983 39.231 38.591 39.851 40.501 41.833 41.886] )
Neighs (x-coords) of 2007 =  [ 920 3595 3098 2125 3597 1757  487 1804  832 2126  622] ( [37.082 37.168 36.302 39.134 36.392 38.213 39.231 38.591 39.851 40.501 39.74 ] )
Neighs (x-coords) of 2008 =  [2687 1075 2075  621] ( [56.701 56.235 56.059 57.814] )
Neighs (x-coords) of 2009 =  [1100 3309 3365 1075 2075  621] ( [55.98  55.604 56.349 56.235 56.059 57.814] )
Neighs (x-coords) of 2010 =  [ 904 3550 3551 2011  620 2374] ( [63.011 62.751 62.781 64.964 64.941 65.828] )
Neighs (x-coords) of 2011 =  [ 904 3550  620 2374 2381] ( [63.011 62.751 64.941 65.828 64.334] )
Neighs (x-coords) of 2012 =  [ 592  857 2014 3223 3356 1772  431  472 2348] ( [50.512 50.653 49.81  51.215 51.321 50.975 53.353 52.914 53.607] )
Neighs (x-coords) of 2013 =  [ 651 1986  653 1961 1962 2329 3339  475 2328  275 1773] ( [52.387 52.76  50.187 49.892 50.293 49.806 50.923 50.232 51.012 53.377 51.849] )
Neighs (x-coords) of 2014 =  [ 592  857 1694 2012  639  657 1736 1737 1081 2036 3356 1953] ( [50.512 50.653 49.776 51.286 47.72  48.439 47.689 48.289 48.321 47.81  51.321 49.381] )
Neighs (x-coords) of 2015 =  [3125 1812  214 3124  406  907 2465 2470 2503  590 2022] ( [33.994 35.515 33.977 33.784 36.173 37.343 38.277 37.068 37.926 36.396 36.855] )
Neighs (x-coords) of 2016 =  [ 589 2017   85 2970 3388 3194 3026 2662] ( [43.1   42.688 44.371 43.492 44.94  43.925 44.111 46.365] )
Neighs (x-coords) of 2017 =  [ 589 2016 3511] ( [43.1   44.044 41.874] )
Neighs (x-coords) of 2018 =  [  92  588  866 1664  679 1663 2138 2139 2019] ( [37.931 37.083 36.579 37.457 34.253 35.991 34.184 34.561 36.71 ] )
Neighs (x-coords) of 2019 =  [2453 2171 1488 2343  679 2138 2139  720 1489  533  336  588 2018 2675] ( [37.552 35.729 36.153 34.394 34.253 34.184 34.561 36.942 37.603 36.416 39.156 37.083 36.368 39.121] )
Neighs (x-coords) of 2020 =  [ 587  730 1069 1462 1623  112 2021] ( [49.282 48.269 47.016 47.885 46.998 50.47  48.894] )
Neighs (x-coords) of 2021 =  [ 112 3432 1069 1462 1623 3300 1344   86 3301  587] ( [50.47  50.948 47.016 47.885 46.998 46.877 46.557 47.152 48.017 49.282] )
Neighs (x-coords) of 2022 =  [ 590 1677 2015  406 1095  907 2503 2420 3597 2628] ( [36.396 37.209 36.036 36.173 36.283 37.343 37.926 36.975 36.392 37.612] )
Neighs (x-coords) of 2023 =  [ 178  833 1716 1276 3132 3127 3287] ( [60.536 59.311 58.609 60.173 61.109 60.843 61.255] )
Neighs (x-coords) of 2024 =  [1135 1140 1814 1201 1222 1223 1164 1157 1200 2232 1211 2195 1817] ( [49.286 50.686 51.419 47.358 48.154 48.16  47.749 47.582 48.205 46.759 48.957 49.412 48.594] )
Neighs (x-coords) of 2025 =  [ 498 1044 1352 3154  721 1560 1561 2293  382 2154 2471 2571 1301] ( [45.794 47.809 47.721 47.517 44.194 44.675 43.559 45.026 44.906 44.633 44.588 47.058 46.068] )
Neighs (x-coords) of 2026 =  [ 515 2027 1147 1440] ( [62.986 62.191 62.215 62.963] )
Neighs (x-coords) of 2027 =  [2889  312 2785  515 2026 1147 1440] ( [60.712 60.381 60.54  62.986 62.731 62.215 62.963] )
Neighs (x-coords) of 2028 =  [2920 3079 3080 1051 1408 2031 1040 1345 2354  174] ( [66.286 64.523 63.144 63.256 62.41  62.731 63.018 63.53  64.621 64.031] )
Neighs (x-coords) of 2029 =  [1001 1274 1607  514 2760 3459 2030  817 1248  850  234  309 2967 1961] ( [46.112 46.039 48.254 47.747 48.306 46.386 47.706 46.335 46.336 48.129 50.162 48.834 49.829 49.892] )
Neighs (x-coords) of 2030 =  [1081 2036 2039  514 1274 2029  817 1248  653] ( [48.321 47.81  47.689 47.747 46.039 47.975 46.335 46.336 50.187] )
Neighs (x-coords) of 2031 =  [2580 2573  816 3080  350 1051 1408 1345 2354  174 2028] ( [61.359 60.202 61.68  63.144 60.9   63.256 62.41  63.53  64.621 64.031 64.143] )
Neighs (x-coords) of 2032 =  [ 965 1295  513 2962 3511 2033 1115 3194] ( [42.549 44.473 42.15  41.838 41.874 42.67  44.145 43.925] )
Neighs (x-coords) of 2033 =  [ 513 2962 1296 1295] ( [42.15  41.838 44.981 44.473] )
Neighs (x-coords) of 2034 =  [ 840 1395 2200 2455 3335 1110 2674  512] ( [61.07  61.528 61.06  62.694 63.093 62.356 62.495 64.012] )
Neighs (x-coords) of 2035 =  [ 512 2034 2455] ( [64.012 63.259 62.694] )
Neighs (x-coords) of 2036 =  [1081 1263 1278 2030 2039  974  639  657 1736  514 2014  309] ( [48.321 45.528 45.566 47.706 47.689 45.228 47.72  48.439 47.689 47.747 49.81  48.834] )
Neighs (x-coords) of 2037 =  [ 511 2038  463 2209  146  303 2735 2005] ( [35.211 35.441 35.825 35.68  36.143 35.016 35.953 37.054] )
Neighs (x-coords) of 2038 =  [ 511 2037 1614  463 2209 2735] ( [35.211 35.214 33.33  35.825 35.68  35.953] )
Neighs (x-coords) of 2039 =  [1081 1263 1278 2030 2036  974  657 1954  514 1953] ( [48.321 45.528 45.566 47.706 47.81  45.228 48.439 48.024 47.747 49.381] )
Neighs (x-coords) of 2040 =  [ 911 3110 3113  408 2416 3089  522 2042] ( [58.138 58.491 58.136 57.118 56.399 55.793 58.831 59.134] )
Neighs (x-coords) of 2041 =  [ 516 2043  627 1753 1754  103  893 1460] ( [65.165 64.528 66.528 66.959 66.812 67.731 68.238 67.72 ] )
Neighs (x-coords) of 2042 =  [ 522  408 2415 2416 2917 1639 3041  130 2040 3040 2664] ( [58.831 57.118 56.729 56.399 58.87  59.278 59.948 60.151 58.118 60.645 60.898] )
Neighs (x-coords) of 2043 =  [  62  516 2041   21 3328  805 1414 1760  675] ( [64.719 65.165 66.021 63.452 62.79  62.134 62.763 63.859 63.889] )
Neighs (x-coords) of 2044 =  [ 194 3474  321 2717   94 2059 3320 3484 2850  994] ( [46.638 45.822 47.177 47.016 45.692 48.471 46.283 46.337 49.142 49.82 ] )
Neighs (x-coords) of 2045 =  [ 823 2108  199  171 1256 3004 1979 1016   39] ( [58.54  57.739 58.011 57.596 59.516 57.95  62.113 60.62  60.941] )
Neighs (x-coords) of 2046 =  [ 523  799 2047 1454] ( [59.986 60.58  59.403 61.435] )
Neighs (x-coords) of 2047 =  [ 551 2178 2179   14 3529  523 2046] ( [58.189 58.567 58.941 57.383 56.934 59.986 60.451] )
Neighs (x-coords) of 2048 =  [ 521 2049  345 1743 2586  282 2812 2813] ( [58.202 59.062 55.844 57.442 55.954 56.914 56.109 57.269] )
Neighs (x-coords) of 2049 =  [ 521 2048  282 2813 1386  277] ( [58.202 57.781 56.914 57.269 59.833 61.148] )
Neighs (x-coords) of 2050 =  [1118 2662 2659  878 1309 1019 2053] ( [47.267 46.365 47.456 47.815 47.258 49.001 49.801] )
Neighs (x-coords) of 2051 =  [ 520 2052  931 1593 1617] ( [58.136 57.568 57.116 57.425 56.882] )
Neighs (x-coords) of 2052 =  [2881 2882  259  931 1593 1617  520] ( [56.719 56.495 56.57  57.116 57.425 56.882 58.136] )
Neighs (x-coords) of 2053 =  [1019 2050 2868  278] ( [49.001 48.448 51.335 51.901] )
Neighs (x-coords) of 2054 =  [ 519 2260 2055  764] ( [68.068 65.966 67.842 68.444] )
Neighs (x-coords) of 2055 =  [1510 1643  541 2259 2260 1122 1678  519] ( [68.695 67.485 65.39  65.13  65.966 68.317 67.495 68.068] )
Neighs (x-coords) of 2056 =  [ 356  518 2597 3565 3305   55 2057  898 1637] ( [36.404 37.167 37.33  35.675 37.267 36.606 37.78  38.981 38.814] )
Neighs (x-coords) of 2057 =  [  55  597 1465 1919 3565   92 3304 3305  518 2056 2597  898 1637 3584  766] ( [36.606 37.662 39.26  36.744 35.675 37.931 38.766 37.267 37.167 36.422 37.33  38.981 38.814 36.847 39.622] )
Neighs (x-coords) of 2058 =  [1022 2060 3236  662 1982 1047 1852 3327 3350] ( [50.306 50.91  47.087 48.767 49.365 50.523 48.669 50.256 51.358] )
Neighs (x-coords) of 2059 =  [  94 3320 2727  194 2044  639 1737 2760 3484  517 3223  309] ( [45.692 46.283 48.354 46.638 47.961 47.72  48.289 48.306 46.337 48.541 51.215 48.834] )
Neighs (x-coords) of 2060 =  [1022 2058 1047 1852 3350 2286  484  852  882 1327 1326] ( [50.306 49.729 50.523 48.669 51.358 49.435 49.302 51.241 52.211 52.5   52.021] )
Neighs (x-coords) of 2061 =  [ 537 2062  113 3422 3423 1296  860] ( [46.642 46.372 44.037 43.61  44.582 44.981 48.336] )
Neighs (x-coords) of 2062 =  [ 537 2061  113 3423  787 1363 1435 1683] ( [46.642 45.843 44.037 44.582 44.556 44.913 45.234 47.662] )
Neighs (x-coords) of 2063 =  [   5 1085 1566 2085  538 2087  387 2086 2624] ( [48.975 51.344 50.691 50.697 53.533 52.907 52.951 53.635 53.276] )
Neighs (x-coords) of 2064 =  [1121 1622  293 1542 2969 3574  557 2079] ( [50.57  49.964 51.138 50.271 52.054 52.263 53.597 53.566] )
Neighs (x-coords) of 2065 =  [ 556 1093 1245 2066  167 3211  223] ( [37.486 37.222 37.758 36.622 38.707 39.462 40.171] )
Neighs (x-coords) of 2066 =  [ 556 1093 1245 2065  737 2596 3181 3182  167] ( [37.486 37.222 37.758 38.107 35.855 36.297 36.153 35.273 38.707] )
Neighs (x-coords) of 2067 =  [2070 2105 1096  104 3414 3416] ( [46.129 47.189 45.971 46.805 46.306 46.513] )
Neighs (x-coords) of 2068 =  [ 555 2069  394  986] ( [62.285 62.024 62.24  63.104] )
Neighs (x-coords) of 2069 =  [ 555 3539 3540  394 2517 2851 2068  845] ( [62.285 60.046 60.886 62.24  62.394 62.365 62.539 64.069] )
Neighs (x-coords) of 2070 =  [2067 2105 3440 1096 3284] ( [46.391 47.189 44.112 45.971 48.068] )
Neighs (x-coords) of 2071 =  [ 535  554 3227  117 2090  168 3234 2072 2101  434] ( [60.622 62.659 61.863 60.196 60.297 61.011 60.638 61.985 61.255 60.94 ] )
Neighs (x-coords) of 2072 =  [2101  535  554 2071  434 2339 2446 1133] ( [61.255 60.622 62.659 62.316 60.94  61.873 60.65  63.812] )
Neighs (x-coords) of 2073 =  [ 553 2074 1007  922 3105 1006 3346  709 1513 3394  704] ( [40.888 40.349 38.955 41.973 41.902 41.304 42.033 40.602 40.067 39.551 43.323] )
Neighs (x-coords) of 2074 =  [ 553 2073  242  608 1007 1936 1006 3346 1513 2976] ( [40.888 41.316 39.16  37.823 38.955 38.731 41.304 42.033 40.067 41.103] )
Neighs (x-coords) of 2075 =  [1075 2078 2666 3309 2687  616  621 2009] ( [56.235 55.355 53.985 55.604 56.701 55.845 57.814 57.829] )
Neighs (x-coords) of 2076 =  [ 552 2077 1558 1090 2518 2529] ( [44.089 44.875 42.394 43.161 43.279 43.315] )
Neighs (x-coords) of 2077 =  [ 552 2076 1558  830 2128 1090 2518 2529 3410] ( [44.089 43.834 42.394 45.391 44.94  43.161 43.279 43.315 46.993] )
Neighs (x-coords) of 2078 =  [1075 2075 2079 2666 1100 3309  616 1881] ( [56.235 56.059 53.566 53.985 55.98  55.604 55.845 55.116] )
Neighs (x-coords) of 2079 =  [ 557 2808  293 2064   47  319 3567 3574 2666 1100 3309] ( [53.597 51.949 51.138 52.674 51.939 54.202 51.708 52.263 53.985 55.98  55.604] )
Neighs (x-coords) of 2080 =  [1092 2098   13  123  707 1537 1538 2650 1240   47  319] ( [52.494 51.745 50.401 49.751 50.296 50.419 51.112 53.243 54.126 51.939 54.202] )
Neighs (x-coords) of 2081 =  [ 558 2082 2614  656 1955 1956] ( [33.895 33.164 33.279 35.165 34.442 35.679] )
Neighs (x-coords) of 2082 =  [1073 2821 2614 2617  558] ( [32.408 32.399 33.279 31.804 33.895] )
Neighs (x-coords) of 2083 =  [ 550 1549 2084 2567 1413  122 3021] ( [53.859 52.096 54.15  54.521 50.99  53.576 53.63 ] )
Neighs (x-coords) of 2084 =  [ 550 2083 2567  122 3021 3022  688 1658  198 2703 2704 3068] ( [53.859 52.908 54.521 53.576 53.63  54.034 53.936 53.258 56.558 56.003 55.951 56.241] )
Neighs (x-coords) of 2085 =  [3253 1555    5 1085 2063 3252  538 2087] ( [50.61  51.167 48.975 51.344 51.398 49.333 53.533 52.907] )
Neighs (x-coords) of 2086 =  [ 387 2624 2085 1085 2063 3489  538 2087  978] ( [52.951 53.276 50.697 51.344 51.398 53.062 53.533 52.907 55.888] )
Neighs (x-coords) of 2087 =  [ 538 2085 3253 1085 2063  930 3507 3510] ( [53.533 50.697 50.61  51.344 51.398 52.574 53.021 52.675] )
Neighs (x-coords) of 2088 =  [ 562 2089  955 2834  927 2358 2362 2954  204 2991  869 1674] ( [64.353 65.312 62.904 63.442 62.235 62.482 62.434 64.183 65.859 65.459 64.579 64.589] )
Neighs (x-coords) of 2089 =  [ 562  924 2088  967 2954  204 2991  869 1674] ( [64.353 65.695 64.108 64.283 64.183 65.859 65.459 64.579 64.589] )
Neighs (x-coords) of 2090 =  [1306 3447 3212  168  535 2071 3227] ( [58.264 57.829 61.591 61.011 60.622 62.316 61.863] )
Neighs (x-coords) of 2091 =  [2938  728 1585 2093 1089] ( [58.049 58.275 58.401 60.344 60.062] )
Neighs (x-coords) of 2092 =  [ 561  674 1764  784 1412] ( [39.379 36.816 36.789 37.926 37.414] )
Neighs (x-coords) of 2093 =  [ 728 1585 2784 2091  855 1089 1557 1687] ( [58.275 58.401 59.901 59.852 59.111 60.062 57.899 59.953] )
Neighs (x-coords) of 2094 =  [3249 2557  584  883 1330 1987 2095 3437  560] ( [38.878 39.171 39.322 36.793 37.222 38.574 39.255 39.585 39.885] )
Neighs (x-coords) of 2095 =  [ 584  883 1329 1330 1987 2557 2094 2880  560] ( [39.322 36.793 36.832 37.222 38.574 39.171 39.338 38.645 39.885] )
Neighs (x-coords) of 2096 =  [ 559 2097 3214  399 2479 2480  176 2598 3074  731 1072 1515  929] ( [58.609 59.474 56.597 58.919 58.14  59.327 59.718 58.303 59.987 58.788 58.576 59.981 61.37 ] )
Neighs (x-coords) of 2097 =  [ 559 2096 3214 3074  107  731 1532 3415 3426  767 1515 1519  141 3043  929 2383] ( [58.609 58.611 56.597 59.987 59.226 58.788 59.666 58.538 60.04  59.313 59.981 59.366 59.283 58.324 61.37  61.008] )
Neighs (x-coords) of 2098 =  [ 797 1092 1444 2080 3524 3534   13  123 3020 3527 1537] ( [53.802 52.494 53.141 52.167 50.715 50.074 50.401 49.751 49.428 50.98  50.419] )
Neighs (x-coords) of 2099 =  [3179  738  561 2092] ( [38.645 38.303 39.379 39.182] )
Neighs (x-coords) of 2100 =  [ 563 1809 2177  948 1354 1358 2366  763 2369 3553 1763 2424 2840] ( [34.878 36.242 35.763 32.63  32.256 32.024 32.766 32.196 33.382 33.936 36.065 35.345 34.761] )
Neighs (x-coords) of 2101 =  [2072 1331 2090 3212  535  554] ( [61.985 59.944 60.297 61.591 60.622 62.659] )
Neighs (x-coords) of 2102 =  [ 194 3474  289 2779 2772  524 1985] ( [46.638 45.822 45.175 44.981 45.515 45.5   47.756] )
Neighs (x-coords) of 2103 =  [1101 2104 2685 1346 2682  775  825 1042 3425 3429] ( [40.291 42.149 41.025 41.971 40.724 42.318 43.031 43.422 42.738 43.904] )
Neighs (x-coords) of 2104 =  [ 864 1101 1655 1656 2685 2682  825 1042 3429] ( [40.423 40.291 39.755 41.149 41.025 40.724 43.031 43.422 43.904] )
Neighs (x-coords) of 2105 =  [2067 2070 1096  104 3414  548 1037 2118 1071 3451  359 2389] ( [46.391 46.129 45.971 46.805 46.306 48.066 47.467 46.859 49.562 49.42  49.012 48.814] )
Neighs (x-coords) of 2106 =  [ 933 3523  824 1982 2107 3073  882 2623] ( [51.306 50.467 51.049 49.365 51.157 49.021 52.211 52.252] )
Neighs (x-coords) of 2107 =  [ 824 1982 3073 1054 3570  723 1566 2106  882 1682 1327] ( [51.049 49.365 49.021 50.882 50.897 50.842 50.691 50.605 52.211 53.235 52.5  ] )
Neighs (x-coords) of 2108 =  [ 823 2045  706 1546 2109 1544  199  171] ( [58.54  59.778 56.873 56.649 58.206 57.828 58.011 57.596] )
Neighs (x-coords) of 2109 =  [2730  706  369 2644 2645 1544  823] ( [56.416 56.873 60.128 59.535 60.128 57.828 58.54 ] )
Neighs (x-coords) of 2110 =  [ 167 3210  737 3181    9 3556  144 3228 3244 1041 2113] ( [38.707 38.808 35.855 36.153 37.674 37.128 37.755 38.705 37.652 38.775 38.591] )
Neighs (x-coords) of 2111 =  [ 822 1665 1625 2595 2112  895 1627] ( [56.304 53.171 57.559 56.521 56.944 58.229 58.398] )
Neighs (x-coords) of 2112 =  [1625  822 2111  710 1517  895 1627  399 2479] ( [57.559 56.304 56.043 56.995 56.056 58.229 58.398 58.919 58.14 ] )
Neighs (x-coords) of 2113 =  [1041    9 3556 2110 3210] ( [38.775 37.674 37.128 38.003 38.808] )
Neighs (x-coords) of 2114 =  [2115 1991 1156 2733 2750  821  835 1375  944 1568] ( [48.116 47.437 47.135 46.984 46.334 48.726 49.07  49.368 48.538 50.845] )
Neighs (x-coords) of 2115 =  [1484 2114 1127  582 1991  821  172 3002  944] ( [45.71  48.257 45.279 47.071 47.437 48.726 48.734 48.937 48.538] )
Neighs (x-coords) of 2116 =  [ 438  820 2368   61 3379 2402 2367 2353 2117] ( [45.974 47.913 45.522 46.844 45.988 47.257 46.091 46.875 48.574] )
Neighs (x-coords) of 2117 =  [1036 3435 3442  820 2116  437 2353 1766  859 1594  758] ( [51.004 50.295 50.61  47.913 47.453 46.741 46.875 49.54  48.519 49.066 49.49 ] )
Neighs (x-coords) of 2118 =  [ 548 1037 2743  921 2430 3414 2105  300 2952 2280] ( [48.066 47.467 45.238 44.651 44.616 46.306 47.189 45.629 48.205 47.593] )
Neighs (x-coords) of 2119 =  [1045 2140 2487] ( [34.482 34.667 35.037] )
Neighs (x-coords) of 2120 =  [ 826 2813  192 3509 2454 2137 2405] ( [59.891 57.269 57.009 56.92  59.541 60.115 59.694] )
Neighs (x-coords) of 2121 =  [ 827 2136    6 3306 3144 1294] ( [35.084 34.825 32.315 32.868 34.492 35.202] )
Neighs (x-coords) of 2122 =  [ 844 1799 2123 2324] ( [49.863 51.228 49.406 48.118] )
Neighs (x-coords) of 2123 =  [ 844 1799 2122 2700  489 1798 2702 1126 1705] ( [49.863 51.228 50.089 48.113 50.801 51.189 49.215 49.039 51.409] )
Neighs (x-coords) of 2124 =  [2127  213] ( [45.23  46.624] )
Neighs (x-coords) of 2125 =  [2420 1685   99 2007  885  832 1321 2126] ( [36.975 38.829 38.342 38.983 40.932 39.851 40.652 40.501] )
Neighs (x-coords) of 2126 =  [ 832 1321 2125 2007  885 1050  622 2006] ( [39.851 40.652 39.134 38.983 40.932 41.3   39.74  40.437] )
Neighs (x-coords) of 2127 =  [ 643 1839 1840 2124] ( [44.002 43.114 44.358 45.921] )
Neighs (x-coords) of 2128 =  [ 153  830 3333 1090 2529   19  552 2077  645 1156 2733 2750] ( [43.263 45.391 43.872 43.161 43.315 43.446 44.089 44.875 47.157 47.135 46.984 46.334] )
Neighs (x-coords) of 2129 =  [1833  830 2128   19  552 2077  645 1156] ( [47.102 45.391 44.94  43.446 44.089 44.875 47.157 47.135] )
Neighs (x-coords) of 2130 =  [ 829 1892 2131 2476 2740  301  689 2748 2552 1819 1102 1420] ( [55.305 55.512 55.678 55.193 52.106 52.942 54.428 52.684 52.669 53.268 56.052 55.233] )
Neighs (x-coords) of 2131 =  [ 829 2130 2476 3242 1102 1420 1236 1701 1492 1520  400 2180] ( [55.305 54.558 55.193 54.266 56.052 55.233 57.    54.929 57.312 57.489 55.453 57.601] )
Neighs (x-coords) of 2132 =  [  48 2843  273 2135 1034 2581 2870  283 2878] ( [45.365 41.66  42.43  43.574 43.503 43.98  45.718 45.911 45.623] )
Neighs (x-coords) of 2133 =  [ 165 3215 3217 2937 2134  828 2424  423] ( [32.711 33.187 32.948 30.22  32.25  32.767 35.345 34.757] )
Neighs (x-coords) of 2134 =  [2937 1358  828] ( [30.22  32.024 32.767] )
Neighs (x-coords) of 2135 =  [1279 2843 2844  273 2132  886 1034 2870  283] ( [43.44  41.66  42.247 42.43  44.184 42.782 43.503 45.718 45.911] )
Neighs (x-coords) of 2136 =  [ 827 2121 3306  549 2277 2278 2887  819 1347] ( [35.084 34.384 32.868 34.273 34.212 35.063 37.363 36.748 36.39 ] )
Neighs (x-coords) of 2137 =  [ 826 2120  277 2832 2833 2456  467 2201] ( [59.891 58.947 61.148 62.053 60.916 61.957 61.195 61.191] )
Neighs (x-coords) of 2138 =  [ 679 2139 2346 2929  943 2343 2019  588] ( [34.253 34.561 32.956 32.93  33.487 34.394 36.71  37.083] )
Neighs (x-coords) of 2139 =  [ 679 1663 2138 2896 2346 2929 1247 2171  943 1488 2343  533 2019  588] ( [34.253 35.991 34.184 33.157 32.956 32.93  34.124 35.729 33.487 36.153 34.394 36.416 36.71  37.083] )
Neighs (x-coords) of 2140 =  [1045 2119 1252 2487   29] ( [34.482 33.947 35.784 35.037 37.145] )
Neighs (x-coords) of 2141 =  [ 985 1580  129 3045  497 1008 1984 2144] ( [35.683 35.297 35.102 35.755 38.257 36.593 37.376 37.486] )
Neighs (x-coords) of 2142 =  [2143  529  627] ( [66.727 66.562 66.528] )
Neighs (x-coords) of 2143 =  [2142 1026 1365 1400  529  846 1235] ( [67.368 65.371 65.935 65.823 66.562 64.404 64.042] )
Neighs (x-coords) of 2144 =  [ 497 1008 1984 2724 2141  542 2257 2258    3  604] ( [38.257 36.593 37.376 38.278 36.041 38.444 39.267 37.986 37.891 39.313] )
Neighs (x-coords) of 2145 =  [ 528  971 2901 1646] ( [63.833 61.552 62.401 62.031] )
Neighs (x-coords) of 2146 =  [ 951 1641 2456 1646  277 2832  528 2145  785] ( [61.647 61.318 61.957 62.031 61.148 62.053 63.833 64.008 64.714] )
Neighs (x-coords) of 2147 =  [ 527 2148 3566 1091 3589  228 2553 1055 2609 2632 2646 2532] ( [59.798 59.964 58.101 57.32  57.318 60.166 59.292 58.375 59.001 57.825 59.271 60.754] )
Neighs (x-coords) of 2148 =  [ 527 2147 3566 1091 3589 2532] ( [59.798 59.331 58.101 57.32  57.318 60.754] )
Neighs (x-coords) of 2149 =  [3005 1013  171 1256 3004 1323 1324] ( [56.685 57.54  57.596 59.516 57.95  58.11  59.089] )
Neighs (x-coords) of 2150 =  [ 526  177 3071 3072 2881 1238] ( [58.023 55.03  55.959 55.027 56.719 58.014] )
Neighs (x-coords) of 2151 =  [3502 3071  259 2881 1238  526] ( [59.636 55.959 56.57  56.719 58.014 58.023] )
Neighs (x-coords) of 2152 =  [1323 1324 2149 1013 2643 1929] ( [58.11  59.089 57.509 57.54  60.124 57.74 ] )
Neighs (x-coords) of 2153 =  [ 525 2002  447 2464  945 1560 1561 2154 1094] ( [44.188 41.565 41.223 41.497 42.318 44.675 43.559 44.633 46.328] )
Neighs (x-coords) of 2154 =  [ 382 2519  945 1713  721 1560  525 2153 1561 1094 2513 2571 2025] ( [44.906 44.228 42.318 42.317 44.194 44.675 44.188 43.703 43.559 46.328 45.902 47.058 45.551] )
Neighs (x-coords) of 2155 =  [ 524  652 1985 1633    2  194 2102] ( [45.5   48.031 47.756 43.203 43.794 46.638 46.408] )
Neighs (x-coords) of 2156 =  [ 530  831 1351 2157 1559  878 1309  902 2752 1310] ( [46.583 48.401 47.871 45.81  46.756 47.815 47.258 46.351 46.543 48.676] )
Neighs (x-coords) of 2157 =  [ 530 2156  890 1296 1295 1115 3194  979 1559  878 1309] ( [46.583 47.239 45.083 44.981 44.473 44.145 43.925 46.254 46.756 47.815 47.258] )
Neighs (x-coords) of 2158 =  [3142   49  135 3007 3008  531 2159 1418 3600  806] ( [40.659 42.188 40.243 39.616 40.81  41.478 41.966 43.35  42.682 43.843] )
Neighs (x-coords) of 2159 =  [  17  531 2950 3344   49  135 3007 3008 2158 3142  120 3128 3246 3600   27 3351] ( [41.873 41.478 39.732 40.96  42.188 40.243 39.616 40.81  42.147 40.659 42.323 41.684 41.8   42.682 44.149 43.996] )
Neighs (x-coords) of 2160 =  [ 901 2161  482 2246 2253 3162  759 3150 2247 1119] ( [46.52  45.828 44.1   44.231 44.051 45.674 46.152 48.333 45.981 48.554] )
Neighs (x-coords) of 2161 =  [ 901 2160  482  957 2253 1704 1667 3162 2247] ( [46.52  46.38  44.1   44.274 44.051 44.063 44.521 45.674 45.981] )
Neighs (x-coords) of 2162 =  [1343 2163 3516  159 3271 3272  189  678  276] ( [50.873 48.814 46.939 47.601 47.913 46.925 46.3   48.447 50.067] )
Neighs (x-coords) of 2163 =  [1343 2162 3516 3271 3272  189  678  276] ( [50.873 48.491 46.939 47.913 46.925 46.3   48.447 50.067] )
Neighs (x-coords) of 2164 =  [2469  682 1531  601 1911 1024 2168 1910 1787  445  928] ( [52.328 51.402 51.473 53.309 52.547 53.606 53.494 53.481 54.381 52.382 56.343] )
Neighs (x-coords) of 2165 =  [ 676 2166  572 1895 1896] ( [37.299 38.017 35.824 34.927 35.76 ] )
Neighs (x-coords) of 2166 =  [ 676 1578 2165  164 3219 2558 3218 2910] ( [37.299 38.767 36.608 36.513 37.459 38.823 36.474 40.167] )
Neighs (x-coords) of 2167 =  [2231  747 1402 2332 3193 2435  659 1950 3137 2500] ( [51.053 54.091 51.903 54.165 54.    53.46  52.194 53.065 54.495 55.631] )
Neighs (x-coords) of 2168 =  [ 264 1024 2849  682 1527 1531  601 1911 1864 2164  220] ( [54.127 53.606 53.64  51.402 51.399 51.473 53.309 52.547 52.362 53.569 55.349] )
Neighs (x-coords) of 2169 =  [ 534 1854 2176 3050 3051  419 1657 1712 2863 2864] ( [56.632 55.198 56.8   57.146 58.242 57.719 58.659 59.831 57.835 58.547] )
Neighs (x-coords) of 2170 =  [ 487  533 1804 1805 3098  762 2171 1389 1661  920 3094  866] ( [39.231 36.416 38.591 39.274 36.302 34.218 35.729 34.854 36.284 37.082 36.717 36.579] )
Neighs (x-coords) of 2171 =  [ 762 1387  254 2896  442 1247 2356 2357 1389 1488  679 2139  533 2170 2019] ( [34.218 33.578 33.244 33.157 35.53  34.124 36.    34.709 34.854 36.153 34.253 34.561 36.416 36.604 36.71 ] )
Neighs (x-coords) of 2172 =  [3398 1004 1499 2175] ( [62.781 65.786 63.779 66.507] )
Neighs (x-coords) of 2173 =  [ 532 1439 3535 2174   30 3543  796 1441  510 2268 2269] ( [45.55  47.767 45.418 44.884 45.686 45.761 47.266 46.526 46.869 47.2   46.286] )
Neighs (x-coords) of 2174 =  [1067   10 3561  289 2574 2779  796 1441  532] ( [42.662 44.48  44.068 45.175 42.9   44.981 47.266 46.526 45.55 ] )
Neighs (x-coords) of 2175 =  [ 757 3145 1004 2172 2669] ( [66.093 65.307 65.786 65.311 69.087] )
Neighs (x-coords) of 2176 =  [ 483  534 1854 1855 2169 3050 1688  199] ( [54.55  56.632 55.198 54.952 56.927 57.146 58.702 58.011] )
Neighs (x-coords) of 2177 =  [ 563 1809 2100 1763 2424 3124  405  491  674 2470] ( [34.878 36.242 34.432 36.065 35.345 33.784 35.956 37.101 36.816 37.068] )
Neighs (x-coords) of 2178 =  [ 551 2047] ( [58.189 59.403] )
Neighs (x-coords) of 2179 =  [ 551 2047 2178  923] ( [58.189 59.403 58.567 56.926] )
Neighs (x-coords) of 2180 =  [ 910 2457 1102 1249 1236  829 1892 2131 1520  460 2181  637 1742] ( [59.274 59.741 56.052 56.714 57.    55.305 55.512 55.678 57.489 58.203 58.732 57.8   58.732] )
Neighs (x-coords) of 2181 =  [ 460 1102 1249 1236  780 2180 2457] ( [58.203 56.052 56.714 57.    57.836 57.601 59.741] )
Neighs (x-coords) of 2182 =  [1200 1212 2232 2250 2223 1157 1137 1206 1167 1216 1227 1224] ( [48.205 47.511 46.759 45.319 45.319 47.582 48.062 46.197 48.411 47.032 46.223 48.588] )
Neighs (x-coords) of 2183 =  [ 459 2184 1117 3249 3434 2964 3437  232 2963] ( [41.102 40.69  39.047 38.878 39.922 40.972 39.585 41.266 40.824] )
Neighs (x-coords) of 2184 =  [ 459 2183 2252 1117  505 2251 3249 3276  915 3121  804 3434 2964  232] ( [41.102 40.914 38.803 39.047 38.394 39.129 38.878 38.902 39.969 40.621 41.303 39.922 40.972 41.266] )
Neighs (x-coords) of 2185 =  [1814 2216 1163 1173 1186 2191 2198 1189] ( [51.419 52.561 52.84  53.356 52.523 54.439 53.804 52.916] )
Neighs (x-coords) of 2186 =  [ 458 2187 2530  370 1012 3358 3356  896 2823  266  162 3224] ( [53.811 54.403 52.034 51.313 51.506 51.152 51.321 52.899 54.081 54.348 51.765 52.664] )
Neighs (x-coords) of 2187 =  [ 458 2186 2530 2823  266  644 1836  294 2798 2225 2824] ( [53.811 53.052 52.034 54.081 54.348 55.977 55.931 56.437 56.493 54.914 54.578] )
Neighs (x-coords) of 2188 =  [1152 1200 1212 2182 1167 1216 1227 2220 2236 1218 1224 1162 1220] ( [50.19  48.205 47.511 46.605 48.411 47.032 46.223 46.828 47.941 49.413 48.588 50.123 51.331] )
Neighs (x-coords) of 2189 =  [ 457 2556 2425 2430 1770 3264 2190 2280 1038 3010 3291 3488   30  197] ( [45.339 42.855 44.208 44.616 43.899 42.859 45.554 47.593 45.491 47.869 46.131 46.258 45.686 46.725] )
Neighs (x-coords) of 2190 =  [2280  701 1370  457 2189 2556   43 3577 1038] ( [47.593 43.288 43.789 45.339 45.366 42.855 47.368 46.643 45.491] )
Neighs (x-coords) of 2191 =  [1163 1173 1186 2198 2185 2216 1166 1180 1189 2194 1209 1149 1826] ( [52.84  53.356 52.523 53.804 53.259 52.561 54.45  54.053 52.916 52.051 52.791 53.93  54.748] )
Neighs (x-coords) of 2192 =  [ 456 2193  572  667 1972 1973  726 1578] ( [36.796 36.214 35.824 37.461 37.993 37.515 39.21  38.767] )
Neighs (x-coords) of 2193 =  [ 572 1895  456] ( [35.824 34.927 36.796] )
Neighs (x-coords) of 2194 =  [1166 1180 1189 1786 1814 2185 2216 1173 1186 2191 1138 2309] ( [54.45  54.053 52.916 53.648 51.419 53.259 52.561 53.356 52.523 54.439 51.909 53.728] )
Neighs (x-coords) of 2195 =  [1211 1744 1734 1161 1213 1201 1222 1223 2267 1794 1145 1817] ( [48.957 49.811 47.62  47.151 48.149 47.358 48.154 48.16  47.091 48.851 49.172 48.594] )
Neighs (x-coords) of 2196 =  [ 455 2215 1912 1068 2544   12 3546 3554 2349 2962 3512] ( [39.867 40.615 39.191 38.948 38.241 37.718 37.895 38.389 39.421 41.838 42.03 ] )
Neighs (x-coords) of 2197 =  [ 461 2214 3336  736  690 1597 1606 3184 3344 2334  415 2221] ( [39.858 40.524 42.053 39.068 37.856 37.901 37.579 38.161 40.96  39.598 40.201 41.632] )
Neighs (x-coords) of 2198 =  [1163 1173 1186 2191 1814 2185 1179 1199 1741 2211 2264] ( [52.84  53.356 52.523 54.439 51.419 53.259 51.898 52.412 53.529 53.991 52.533] )
Neighs (x-coords) of 2199 =  [1194 2202 2205 2255 3201 1181  745 1177] ( [52.571 51.955 53.645 51.038 51.01  52.145 51.679 52.893] )
Neighs (x-coords) of 2200 =  [ 840 1395 2034 2455 2137 1394 3366 3367  467] ( [61.07  61.528 63.259 62.694 60.115 60.413 59.37  58.57  61.195] )
Neighs (x-coords) of 2201 =  [ 467 2137  369 2859 2200  664] ( [61.195 60.115 60.128 62.964 61.06  62.202] )
Neighs (x-coords) of 2202 =  [1194 2199 2205 2300 1789 2255 1820 1159  565 1863 1181] ( [52.571 52.442 53.645 50.467 50.906 51.038 52.788 51.782 52.694 52.65  52.145] )
Neighs (x-coords) of 2203 =  [ 465 2684   48 3579   42 3583   45   46 3586 2204 1490  712] ( [46.563 47.649 45.365 44.425 44.321 47.24  46.677 48.099 45.475 46.544 48.842 49.428] )
Neighs (x-coords) of 2204 =  [1529 3579   42  272 3580   46  465 2203 1491] ( [47.656 44.425 44.321 45.378 44.181 48.099 46.563 46.568 48.825] )
Neighs (x-coords) of 2205 =  [1194 2199 2202 1181 1199 1741 1177] ( [52.571 52.442 51.955 52.145 52.412 53.529 52.893] )
Neighs (x-coords) of 2206 =  [ 464  938 1615 2207 1624  143 3239 3386 2469  445] ( [50.49  49.298 49.928 49.619 48.338 49.755 49.535 50.101 52.328 52.382] )
Neighs (x-coords) of 2207 =  [ 464  938 1615 2206 3201 1624] ( [50.49  49.298 49.928 50.314 51.01  48.338] )
Neighs (x-coords) of 2208 =  [1177 2211 2264 2255 1747 1194 2199 1181] ( [52.893 53.991 52.533 51.038 50.641 52.571 52.442 52.145] )
Neighs (x-coords) of 2209 =  [1938  463 2037 2038  619 1937 2005] ( [36.174 35.825 35.214 35.441 36.884 37.153 37.054] )
Neighs (x-coords) of 2210 =  [2005  463 2209 3222  511 2037 2038 1937  970] ( [37.054 35.825 35.68  36.229 35.211 35.214 35.441 37.153 37.004] )
Neighs (x-coords) of 2211 =  [1177 2208 2264 1194 2205 1181 1199 1741] ( [52.893 52.726 52.533 52.571 53.645 52.145 52.412 53.529] )
Neighs (x-coords) of 2212 =  [ 462 2213 2240  481] ( [49.977 49.267 50.854 51.698] )
Neighs (x-coords) of 2213 =  [ 462  625 2212  860 1702 1779 1700 2240] ( [49.977 49.043 50.78  48.336 47.503 48.415 48.964 50.854] )
Neighs (x-coords) of 2214 =  [ 461 2197 3336 2822  690 1597  139 2977  997 2819   17 3344  858 1699 2221] ( [39.858 39.765 42.053 38.96  37.856 37.901 40.948 40.192 39.902 40.329 41.873 40.96  41.862 41.755 41.632] )
Neighs (x-coords) of 2215 =  [ 455 2196 2757 3546 3554 2962 3512 2845  965  969 2906 1144] ( [39.867 39.784 42.194 37.895 38.389 41.838 42.03  40.416 42.549 42.56  43.205 42.495] )
Neighs (x-coords) of 2216 =  [2185 1173 2191 1180 1189 2194 2309] ( [53.259 53.356 54.439 54.053 52.916 52.051 53.728] )
Neighs (x-coords) of 2217 =  [ 466 2237 1944  608 1879  690] ( [35.499 35.525 37.29  37.823 38.119 37.856] )
Neighs (x-coords) of 2218 =  [1822  503 2219 3593] ( [39.309 40.015 40.374 39.588] )
Neighs (x-coords) of 2219 =  [ 503 1000 3593 2218 1381 2398   52 3592  495 1821 1029 1384  536] ( [40.015 42.239 39.588 39.059 41.584 39.416 40.06  40.816 39.626 40.054 42.449 42.582 42.506] )
Neighs (x-coords) of 2220 =  [1167 1216 1227 2233 2236 2223 1212 1849 2188] ( [48.411 47.032 46.223 45.886 47.941 45.319 47.511 47.22  48.927] )
Neighs (x-coords) of 2221 =  [ 415 2222 2436  461 2197 2214 3336  858  502 1697  200  368] ( [40.201 42.25  39.476 39.858 39.765 40.524 42.053 41.862 41.962 42.456 44.167 42.951] )
Neighs (x-coords) of 2222 =  [ 415 2221  502 2437  200  368 2641 1033 3052] ( [40.201 41.632 41.962 39.848 44.167 42.951 42.813 44.794 44.797] )
Neighs (x-coords) of 2223 =  [2250 1212 2182 1206 1216 1227 2220] ( [45.319 47.511 46.605 46.197 47.032 46.223 46.828] )
Neighs (x-coords) of 2224 =  [ 501 2225 2678  616 1881 1882 2800  335  891 1299] ( [55.656 54.914 55.776 55.845 55.116 56.603 56.405 55.37  58.121 58.463] )
Neighs (x-coords) of 2225 =  [ 501 2224 2678 1652  458 2187  854 1651 2298  616 1881] ( [55.656 56.399 55.776 53.187 53.811 54.403 53.434 53.108 53.427 55.845 55.116] )
Neighs (x-coords) of 2226 =  [1206 2229 2250 1216 1227 2233] ( [46.197 46.803 45.319 47.032 46.223 45.886] )
Neighs (x-coords) of 2227 =  [ 500 2228 3178 1142  476 2326] ( [43.482 42.708 42.114 42.96  45.507 45.466] )
Neighs (x-coords) of 2228 =  [ 500 2227  922 3178  709 1514 3102 1142 3175  476] ( [43.482 43.721 41.973 42.114 40.602 39.962 42.734 42.96  43.465 45.507] )
Neighs (x-coords) of 2229 =  [1206 2226 2250 1157 1200 1212 1803 1216 2236] ( [46.197 45.816 45.319 47.582 48.205 47.511 46.609 47.032 47.941] )
Neighs (x-coords) of 2230 =  [ 276  499 2231 2835 2836  980 2491 2652  159 3271 3261  697] ( [50.067 50.246 51.053 49.518 50.957 47.81  47.652 46.932 47.601 47.913 48.972 50.282] )
Neighs (x-coords) of 2231 =  [ 276  499 2230 2835 2836 2301 1403  697 1446  802 2167 1402] ( [50.067 50.246 49.56  49.518 50.957 51.302 51.333 50.282 50.104 51.575 53.146 51.903] )
Neighs (x-coords) of 2232 =  [1200 1212 2182 1201 1222 1223 2267 1157 1817] ( [48.205 47.511 46.605 47.358 48.154 48.16  47.091 47.582 48.594] )
Neighs (x-coords) of 2233 =  [1216 1227 2220 2236 2223 1206] ( [47.032 46.223 46.828 47.941 45.319 46.197] )
Neighs (x-coords) of 2234 =  [ 504 1592 2766  306 2235 2767 1120 3319  606 1873 1874 3318] ( [64.234 61.903 61.075 61.709 63.532 61.297 63.082 62.477 65.279 65.102 65.854 63.841] )
Neighs (x-coords) of 2235 =  [ 306 2308 2767 1592 1388 1120  469 2307  504 2234] ( [61.709 61.707 61.297 61.903 62.318 63.082 61.442 61.634 64.234 63.867] )
Neighs (x-coords) of 2236 =  [1167 1216 1227 2220 2233 1200 1212 1206 2226 2229 1135 1152 2188] ( [48.411 47.032 46.223 46.828 45.886 48.205 47.511 46.197 45.816 46.803 49.286 50.19  48.927] )
Neighs (x-coords) of 2237 =  [ 466 2217  225 3056 1879 1597] ( [35.499 36.183 36.112 36.135 38.119 37.901] )
Neighs (x-coords) of 2238 =  [1803 1219 1856 1207 1203 1208 1867] ( [46.609 44.896 44.378 46.353 47.085 46.467 47.539] )
Neighs (x-coords) of 2239 =  [ 481 2240 2212  976 1584] ( [51.698 50.854 50.78  53.15  54.022] )
Neighs (x-coords) of 2240 =  [1779  462  625 2212 2213  591 1997  481] ( [48.415 49.977 49.043 50.78  49.267 49.633 50.325 51.698] )
Neighs (x-coords) of 2241 =  [1225 2270 1195 1823 1160 2245 1204 1168 1178 2300 2303 1184] ( [47.997 46.373 47.172 47.86  47.255 46.477 47.799 50.479 50.756 50.467 50.166 49.254] )
Neighs (x-coords) of 2242 =  [2243  433 2341 2342  494  373 2501] ( [43.308 41.536 41.432 41.552 42.942 43.199 42.708] )
Neighs (x-coords) of 2243 =  [2242 2467  352 2341 2342] ( [43.229 41.886 42.154 41.432 41.552] )
Neighs (x-coords) of 2244 =  [ 479 3426  141 3044 2386 2254  206 3048] ( [62.137 60.04  59.283 59.6   61.66  62.624 61.478 62.377] )
Neighs (x-coords) of 2245 =  [1160 1174 2294 1187 1195 1734 1225 2241 2270  903 1204 1205] ( [47.255 45.26  44.74  46.527 47.172 47.62  47.997 48.342 46.373 46.363 47.799 47.076] )
Neighs (x-coords) of 2246 =  [ 482  761 1553  157 3280 1853 2253  759] ( [44.1   42.701 43.461 44.069 44.676 44.382 44.051 46.152] )
Neighs (x-coords) of 2247 =  [1208 1867 1219 1853 1207 1810  901 2160 2161 2238] ( [46.467 47.539 44.896 44.382 46.353 46.863 46.52  46.38  45.828 45.964] )
Neighs (x-coords) of 2248 =  [ 506 2249  358 2610 1086 2493 3538  818] ( [52.593 53.286 49.739 50.704 49.668 49.51  50.02  52.664] )
Neighs (x-coords) of 2249 =  [ 506 2248 1355  376 2494 2333] ( [52.593 51.796 52.843 55.354 55.232 55.477] )
Neighs (x-coords) of 2250 =  [2466 2223 1212 2182 1206 2226 2229 1216] ( [42.578 45.319 47.511 46.605 46.197 45.816 46.803 47.032] )
Neighs (x-coords) of 2251 =  [ 491  505 2252 3179 1117 1811 3276  804 1406 2184 1405] ( [37.101 38.394 38.803 38.645 39.047 37.152 38.902 41.303 40.893 40.69  41.11 ] )
Neighs (x-coords) of 2252 =  [ 401 2474 2475 3334 1103 2802 3179 3180 3331  505 2251  915 3121  804 1406] ( [37.761 37.818 36.849 36.538 37.304 38.129 38.645 38.51  37.034 38.394 39.129 39.969 40.621 41.303 40.893] )
Neighs (x-coords) of 2253 =  [1915 1914  482 2246 1853  901 2160] ( [41.274 41.502 44.1   44.231 44.382 46.52  46.38 ] )
Neighs (x-coords) of 2254 =  [  83 2566 3426 2565 2386  982  479 2244 3368] ( [62.091 62.769 60.04  62.586 61.66  62.525 62.137 61.58  63.828] )
Neighs (x-coords) of 2255 =  [1806 1789 1151 1140 1159 1194 2199 2202 1179 1181 1199 1177 2208] ( [48.15  50.906 48.851 50.686 51.782 52.571 52.442 51.955 51.898 52.145 52.412 52.893 52.726] )
Neighs (x-coords) of 2256 =  [ 468 2310  180 3501  173 3082] ( [52.819 52.36  53.557 52.937 51.628 52.26 ] )
Neighs (x-coords) of 2257 =  [ 542 2258  856 1535 2144 2724 3204 3466  744 3203  696] ( [38.444 37.986 38.651 38.52  37.486 38.278 40.94  41.058 41.817 41.939 40.844] )
Neighs (x-coords) of 2258 =  [ 542 2257 1884 2627  856 1535 1576 1691 2144] ( [38.444 39.267 35.974 37.272 38.651 38.52  36.522 38.361 37.486] )
Neighs (x-coords) of 2259 =  [ 443  541 2260 2354 2968 3514 1760 1761] ( [64.857 65.39  65.966 64.621 62.84  65.09  63.859 63.901] )
Neighs (x-coords) of 2260 =  [ 443  541 2259 2354 1761 2055  519 2054] ( [64.857 65.39  65.13  64.621 63.901 67.842 68.068 68.266] )
Neighs (x-coords) of 2261 =  [1185 1198 1214 1793 1221] ( [54.285 53.052 54.453 52.605 55.642] )
Neighs (x-coords) of 2262 =  [ 540 2263 2626  227  386 2627 1690  297  947] ( [39.259 38.731 37.228 39.125 37.529 37.272 39.102 41.486 39.437] )
Neighs (x-coords) of 2263 =  [ 540 2262 2626  227 2558 1528 2910  246] ( [39.259 39.144 37.228 39.125 38.823 39.815 40.167 40.704] )
Neighs (x-coords) of 2264 =  [1177 2208 2211 2255 1192 1747 1832 1179 1181 1199 1163 2198] ( [52.893 52.726 53.991 51.038 50.386 50.641 50.418 51.898 52.145 52.412 52.84  53.804] )
Neighs (x-coords) of 2265 =  [ 539 2266 1036 3435  196] ( [50.958 50.005 51.004 50.295 52.742] )
Neighs (x-coords) of 2266 =  [ 539 2265 3380  426 2400 2402 2378] ( [50.958 51.263 47.384 47.762 48.426 47.257 50.746] )
Neighs (x-coords) of 2267 =  [ 903 1201 1222 1223 2306 1161 1213 1781 1157 2232 1211 1744 2195] ( [46.363 47.358 48.154 48.16  46.49  47.151 48.149 47.593 47.582 46.759 48.957 49.811 49.412] )
Neighs (x-coords) of 2268 =  [  25  510 3357 3364  532 2173 2269 2660 1086 3538] ( [46.676 46.869 46.129 47.556 45.55  45.96  46.286 47.336 49.668 50.02 ] )
Neighs (x-coords) of 2269 =  [ 289  510 2268  532 2173] ( [45.175 46.869 47.2   45.55  45.96 ] )
Neighs (x-coords) of 2270 =  [1225 2241 1174 2294 1187 1195 1823 1160] ( [47.997 48.342 45.26  44.74  46.527 47.172 47.86  47.255] )
Neighs (x-coords) of 2271 =  [ 536 2283 1839  203 3186] ( [42.506 42.696 43.114 43.669 43.452] )
Neighs (x-coords) of 2272 =  [2275 2883  988 2886  110 3438 1061] ( [45.306 43.928 43.52  44.104 46.318 45.949 45.656] )
Neighs (x-coords) of 2273 =  [ 543 1326 2274  933  882 2692 3232  315 3518 2693] ( [54.225 52.021 54.118 51.306 52.211 54.177 54.325 54.194 51.945 54.663] )
Neighs (x-coords) of 2274 =  [ 543 2273 3232 1613  334] ( [54.225 53.449 54.325 51.916 55.964] )
Neighs (x-coords) of 2275 =  [2272 2883 2293 1061 1134 1301 2770  498 2870  283] ( [44.897 43.928 45.026 45.656 47.924 46.068 47.867 45.794 45.718 45.911] )
Neighs (x-coords) of 2276 =  [1053 2279 1889  567 1354 1358  763] ( [29.867 29.824 30.29  30.434 32.256 32.024 32.196] )
Neighs (x-coords) of 2277 =  [ 549 2278 2136  286 2780 2788  819] ( [34.273 35.063 34.825 34.655 34.119 34.038 36.748] )
Neighs (x-coords) of 2278 =  [ 549 2277 2136 1969 1347 3403] ( [34.273 34.212 34.825 35.331 36.39  37.477] )
Neighs (x-coords) of 2279 =  [1053 2276 3430   88  269] ( [29.867 29.849 29.869 29.761 30.505] )
Neighs (x-coords) of 2280 =  [2190  457 2189  548 2118 3487 3488  197  407 2281 1046 3381 2418] ( [45.554 45.339 45.366 48.066 46.859 47.641 46.258 46.725 49.674 48.855 49.933 49.637 49.077] )
Neighs (x-coords) of 2281 =  [ 407 2419 3084 2105  548 1037 2118 2280 1071  359 2451  184 1046 3381 2418] ( [49.674 50.32  51.26  47.189 48.066 47.467 46.859 47.593 49.562 49.012 49.974 51.341 49.933 49.637 49.077] )
Neighs (x-coords) of 2282 =  [ 803 1360 2547  547 2284   75] ( [43.132 43.753 46.03  45.817 46.328 46.663] )
Neighs (x-coords) of 2283 =  [ 536 2271 1381 2219 1029 1384 1654] ( [42.506 42.535 41.584 40.374 42.449 42.582 45.078] )
Neighs (x-coords) of 2284 =  [ 547 2282 2547   75] ( [45.817 44.934 46.03  46.663] )
Neighs (x-coords) of 2285 =  [ 546 2286] ( [48.758 49.435] )
Neighs (x-coords) of 2286 =  [ 546 2285 2941 1022 2060 1852  484  852 1851] ( [48.758 48.803 46.868 50.306 50.91  48.669 49.302 51.241 48.831] )
Neighs (x-coords) of 2287 =  [ 814 1266 1057 1965 2292 3192  760 1267 3118 1993] ( [55.855 55.485 56.557 56.465 57.469 55.012 54.695 56.439 59.279 58.197] )
Neighs (x-coords) of 2288 =  [ 488 1801 1802  998 1926 2743 3015  545] ( [40.407 40.776 40.111 44.02  42.491 45.238 43.333 43.075] )
Neighs (x-coords) of 2289 =  [ 545  921 2425 2430  603 2288  998 1926 2743 3015] ( [43.075 44.651 44.208 44.616 41.548 42.306 44.02  42.491 45.238 43.333] )
Neighs (x-coords) of 2290 =  [ 544 2291 3500 1339   59 3297 3298  842] ( [56.367 55.876 54.41  57.281 55.909 55.066 56.566 57.997] )
Neighs (x-coords) of 2291 =  [ 544 2290 2584 3500  346 1339] ( [56.367 56.294 54.214 54.41  54.841 57.281] )
Neighs (x-coords) of 2292 =  [1057 1964 1965  371 2507  661 2287  217 3118  581] ( [56.557 57.561 56.465 57.155 57.555 56.812 56.436 59.636 59.279 59.147] )
Neighs (x-coords) of 2293 =  [1561  721 2275 2883  402 2452 2471 1301  498] ( [43.559 44.194 45.306 43.928 44.064 43.209 44.588 46.068 45.794] )
Neighs (x-coords) of 2294 =  [1174 1191 2315 1187 1195 2270] ( [45.26  44.622 43.611 46.527 47.172 46.373] )
Neighs (x-coords) of 2295 =  [  81 2540 2551 3161 3310  509 2322 2786] ( [51.02  50.397 51.454 51.554 53.738 53.062 52.309 55.463] )
Neighs (x-coords) of 2296 =  [ 473 3090 3091 2703  212  284 2925 1291 2785 2311] ( [58.648 58.117 56.881 56.003 57.153 56.492 56.105 56.686 60.54  58.941] )
Neighs (x-coords) of 2297 =  [1176 1820 2312 1190 2330 2327 1148 1183] ( [52.271 52.788 52.479 52.735 52.675 51.541 53.301 51.714] )
Neighs (x-coords) of 2298 =  [ 854 1651 2299 1012 3356  431 2347  472 2348 2225 2678  335] ( [53.434 53.108 52.799 51.506 51.321 53.353 53.977 52.914 53.607 54.914 55.776 55.37 ] )
Neighs (x-coords) of 2299 =  [ 854 1651 2298 1012  857 1695] ( [53.434 53.108 53.427 51.506 50.653 50.905] )
Neighs (x-coords) of 2300 =  [1168 1178 2303 2241 1184 1789 1176 1820 2312] ( [50.479 50.756 50.166 48.342 49.254 50.906 52.271 52.788 52.479] )
Neighs (x-coords) of 2301 =  [ 471 2302 1403 3261  499] ( [50.753 50.751 51.333 48.972 50.246] )
Neighs (x-coords) of 2302 =  [ 471 2301 3432] ( [50.753 51.302 50.948] )
Neighs (x-coords) of 2303 =  [1168 1178 2300 1823 2241 1184 1176] ( [50.479 50.756 50.467 47.86  48.342 49.254 52.271] )
Neighs (x-coords) of 2304 =  [ 470 2305 1390  839 1391 1500  270 1755 2815  913] ( [41.576 40.921 39.269 39.444 39.768 41.883 43.29  42.639 42.976 42.735] )
Neighs (x-coords) of 2305 =  [ 470 2304 1390  711 1521  839 1481  717 1755] ( [41.576 41.938 39.269 40.48  40.111 39.444 39.76  40.009 42.639] )
Neighs (x-coords) of 2306 =  [ 903 1201 1222 2267 1734 1161 1213 1762 1781 1794] ( [46.363 47.358 48.154 47.091 47.62  47.151 48.149 46.634 47.593 48.851] )
Neighs (x-coords) of 2307 =  [ 469  905 3058  306 2235 2308 2767 1120] ( [61.442 59.512 58.896 61.709 63.532 61.707 61.297 63.082] )
Neighs (x-coords) of 2308 =  [2235 2767 3054  905 3058  972 1388  469] ( [63.532 61.297 58.999 59.512 58.896 61.639 62.318 61.442] )
Neighs (x-coords) of 2309 =  [2216 1166 1180 1189 1786 2194 1826 1865] ( [52.561 54.45  54.053 52.916 53.648 52.051 54.748 54.965] )
Neighs (x-coords) of 2310 =  [ 266  468 2256 3223 2823  180  162 3224  173 3082  773 1596 1600 2824] ( [54.348 52.819 52.388 51.215 54.081 53.557 51.765 52.664 51.628 52.26  52.653 53.496 52.069 54.578] )
Neighs (x-coords) of 2311 =  [ 899 1155 2914 2917  284 1291  473 2296  312 2785 1640] ( [59.251 58.536 57.601 58.87  56.492 56.686 58.648 58.164 60.381 60.54  58.981] )
Neighs (x-coords) of 2312 =  [1176 1820 2297 1178 2300 2303 1190] ( [52.271 52.788 53.777 50.756 50.467 50.166 52.735] )
Neighs (x-coords) of 2313 =  [ 474  670 2911   96  603 1925   26 1870 3353  252 2314] ( [42.078 38.989 41.72  41.105 41.548 41.163 41.702 39.405 40.961 42.607 42.518] )
Neighs (x-coords) of 2314 =  [1926  474 2313 2911   96  603 1925   26 3440  701 1370] ( [42.491 42.078 41.195 41.72  41.105 41.548 41.163 41.702 44.112 43.288 43.789] )
Neighs (x-coords) of 2315 =  [1174 1191 1193  459 2183 2184 2318] ( [45.26  44.622 45.238 41.102 40.914 40.69  44.715] )
Neighs (x-coords) of 2316 =  [ 591 1997 1998 2633  480 2317 1511  257 2940] ( [49.633 50.325 48.974 49.615 50.314 50.778 53.057 52.241 51.541] )
Neighs (x-coords) of 2317 =  [ 480 1357 2769 2316 1060 2633  183 3492   64 1511 2940 2947 3493] ( [50.314 48.69  48.785 51.023 49.926 49.615 51.335 50.495 50.78  53.057 51.541 52.678 51.873] )
Neighs (x-coords) of 2318 =  [1191 1193 2315 2321 1171] ( [44.622 45.238 43.611 46.97  46.498] )
Neighs (x-coords) of 2319 =  [2984 1631 1002  478 2320] ( [56.887 53.816 53.503 53.947 53.483] )
Neighs (x-coords) of 2320 =  [478] ( [53.947] )
Neighs (x-coords) of 2321 =  [2700 2318 1193 1924 1171 1196] ( [48.113 44.715 45.238 46.196 46.498 47.138] )
Neighs (x-coords) of 2322 =  [ 509   81 2540 2551 3158 2295] ( [53.062 51.02  50.397 51.454 50.599 53.117] )
Neighs (x-coords) of 2323 =  [  63 3582  566 1866 1680  477 2331   41] ( [56.971 57.067 55.52  55.209 58.999 57.718 58.019 57.597] )
Neighs (x-coords) of 2324 =  [1171 1196 2321 1187 1195 1823] ( [46.498 47.138 46.97  46.527 47.172 47.86 ] )
Neighs (x-coords) of 2325 =  [ 704 1288 3321  500 1280  974   94 3320  476  639 1736 2326 3484 1263] ( [43.323 43.59  45.103 43.482 44.159 45.228 45.692 46.283 45.507 47.72  47.689 45.466 46.337 45.528] )
Neighs (x-coords) of 2326 =  [ 412  476  639 1736 1737 2325 3321  500 2227 2228 3481   34 3480 3320] ( [46.737 45.507 47.72  47.689 48.289 45.381 45.103 43.482 43.721 42.708 46.354 46.564 45.809 46.283] )
Neighs (x-coords) of 2327 =  [1168 1145 1184 1190 2330 2297 1148 1183] ( [50.479 49.172 49.254 52.735 52.675 53.777 53.301 51.714] )
Neighs (x-coords) of 2328 =  [1015 3342 2329 3339  475  651 1986] ( [50.688 50.315 49.806 50.923 50.232 52.387 52.76 ] )
Neighs (x-coords) of 2329 =  [1605 3339  914 2391 2413 1961 1962  475 1015 2328 3342] ( [48.672 50.923 47.127 47.66  47.777 49.892 50.293 50.232 50.688 51.012 50.315] )
Neighs (x-coords) of 2330 =  [1190 1168 1178 2327 1176 2297 2312] ( [52.735 50.479 50.756 51.541 52.271 53.777 52.479] )
Neighs (x-coords) of 2331 =  [ 477  870 1679 2323   63 3374 1680] ( [57.718 59.674 60.134 56.805 56.971 57.258 58.999] )
Neighs (x-coords) of 2332 =  [ 747 3193 2167  659 1950 3137 2500 3192  760  754  868 1671] ( [54.091 54.    53.146 52.194 53.065 54.495 55.631 55.012 54.695 55.208 56.698 55.842] )
Neighs (x-coords) of 2333 =  [3453 2249  170 1154 3155  376 2494  226 3452 2509 3270  390] ( [55.748 53.286 56.307 55.309 54.611 55.354 55.232 55.686 54.821 55.348 57.276 57.857] )
Neighs (x-coords) of 2334 =  [2913 3128 3522  231  736 3184  683 2950 3344  461 2197  415] ( [40.153 41.684 40.828 39.03  39.068 38.161 37.44  39.732 40.96  39.858 39.765 40.201] )
Neighs (x-coords) of 2335 =  [ 946 2338 1317 1318] ( [56.192 56.238 58.1   58.904] )
Neighs (x-coords) of 2336 =  [ 435 2337 1562  894 1461 1621 1007] ( [36.759 37.09  36.355 38.374 37.491 38.959 38.955] )
Neighs (x-coords) of 2337 =  [ 435 2336 1562 3449  722 1563 1944  608 1007 1936] ( [36.759 37.305 36.355 35.656 36.745 36.813 37.29  37.823 38.955 38.731] )
Neighs (x-coords) of 2338 =  [1625  946 2335 2595 1317 1318] ( [57.559 56.192 56.624 56.521 58.1   58.904] )
Neighs (x-coords) of 2339 =  [ 434  117 2340  554 2071 2072  322 2713 2714 2739  304] ( [60.94  60.196 60.582 62.659 62.316 61.985 62.839 62.239 63.206 63.178 63.674] )
Neighs (x-coords) of 2340 =  [1315 1319  434 2339] ( [58.47  59.608 60.94  61.873] )
Neighs (x-coords) of 2341 =  [ 433 2342  487 1805  336  864 1655 1656  494 2242] ( [41.536 41.552 39.231 39.274 39.156 40.423 39.755 41.149 42.942 43.229] )
Neighs (x-coords) of 2342 =  [ 433 2341  487 1805 2467  622 2006  494 2242] ( [41.536 41.432 39.231 39.274 41.886 39.74  40.437 42.942 43.229] )
Neighs (x-coords) of 2343 =  [ 943 1488 3017 2346  681 1247  679 2138 2139 1634 1642] ( [33.487 36.153 33.035 32.956 33.76  34.124 34.253 34.184 34.561 33.672 35.748] )
Neighs (x-coords) of 2344 =  [ 432 1431 2345 1495  634 2934 2508  801] ( [56.393 57.276 57.197 54.291 54.774 56.854 56.498 58.098] )
Neighs (x-coords) of 2345 =  [ 432 1431 2344 1495  371 2507 2508  801] ( [56.393 57.276 56.399 54.291 57.155 57.555 56.498 58.098] )
Neighs (x-coords) of 2346 =  [ 127 3017 3418 1247  943 2343  679 2138 2139] ( [32.132 33.035 31.328 34.124 33.487 34.394 34.253 34.184 34.561] )
Neighs (x-coords) of 2347 =  [ 431 3224 2298 2348  773 1596 3461  335] ( [53.353 52.664 53.427 53.607 52.653 53.496 56.579 55.37 ] )
Neighs (x-coords) of 2348 =  [ 472 2012 2298  431 2347 2847  335] ( [52.914 51.286 53.427 53.353 53.977 53.284 55.37 ] )
Neighs (x-coords) of 2349 =  [1912 1068 3464  430 2361 3482 3511] ( [39.191 38.948 38.078 39.601 39.76  39.537 41.874] )
Neighs (x-coords) of 2350 =  [ 875 1647 1474  793 1638 1367  436 1399 2351] ( [39.903 39.577 40.475 41.805 39.941 41.548 42.476 42.548 42.807] )
Neighs (x-coords) of 2351 =  [1399 2350 3060  793  436 1090] ( [42.548 42.042 41.026 41.805 42.476 43.161] )
Neighs (x-coords) of 2352 =  [ 437 2353 1767  758 3164] ( [46.741 46.875 48.892 49.49  49.47 ] )
Neighs (x-coords) of 2353 =  [ 437 2352 2367  438  820 2116 2117] ( [46.741 47.327 46.091 45.974 47.913 47.453 48.574] )
Neighs (x-coords) of 2354 =  [ 443  541 2259 2260 2355  816 2968 1051 1408 2031  174  248 2028] ( [64.857 65.39  65.13  65.966 64.526 61.68  62.84  63.256 62.41  62.731 64.031 66.621 64.143] )
Neighs (x-coords) of 2355 =  [ 443 2354  912 2486 1408 2755  454] ( [64.857 64.621 62.95  63.324 62.41  63.408 64.144] )
Neighs (x-coords) of 2356 =  [ 442  681 1247 2357 2171 1488  385 2572  133 3033  720 1489 1795 1796] ( [35.53  33.76  34.124 34.709 35.729 36.153 37.117 36.394 37.08  36.46  36.942 37.603 38.702 38.723] )
Neighs (x-coords) of 2357 =  [ 442  681 1247 2356 1543 2897  254 2896   35 3479 2171  385 2572] ( [35.53  33.76  34.124 36.    33.065 32.335 33.244 33.157 34.309 33.756 35.729 37.117 36.394] )
Neighs (x-coords) of 2358 =  [ 927 2362  285 3361 2697  986 2851 2602  562 2088  869 1674] ( [62.235 62.434 60.501 60.183 61.178 63.104 62.365 62.054 64.353 64.108 64.579 64.589] )
Neighs (x-coords) of 2359 =  [ 441 2360 2394 1890  575 1935 2520 2695] ( [50.904 51.515 48.892 48.134 47.985 48.837 50.596 51.605] )
Neighs (x-coords) of 2360 =  [ 441 2359 2394  707 1538 2372 2695  326 1629] ( [50.904 50.313 48.892 50.296 51.112 53.334 51.605 53.208 53.256] )
Neighs (x-coords) of 2361 =  [ 430 2349] ( [39.601 39.421] )
Neighs (x-coords) of 2362 =  [ 108  927 2358   23 3361 3362 3427 2441  366  422 2602  562 2088  869 1674] ( [60.978 62.235 62.482 60.146 60.183 60.035 61.324 62.456 61.973 62.57  62.054 64.353 64.108 64.579 64.589] )
Neighs (x-coords) of 2363 =  [ 440 2370   90 3293 1133 1368] ( [65.961 65.531 66.491 65.655 63.812 63.849] )
Neighs (x-coords) of 2364 =  [ 932 2375  296 2792  439 2365  578] ( [50.746 50.546 50.273 50.215 52.018 52.562 52.598] )
Neighs (x-coords) of 2365 =  [ 439  932 2375 2364 3456 1631 2561 2569  578 1002 1636] ( [52.018 50.746 50.546 51.203 53.358 53.816 52.28  53.38  52.598 53.503 52.645] )
Neighs (x-coords) of 2366 =  [ 948 1354 1358  763 2369 2599] ( [32.63  32.256 32.024 32.196 33.382 33.834] )
Neighs (x-coords) of 2367 =  [1042 3429  438  820 2116 2368] ( [43.422 43.904 45.974 47.913 47.453 45.522] )
Neighs (x-coords) of 2368 =  [ 438  820 2116 1042 3425 3429   61 3379] ( [45.974 47.913 47.453 43.422 42.738 43.904 46.844 45.988] )
Neighs (x-coords) of 2369 =  [  77 2542 2549  948 1354 2366  355 2599    8 3553] ( [34.922 34.007 35.148 32.63  32.256 32.766 34.289 33.834 34.744 33.936] )
Neighs (x-coords) of 2370 =  [ 440 2363 2739 1133  304 2732] ( [65.961 66.417 63.178 63.812 63.674 64.101] )
Neighs (x-coords) of 2371 =  [1890  847 1246  768  940 1241 1496 1501] ( [48.134 45.21  44.697 48.218 48.068 45.762 48.217 48.505] )
Neighs (x-coords) of 2372 =  [ 429 2373 2695 1945 2360  576 1946] ( [53.919 53.558 51.605 51.49  51.515 52.243 53.007] )
Neighs (x-coords) of 2373 =  [ 429 2372 2695  506  314 2584 2696  376 2494 2895 2509  346] ( [53.919 53.334 51.605 52.593 51.732 54.214 52.2   55.354 55.232 54.834 55.348 54.841] )
Neighs (x-coords) of 2374 =  [ 365  620 2381  668 1970 2011 2010] ( [65.094 64.941 64.334 65.89  65.267 64.964 64.911] )
Neighs (x-coords) of 2375 =  [ 932 2378 2400  296 2792 2793  859 1594 1595 2364  196 2561  439] ( [50.746 50.746 48.426 50.273 50.215 49.35  48.519 49.066 48.628 51.203 52.742 52.28  52.018] )
Neighs (x-coords) of 2376 =  [ 364 2377 1903 1782 1790 1025 3370   58 3303  859] ( [46.198 46.372 45.201 44.113 44.25  47.085 46.505 46.743 45.857 48.519] )
Neighs (x-coords) of 2377 =  [ 364 2376  624 1782 1790  287 2776  859 1594] ( [46.198 46.483 43.588 44.113 44.25  46.916 46.709 48.519 49.066] )
Neighs (x-coords) of 2378 =  [ 932 2375 2393 2400  935  700  539 2266 3455] ( [50.746 50.546 49.229 48.426 49.471 51.03  50.958 50.005 52.863] )
Neighs (x-coords) of 2379 =  [ 350  363 2755 3097 2935 2573 1411 2580] ( [60.9   61.759 63.408 60.151 58.332 60.202 60.894 61.359] )
Neighs (x-coords) of 2380 =  [ 363 2379 2755  454] ( [61.759 60.83  63.408 64.144] )
Neighs (x-coords) of 2381 =  [ 365  620 2374 1569 3542 3544  668 1970 2011 1009 2010] ( [65.094 64.941 65.828 63.007 61.673 61.612 65.89  65.267 64.964 64.574 64.911] )
Neighs (x-coords) of 2382 =  [ 362  993 2781 2390 1939 1377 3103] ( [56.732 54.385 54.031 57.162 56.289 57.04  57.933] )
Neighs (x-coords) of 2383 =  [ 929 2386 3369  399 2480 3074  559 2096 2097  731 1532  448  366 2462 2603 2460   83] ( [61.37  61.66  63.562 58.919 59.327 59.987 58.609 58.611 59.474 58.788 59.666 62.006 61.973 61.402 61.157 62.146 62.091] )
Neighs (x-coords) of 2384 =  [ 361 2385  783 1398 1421 2945  288 2774 2775   12 3546  401 2474] ( [34.724 34.973 36.015 35.803 35.556 35.45  34.083 33.485 34.784 37.718 37.895 37.761 37.818] )
Neighs (x-coords) of 2385 =  [ 361 2384  783  280 2944 2945] ( [34.724 35.543 36.015 35.273 35.223 35.45 ] )
Neighs (x-coords) of 2386 =  [ 929 2383 3369 2097 1515   83 2254 2566  206 2993 3048 2244   65] ( [61.37  61.008 63.562 59.474 59.981 62.091 62.624 62.769 61.478 62.418 62.377 61.58  64.058] )
Neighs (x-coords) of 2387 =  [ 360 2388 1541 1087 2526 1314 1603 1554  879 1313 1258] ( [55.685 55.856 54.201 53.829 53.704 53.745 53.739 55.709 54.676 54.862 57.215] )
Neighs (x-coords) of 2388 =  [ 360 2387 1087 2512 2526 1850 1258 1079] ( [55.685 55.545 53.829 54.344 53.704 55.78  57.215 57.091] )
Neighs (x-coords) of 2389 =  [ 359 2451 2067 2070 2105 3284  121 3025 1071 3451  154] ( [49.012 49.974 46.391 46.129 47.189 48.068 50.339 50.515 49.562 49.42  48.999] )
Neighs (x-coords) of 2390 =  [ 607 1939  362 2382] ( [56.716 56.289 56.732 56.523] )
Neighs (x-coords) of 2391 =  [ 914 2413 1248  380 2522 2523 2329] ( [47.127 47.777 46.336 46.658 46.214 47.492 49.806] )
Neighs (x-coords) of 2392 =  [ 367 2401 1886  578] ( [50.681 50.511 52.356 52.598] )
Neighs (x-coords) of 2393 =  [ 932 2378 1607  426 2400 1025 3373  935 2407  700 1378 1379  296] ( [50.746 50.746 48.254 47.762 48.426 47.085 47.144 49.471 48.646 51.03  50.709 50.387 50.273] )
Neighs (x-coords) of 2394 =  [ 441 2359 2360  768  940 1890 2371  707 1538] ( [50.904 50.313 51.515 48.218 48.068 48.134 47.385 50.296 51.112] )
Neighs (x-coords) of 2395 =  [ 320 1662 2720 2728 3326   32   64 3325 3372 2396  428  867 1669 1681 3371] ( [51.844 53.686 52.008 51.064 49.172 49.237 50.78  49.599 50.41  51.243 51.711 53.453 53.242 53.811 51.686] )
Neighs (x-coords) of 2396 =  [ 241 1416 2728 3326   32 3325 1662 2395  428  593 1871] ( [49.258 50.421 51.064 49.172 49.237 49.599 53.686 52.002 51.711 52.794 52.112] )
Neighs (x-coords) of 2397 =  [ 427 1381 2398 1084 2495 2498  703 1237   52 3592 3593 1029 1684] ( [39.922 41.584 39.416 40.747 40.719 39.906 41.645 40.898 40.06  40.816 39.588 42.449 42.659] )
Neighs (x-coords) of 2398 =  [ 427 1381 2397 1813  393 2647 2648 1084 2495   52 2219] ( [39.922 41.584 40.84  38.592 37.765 37.698 37.319 40.747 40.719 40.06  40.374] )
Neighs (x-coords) of 2399 =  [1581  127  250 2916  937 2410  583 1990 1616] ( [32.913 32.132 35.319 35.706 33.647 33.848 34.535 34.472 33.785] )
Neighs (x-coords) of 2400 =  [ 426 2402 1025 3373  935 2407  539 2266  932 2375 2378 2393] ( [47.762 47.257 47.085 47.144 49.471 48.646 50.958 50.005 50.746 50.546 50.746 49.229] )
Neighs (x-coords) of 2401 =  [ 367 2392 2792 3342 1886  578] ( [50.681 51.459 50.215 50.315 52.356 52.598] )
Neighs (x-coords) of 2402 =  [ 426 2400  568 1903 1904   61 3379 3380 2116] ( [47.762 48.426 45.239 45.201 45.164 46.844 45.988 47.384 47.453] )
Neighs (x-coords) of 2403 =  [ 397 2404 1385 1386 2439  398] ( [62.407 62.506 59.823 59.833 60.397 64.081] )
Neighs (x-coords) of 2404 =  [ 397 2403 2439 2483  421 2859  414 2440  398 2490 1026] ( [62.407 62.423 60.397 63.377 63.447 62.964 60.731 60.733 64.081 63.98  65.371] )
Neighs (x-coords) of 2405 =  [ 111 3436  826 2120  396 2406  951 2456 3216 1395] ( [59.203 59.416 59.891 58.947 59.437 59.095 61.647 61.957 61.227 61.528] )
Neighs (x-coords) of 2406 =  [ 396 2405 1394 3367  390 2616  840] ( [59.437 59.694 60.413 58.57  57.857 57.734 61.07 ] )
Neighs (x-coords) of 2407 =  [ 935  310 2747 2749  426 2400 3373 1378] ( [49.471 46.415 46.909 46.466 47.762 48.426 47.144 50.709] )
Neighs (x-coords) of 2408 =  [  71  395 2409 2705 3393  255 3353  633 3392] ( [42.183 41.996 42.027 39.47  41.706 38.51  40.961 42.054 43.035] )
Neighs (x-coords) of 2409 =  [  71  395 2408 3393 2911   26 3353  252 3354] ( [42.183 41.996 41.054 41.706 41.72  41.702 40.961 42.607 42.477] )
Neighs (x-coords) of 2410 =  [ 937 1581  127 3017 3028 2399 1968  250 2915 2916] ( [33.647 32.913 32.132 33.035 31.654 32.987 34.068 35.319 35.146 35.706] )
Neighs (x-coords) of 2411 =  [1087 2512  339 1766 1036 3442  673 3307 2869  444 2412 2858] ( [53.829 54.344 51.057 49.54  51.004 50.61  49.752 51.185 51.727 52.682 52.887 51.544] )
Neighs (x-coords) of 2412 =  [ 444 2869 2411 2512 2526] ( [52.682 51.727 51.945 54.344 53.704] )
Neighs (x-coords) of 2413 =  [ 914 2391 2329] ( [47.127 47.66  49.806] )
Neighs (x-coords) of 2414 =  [2417 3199  623 1785 2954 2978  924  204] ( [66.417 63.085 65.82  65.203 64.183 66.229 65.695 65.859] )
Neighs (x-coords) of 2415 =  [ 220  408 2416 3089  392 1056 1291   72 1308 3107 3383 2914 2917] ( [55.349 57.118 56.399 55.793 54.479 55.793 56.686 57.238 55.488 55.608 57.179 57.601 58.87 ] )
Neighs (x-coords) of 2416 =  [ 220  408 2415 3089  392 2640 2631 3197 3107 2914  522 2042] ( [55.349 57.118 56.729 55.793 54.479 54.703 55.025 57.052 55.608 57.601 58.831 59.134] )
Neighs (x-coords) of 2417 =  [2414  623 1785 2978  924 3405 2634 2951  342  991] ( [64.963 65.82  65.203 66.229 65.695 67.173 68.011 66.918 68.044 68.114] )
Neighs (x-coords) of 2418 =  [1114 3158 2952  548 2280 3487  236  407 2281 2419 2953 3378] ( [51.361 50.599 48.205 48.066 47.593 47.641 49.1   49.674 48.855 50.32  48.978 49.111] )
Neighs (x-coords) of 2419 =  [ 407 2281 3084  548  184 1046 3381 1114 2418 3158 2534 3085] ( [49.674 48.855 51.26  48.066 51.341 49.933 49.637 51.361 49.077 50.599 52.417 51.621] )
Neighs (x-coords) of 2420 =  [2125 3597 2422 2015  406 1095 1080 2503 3486] ( [39.134 36.392 35.798 36.036 36.173 36.283 38.735 37.926 37.073] )
Neighs (x-coords) of 2421 =  [2432 1526  410  729] ( [49.421 51.321 50.022 51.598] )
Neighs (x-coords) of 2422 =  [ 405 3217  406 2423 2503  193 3486] ( [35.956 32.948 36.173 36.407 37.926 37.108 37.073] )
Neighs (x-coords) of 2423 =  [1080 2503 2506  563 2177 2424  405 2422  406  674] ( [38.735 37.926 38.45  34.878 35.763 35.345 35.956 35.798 36.173 36.816] )
Neighs (x-coords) of 2424 =  [1763 2133 3215  563 2100 2177 2488  405  674 1764] ( [36.065 32.989 33.187 34.878 34.432 35.763 35.226 35.956 36.816 36.789] )
Neighs (x-coords) of 2425 =  [ 545  921 2289 2430  147 2743  457 1608 2189 2742 3120 3264  300] ( [43.075 44.651 43.449 44.616 42.3   45.238 45.339 42.881 45.366 44.962 43.173 42.859 45.629] )
Neighs (x-coords) of 2426 =  [ 404 1588 2692 3214 3046 3247 2427 2693 2688 1072 2632  767 1519] ( [56.829 54.322 54.177 56.597 55.631 56.264 56.753 54.663 56.253 58.576 57.825 59.313 59.366] )
Neighs (x-coords) of 2427 =  [2693  315 3046  404 2426 3001 3006 2688 2632 1422] ( [54.663 54.194 55.631 56.829 56.626 56.432 55.519 56.253 57.825 58.143] )
Neighs (x-coords) of 2428 =  [ 403 2429 1732 3169 1500  270 2816 1246  742 3176] ( [41.301 40.715 42.228 41.746 41.883 43.29  43.37  44.697 42.524 43.185] )
Neighs (x-coords) of 2429 =  [ 403 2428  874 1619 1618 1271 1521 3169  839 1391 1500  877] ( [41.301 41.916 38.113 38.658 38.749 38.724 40.111 41.746 39.444 39.768 41.883 39.444] )
Neighs (x-coords) of 2430 =  [ 545  921 2289 2425 1926  701 1370 2743  457 1608 2189 2118] ( [43.075 44.651 43.449 44.208 42.491 43.288 43.789 45.238 45.339 42.881 45.366 46.859] )
Neighs (x-coords) of 2431 =  [ 918 1124  900 3208 2453  144 3228 3244  741 1382  837 3389] ( [38.238 37.324 36.11  37.522 37.552 37.755 38.705 37.652 39.793 39.959 39.742 40.542] )
Neighs (x-coords) of 2432 =  [ 287 2777 3164 2421 1526  410  729] ( [46.916 47.038 49.47  50.471 51.321 50.022 51.598] )
Neighs (x-coords) of 2433 =  [ 366  422 2462  448 2441 2602 2460 1676] ( [61.973 62.57  61.402 62.006 62.456 62.054 62.146 64.546] )
Neighs (x-coords) of 2434 =  [3136  747  416 2435 3137  374 2500] ( [55.838 54.091 54.161 53.46  54.495 56.427 55.631] )
Neighs (x-coords) of 2435 =  [ 416 2231 2836 2167  747 3137 1342 2500] ( [54.161 51.053 50.957 53.146 54.091 54.495 51.987 55.631] )
Neighs (x-coords) of 2436 =  [ 415 2221  736 3184  683 1582 2197 2334 3522  187] ( [40.201 41.632 39.068 38.161 37.44  37.593 39.765 39.598 40.828 41.235] )
Neighs (x-coords) of 2437 =  [ 187 1107 3135 1582 3138 3522  415 2222] ( [41.235 40.201 40.59  37.593 39.276 40.828 40.201 42.25 ] )
Neighs (x-coords) of 2438 =  [ 953 2442 2930  237  204 2992 2634 2951  716 1478   78 2539] ( [65.655 65.671 66.6   66.601 65.859 66.601 68.011 66.918 68.945 69.359 67.248 67.719] )
Neighs (x-coords) of 2439 =  [1386  369 2644  397 2403 2404  414] ( [59.833 60.128 59.535 62.407 62.423 62.506 60.731] )
Neighs (x-coords) of 2440 =  [3396 2439  369 2644 2645 2404] ( [62.157 60.397 60.128 59.535 60.128 62.506] )
Neighs (x-coords) of 2441 =  [ 448 3399 3398 3427 2362  422 2433 2462] ( [62.006 61.537 62.781 61.324 62.434 62.57  63.211 61.402] )
Neighs (x-coords) of 2442 =  [ 953 1552 2438 1551  204 2991 2992  845 1231   78 2539] ( [65.655 63.638 66.567 63.477 65.859 65.459 66.601 64.069 64.666 67.248 67.719] )
Neighs (x-coords) of 2443 =  [ 413 2450  394] ( [64.493 64.981 62.24 ] )
Neighs (x-coords) of 2444 =  [1954 2227 2445  412  476  657 1736] ( [48.024 43.721 47.227 46.737 45.507 48.439 47.689] )
Neighs (x-coords) of 2445 =  [  34  412  657 1736 2444] ( [46.564 46.737 48.439 47.689 46.34 ] )
Neighs (x-coords) of 2446 =  [ 952 1340 2449  958 2888 2946] ( [59.961 58.703 59.161 60.255 59.793 60.471] )
Neighs (x-coords) of 2447 =  [ 411 2448 2596  918 2597 3286  875 1647] ( [37.98  37.211 36.297 38.238 37.33  40.258 39.903 39.577] )
Neighs (x-coords) of 2448 =  [ 411 2447  900 1642 2596  918 2019 2453  356] ( [37.98  38.699 36.11  35.748 36.297 38.238 36.71  37.552 36.404] )
Neighs (x-coords) of 2449 =  [ 952 1340 1315  958] ( [59.961 58.703 58.47  60.255] )
Neighs (x-coords) of 2450 =  [ 413 2443] ( [64.493 64.874] )
Neighs (x-coords) of 2451 =  [ 359 2389 3284  121 3025 1071 3451  154 3268 2281 3084  184 2533 3034  990] ( [49.012 48.814 48.068 50.339 50.515 49.562 49.42  48.999 49.433 48.855 51.26  51.341 52.529 52.029 51.522] )
Neighs (x-coords) of 2452 =  [ 402 1273 2471 1556  297 2782 2783 2293] ( [44.064 45.048 44.588 40.562 41.486 41.665 41.504 45.026] )
Neighs (x-coords) of 2453 =  [2019 1488  900 1642  720 1489  918 2431  411] ( [36.71  36.153 36.11  35.748 36.942 37.603 38.238 38.39  37.98 ] )
Neighs (x-coords) of 2454 =  [ 910 2457  637 1742 2120 3436  971 2899  277 2833] ( [59.274 59.741 57.8   58.732 58.947 59.416 61.552 61.015 61.148 60.916] )
Neighs (x-coords) of 2455 =  [ 840 1395 2034 2200  450 2456  785  512] ( [61.07  61.528 63.259 61.06  62.649 61.957 64.714 64.012] )
Neighs (x-coords) of 2456 =  [ 450  951 1641 2146 2137  826 2405  277 2832 1395] ( [62.649 61.647 61.318 63.414 60.115 59.891 59.694 61.148 62.053 61.528] )
Neighs (x-coords) of 2457 =  [ 910 2180 2454 1520  460 2181  919 3436  971 2899] ( [59.274 57.601 59.541 57.489 58.203 58.732 57.814 59.416 61.552 61.015] )
Neighs (x-coords) of 2458 =  [2999  201  449 3000 2459 3156] ( [32.432 32.992 31.906 32.378 31.543 34.487] )
Neighs (x-coords) of 2459 =  [   6 3564 2458  449 3446 3156] ( [32.315 31.939 32.197 31.906 32.411 34.487] )
Neighs (x-coords) of 2460 =  [1505  176 3074  448 1508 2433 2462  929 2383 3369 2993 1710  949] ( [60.791 59.718 59.987 62.006 62.228 63.211 61.402 61.37  61.008 63.562 62.418 64.473 64.323] )
Neighs (x-coords) of 2461 =  [ 687  835 1374 1375 1555 1834  697 1453  425 2472] ( [51.384 49.07  48.981 49.368 51.167 47.812 50.282 50.58  50.568 51.387] )
Neighs (x-coords) of 2462 =  [ 366  422 2433  399 2480  176 3074  448 2441 2603 2460  929] ( [61.973 62.57  63.211 58.919 59.327 59.718 59.987 62.006 62.456 61.157 62.146 61.37 ] )
Neighs (x-coords) of 2463 =  [ 447 1579 2464 3408  667 1972   60  106 3463  975] ( [41.223 39.508 41.497 39.335 37.461 37.993 41.997 39.878 41.539 40.522] )
Neighs (x-coords) of 2464 =  [ 447 1579 2463   60 3463  585 2002  945] ( [41.223 39.508 40.342 41.997 41.539 40.877 41.565 42.318] )
Neighs (x-coords) of 2465 =  [ 907 2470 3276 2015 1117 3249 1080 2503 2506 1987  590] ( [37.343 37.068 38.902 36.036 39.047 38.878 38.735 37.926 38.45  38.574 36.396] )
Neighs (x-coords) of 2466 =  [2250  446] ( [45.319 41.833] )
Neighs (x-coords) of 2467 =  [ 446 2006 2342 2466  494] ( [41.833 40.437 41.552 42.578 42.942] )
Neighs (x-coords) of 2468 =  [ 445 3317  464 2206  143 3239  328 2657 2658] ( [52.382 53.295 50.49  50.314 49.755 49.535 51.431 50.687 51.298] )
Neighs (x-coords) of 2469 =  [2164 3245 1531 2206  143 1024 1787  445] ( [53.569 51.466 51.473 50.314 49.755 53.606 54.381 52.382] )
Neighs (x-coords) of 2470 =  [ 907 2465 3276  563 1809 2177 1812 2840 2015 1117 1811  491 3249] ( [37.343 38.277 38.902 34.878 36.242 35.763 35.515 34.761 36.036 39.047 37.152 37.101 38.878] )
Neighs (x-coords) of 2471 =  [ 402 1273 2452 2293  382 2519  157 3279  498 2025  694  889 1233] ( [44.064 45.048 43.209 45.026 44.906 44.228 44.069 43.377 45.794 45.551 45.55  47.061 46.466] )
Neighs (x-coords) of 2472 =  [ 425 2708  697 1453 2701 1446  687 2461  311  659 1950 1550 1675] ( [50.568 50.884 50.282 50.58  51.48  50.104 51.384 49.935 51.715 52.194 53.065 53.974 51.715] )
Neighs (x-coords) of 2473 =  [ 318  424 2725 2647 2481 3187] ( [38.138 38.888 37.243 37.698 39.534 41.126] )
Neighs (x-coords) of 2474 =  [ 401 2252 2475 3334 2384 1011   12 3546 3554 1423 3126 3331] ( [37.761 38.803 36.849 36.538 35.543 36.276 37.718 37.895 38.389 37.666 39.367 37.034] )
Neighs (x-coords) of 2475 =  [ 401 2252 2474 3334 2384 2945  288 1011 2775 2549   12 3554 1103 2802 2805] ( [37.761 38.803 37.818 36.538 35.543 35.45  34.083 36.276 34.784 35.148 37.718 38.389 37.304 38.129 36.836] )
Neighs (x-coords) of 2476 =  [ 829 2130 2131  507 1819 2533 1818 3311 1520  400] ( [55.305 54.558 55.678 53.614 53.268 52.529 54.03  54.413 57.489 55.453] )
Neighs (x-coords) of 2477 =  [  87  400 3385 1819 2533 3243 1818   80   98  800 1456 2534 3311 1457] ( [56.678 55.453 56.348 53.268 52.529 54.217 54.03  52.124 53.646 53.627 53.56  52.417 54.413 54.226] )
Neighs (x-coords) of 2478 =  [ 751  925 3144 2559 3552  274 2482 2840  164] ( [34.155 33.992 34.492 32.616 34.875 34.1   33.607 34.761 36.513] )
Neighs (x-coords) of 2479 =  [ 399 2480 2112  822 2111  580 1627 1065 3475 2096  731 1532] ( [58.919 59.327 56.944 56.304 56.043 55.626 58.398 58.612 58.188 58.611 58.788 59.666] )
Neighs (x-coords) of 2480 =  [ 399 2479 3362 2112  895 1627  176 3074 3075 2096 2462 2603] ( [58.919 58.14  60.035 56.944 58.229 58.398 59.718 59.987 59.191 58.611 61.402 61.157] )
Neighs (x-coords) of 2481 =  [1254  992  424 2473 3465] ( [42.374 38.247 38.888 38.742 40.482] )
Neighs (x-coords) of 2482 =  [ 274 2841 1049 2559  375 2496 2497  925 2478] ( [34.1   33.514 31.71  32.616 32.293 32.571 31.329 33.992 34.526] )
Neighs (x-coords) of 2483 =  [2865 2404  418 2866  414  398 2490] ( [63.144 62.506 63.452 63.334 60.731 64.081 63.98 ] )
Neighs (x-coords) of 2484 =  [ 409 2485   63 3374  477 2331  224 3059  954] ( [59.031 59.606 56.971 57.258 57.718 58.019 58.789 59.503 60.809] )
Neighs (x-coords) of 2485 =  [ 409 2484 1825  224 3059  493 1824  954 1516] ( [59.031 58.978 57.345 58.789 59.503 58.04  58.666 60.809 60.951] )
Neighs (x-coords) of 2486 =  [ 912  956 1440 3233 1147 2489 2755 3505 2355 1948] ( [62.95  61.584 62.963 61.261 62.215 62.251 63.408 63.863 64.526 63.801] )
Neighs (x-coords) of 2487 =  [ 423 1650 2488 1252 2119 2140 1251  193] ( [34.757 33.69  35.226 35.784 33.947 34.667 37.102 37.108] )
Neighs (x-coords) of 2488 =  [ 423 1650  828 2133 2424  405 2487 1412  193 3485] ( [34.757 33.69  32.767 32.989 35.345 35.956 35.037 37.414 37.108 37.12 ] )
Neighs (x-coords) of 2489 =  [ 338 1963 2663  917 3097  912  956 2486 3233  660 2664 1408 2755 1948  454] ( [60.741 62.646 60.595 60.099 60.151 62.95  61.584 63.324 61.261 63.092 60.898 62.41  63.408 63.801 64.144] )
Neighs (x-coords) of 2490 =  [ 398 2865 2483 2403 2404] ( [64.081 63.144 63.377 62.423 62.506] )
Neighs (x-coords) of 2491 =  [ 980 2652 3260  213 3108 1031] ( [47.81  46.932 48.164 46.624 46.196 45.712] )
Neighs (x-coords) of 2492 =  [1384 3592 1000 2593  862 1684  190] ( [42.582 40.816 42.239 41.72  42.624 42.659 44.902] )
Neighs (x-coords) of 2493 =  [1086 3538 3364  358 1722 2610 3378  631 1723] ( [49.668 50.02  47.556 49.739 48.527 50.704 49.111 49.304 49.988] )
Neighs (x-coords) of 2494 =  [ 243  376 2895 1356  818 1355 2373 2249  170 1154 2987 3155 2333 2509] ( [55.793 55.354 54.834 52.976 52.664 52.843 53.558 53.286 56.307 55.309 55.706 54.611 55.477 55.348] )
Neighs (x-coords) of 2495 =  [1084 1111 2498 3130  497 1813 1143  703  427 2397 2398 1105] ( [40.747 41.906 39.906 41.357 38.257 38.592 41.538 41.645 39.922 40.84  39.416 42.88 ] )
Neighs (x-coords) of 2496 =  [ 375 2497 1035 3306 3322  794 1432 3205 2482] ( [32.293 31.329 32.165 32.868 31.525 32.279 32.055 32.449 33.607] )
Neighs (x-coords) of 2497 =  [ 375 2496 3430 3322 1432] ( [32.293 32.571 29.869 31.525 32.055] )
Neighs (x-coords) of 2498 =  [1084 1111 2495 3130  318 2473 2725  497 1813 1984 2724 2647 1143 3170 3187  703  427] ( [40.747 41.906 40.719 41.357 38.138 38.742 37.243 38.257 38.592 37.376 38.278 37.698 41.538 42.413 41.126 41.645 39.922] )
Neighs (x-coords) of 2499 =  [ 374 2500 3192 1672 3054  581  905 1993 1994 3058] ( [56.427 55.631 55.012 56.506 58.999 59.147 59.512 58.197 59.241 58.896] )
Neighs (x-coords) of 2500 =  [ 374 2499 3192 2167  747 2332  416 2435 2434] ( [56.427 57.022 55.012 53.146 54.091 54.165 54.161 53.46  54.842] )
Neighs (x-coords) of 2501 =  [ 373 2502 2242  343] ( [43.199 44.12  43.229 43.249] )
Neighs (x-coords) of 2502 =  [ 373 2501 2242] ( [43.199 42.708 43.229] )
Neighs (x-coords) of 2503 =  [1080 2423 2506 2422 2015  406  907 2465 2470  590 2022] ( [38.735 36.407 38.45  35.798 36.036 36.173 37.343 38.277 37.068 36.396 36.855] )
Neighs (x-coords) of 2504 =  [ 702 1409 2973  372 2505 2764  258 1353 2884 1341] ( [63.552 62.808 61.437 63.49  63.149 62.279 66.396 64.323 66.12  63.691] )
Neighs (x-coords) of 2505 =  [  69  372  140 2973 1040 2763 2764 3398 1341 2504] ( [62.338 63.49  61.142 61.437 63.018 61.003 62.279 62.781 63.691 64.278] )
Neighs (x-coords) of 2506 =  [1080 2423 2503 2465] ( [38.735 36.407 37.926 38.277] )
Neighs (x-coords) of 2507 =  [ 371 2508  432 2345 1057 1964 2292] ( [57.155 56.498 56.393 57.197 56.557 57.561 57.469] )
Neighs (x-coords) of 2508 =  [ 371 2507 1788  634 2934  432 2344 2345  233 2960 2961] ( [57.155 57.555 54.401 54.774 56.854 56.393 56.399 57.197 55.889 55.97  56.689] )
Neighs (x-coords) of 2509 =  [3270 2373  506 2249 2584  376 2494 2333 2583] ( [57.276 53.558 52.593 53.286 54.214 55.354 55.232 55.477 55.355] )
Neighs (x-coords) of 2510 =  [2511  646 1847 1848 3047  377 1692] ( [40.388 37.699 38.314 37.9   38.507 40.121 40.592] )
Neighs (x-coords) of 2511 =  [2510  646 1847 1848] ( [39.644 37.699 38.314 37.9  ] )
Neighs (x-coords) of 2512 =  [1087 2411  444 2412 2526 1995 3225  360 2388] ( [53.829 51.945 52.682 52.887 53.704 54.739 55.798 55.685 55.856] )
Neighs (x-coords) of 2513 =  [ 221 1094 2571 2810 1560  525 2153 2154 1113 2707  253 2928] ( [46.928 46.328 47.058 48.344 44.675 44.188 43.703 44.633 45.742 46.653 48.166 45.637] )
Neighs (x-coords) of 2514 =  [ 313 2709 3142 1467  383 2515 2729] ( [42.794 43.672 40.659 41.562 41.6   41.181 42.374] )
Neighs (x-coords) of 2515 =  [  73  383  752 3141 3142 2950  713 1466 1467  251 2729 2913 3246 3390 3391  313 2514] ( [40.088 41.6   40.389 39.815 40.659 39.732 40.901 40.089 41.562 40.068 42.374 40.153 41.8   40.356 40.035 42.794 42.541] )
Neighs (x-coords) of 2516 =  [ 394 2517 1476 2861  420 1942] ( [62.24  62.394 60.82  63.075 62.618 60.843] )
Neighs (x-coords) of 2517 =  [ 394 2516  555 2069  413 2443] ( [62.24  61.714 62.285 62.024 64.493 64.874] )
Neighs (x-coords) of 2518 =  [1090 2529 3060 1399 2351  552 2076] ( [43.161 43.315 41.026 42.548 42.807 44.089 43.834] )
Neighs (x-coords) of 2519 =  [ 382 2154  945 1713  525 2471  157 3279 3280 2521] ( [44.906 44.633 42.318 42.317 44.188 44.588 44.069 43.377 44.676 45.569] )
Neighs (x-coords) of 2520 =  [1935 2838 2850  441 2359  714 1469  370 2711 3358  896] ( [48.837 50.574 49.142 50.904 50.313 50.574 50.997 51.313 49.011 51.152 52.899] )
Neighs (x-coords) of 2521 =  [ 452 3604  525  382 2154 2519 2025 3154] ( [48.164 47.658 44.188 44.906 44.633 44.228 45.551 47.517] )
Neighs (x-coords) of 2522 =  [ 380 2523 1033 3052 1393 1248  914] ( [46.658 47.492 44.794 44.797 45.132 46.336 47.127] )
Neighs (x-coords) of 2523 =  [ 380 2522 1393 1248 2391  850 3315 1605] ( [46.658 46.214 45.132 46.336 47.66  48.129 47.291 48.672] )
Neighs (x-coords) of 2524 =  [ 351  379 2525 2591 2600  889 1052 1233 1325 1292 1719 3163  715 1472 1720] ( [49.445 49.381 50.136 49.873 48.534 47.061 48.001 46.466 47.937 47.295 47.837 46.55  49.672 49.713 49.221] )
Neighs (x-coords) of 2525 =  [ 351  379 1527 2524 2591 2600 1052  715 1472 1475] ( [49.445 49.381 51.399 48.634 49.873 48.534 48.001 49.672 49.713 49.541] )
Neighs (x-coords) of 2526 =  [  93 3323 3307  444 2412 1087 2411 2512 1850  360 2387] ( [51.763 52.314 51.185 52.682 52.887 53.829 51.945 54.344 55.78  55.685 55.545] )
Neighs (x-coords) of 2527 =  [3229 1900  263  570 2871  378 2528  710 1517 1518] ( [56.642 53.477 54.225 53.832 53.649 54.942 55.239 56.995 56.056 57.031] )
Neighs (x-coords) of 2528 =  [ 378 1266 2527 3229] ( [54.942 55.485 54.762 56.642] )
Neighs (x-coords) of 2529 =  [1090 2518 3060 1558 2128  552 2076] ( [43.161 43.279 41.026 42.394 44.94  44.089 43.834] )
Neighs (x-coords) of 2530 =  [ 458 2186 2187  714 1469 2520  370 3358  326 1629 2665] ( [53.811 53.052 54.403 50.574 50.997 50.596 51.313 51.152 53.208 53.256 52.532] )
Neighs (x-coords) of 2531 =  [1077 2554 3441  240] ( [46.37  47.295 44.535 48.424] )
Neighs (x-coords) of 2532 =  [  54 3588   38  228 2553 3165 3470 2147 2148  733 3471 1505 3599   50] ( [63.295 62.547 60.258 60.166 59.292 59.075 59.887 59.331 59.964 61.57  61.017 60.791 61.785 62.669] )
Neighs (x-coords) of 2533 =  [3034 3243 3454 2451 3084  184 2748 1819 2590   80  800 1456 2534 2476  400] ( [52.029 54.217 50.207 49.974 51.26  51.341 52.684 53.268 51.531 52.124 53.627 53.56  52.417 55.193 55.453] )
Neighs (x-coords) of 2534 =  [  80   98  800 1456 3311 3454 2419 3084 1819 2533 1818 3161] ( [52.124 53.646 53.627 53.56  54.413 50.207 50.32  51.26  53.268 52.529 54.03  51.554] )
Neighs (x-coords) of 2535 =  [1017 2538] ( [54.825 54.051] )
Neighs (x-coords) of 2536 =  [ 688 1658 1662  593 1871  691   79  392 2537 1056 2640] ( [53.936 53.258 53.686 52.794 52.112 52.362 52.997 54.479 52.283 55.793 54.703] )
Neighs (x-coords) of 2537 =  [  79  392 1911 2931 1549 1658 2536 1871  691] ( [52.997 54.479 52.547 49.977 52.096 53.258 53.607 52.112 52.362] )
Neighs (x-coords) of 2538 =  [2620 1017] ( [54.378 54.825] )
Neighs (x-coords) of 2539 =  [  78 2541  953 2438 2442 2992  716] ( [67.248 67.458 65.655 66.567 65.671 66.601 68.945] )
Neighs (x-coords) of 2540 =  [  81 2551 2953  236 1126 3158 2295 3161  509] ( [51.02  51.454 48.978 49.1   49.039 50.599 53.117 51.554 53.062] )
Neighs (x-coords) of 2541 =  [  78 2539  953 2438 2442 2606  716] ( [67.248 67.719 65.655 66.567 65.671 67.995 68.945] )
Neighs (x-coords) of 2542 =  [  77 2369 2549  280 2945  288  355] ( [34.922 33.382 35.148 35.273 35.45  34.083 34.289] )
Neighs (x-coords) of 2543 =  [1023 2546  637] ( [59.043 59.104 57.8  ] )
Neighs (x-coords) of 2544 =  [  76 1338  783 1398 1421  600 1912 2545 3408 3546 1153  455] ( [37.394 37.946 36.015 35.803 35.556 39.036 39.191 37.564 39.335 37.895 37.223 39.867] )
Neighs (x-coords) of 2545 =  [3408 1421  600 1912   76 1338 2544] ( [39.335 35.556 39.036 39.191 37.394 37.946 38.241] )
Neighs (x-coords) of 2546 =  [3160  453 3159 1743 1023 2543  637 1742 1885  614] ( [58.42  57.517 57.451 57.442 59.043 59.148 57.8   58.732 61.462 60.827] )
Neighs (x-coords) of 2547 =  [ 803 1360 2282 1714  708 1509  962  547 2284   75 2548] ( [43.132 43.753 44.934 44.997 44.797 44.167 46.581 45.817 46.328 46.663 46.113] )
Neighs (x-coords) of 2548 =  [  75 2282 1714  708 1509 2547  547 2284] ( [46.663 44.934 44.997 44.797 44.167 46.03  45.817 46.328] )
Neighs (x-coords) of 2549 =  [  77 2369 2542 2945  288 1011  355    8 1809 2475 3334 1103] ( [34.922 33.382 34.007 35.45  34.083 36.276 34.289 34.744 36.242 36.849 36.538 37.304] )
Neighs (x-coords) of 2550 =  [ 793 1638  898 2570 1637  384 3061 1367  743 3188 3196] ( [41.805 39.941 38.981 38.171 38.814 38.965 39.58  41.548 41.092 40.995 40.789] )
Neighs (x-coords) of 2551 =  [  81 2540 1126 1705  105 3411  872 1740 2295  509] ( [51.02  50.397 49.039 51.409 51.567 52.425 52.179 53.966 53.117 53.062] )
Neighs (x-coords) of 2552 =  [ 169 3277 2898 3285 2588   82 1644 2568  344  507 1819  574 1891] ( [51.562 52.356 49.871 50.974 50.706 52.359 54.24  52.816 51.573 53.614 53.268 55.318 54.679] )
Neighs (x-coords) of 2553 =  [ 228 3165 3470  119 3129 3229 1518 3075 2147 3566 2609 2532] ( [60.166 59.075 59.887 56.88  57.008 56.642 57.031 59.191 59.331 58.101 59.001 60.754] )
Neighs (x-coords) of 2554 =  [1077 2531 3441] ( [46.37  46.408 44.535] )
Neighs (x-coords) of 2555 =  [ 147  249  451 2927 2919   71  711 1493 3263  701 1608 2556] ( [42.3   39.866 41.988 39.671 39.067 42.183 40.48  39.727 41.407 43.288 42.881 42.855] )
Neighs (x-coords) of 2556 =  [ 457 1608 2189   71  147  451 2555 3263  701 3392  649 1755 1770 3264] ( [45.339 42.881 45.366 42.183 42.3   41.988 41.404 41.407 43.288 43.035 43.6   42.639 43.899 42.859] )
Neighs (x-coords) of 2557 =  [ 227  881 1322 2558 1320 2094 2095 1039  246 3437] ( [39.125 36.645 36.538 38.823 36.269 39.338 39.255 39.632 40.704 39.585] )
Neighs (x-coords) of 2558 =  [ 227 1322 2557 3218 2166 3219 2263 2910 1039  246 2926] ( [39.125 36.538 39.171 36.474 38.017 37.459 38.731 40.167 39.632 40.704 41.111] )
Neighs (x-coords) of 2559 =  [1049 1905 2562 2578  201 3000    8 3552 3553  925 2478  274] ( [31.71  30.986 31.185 32.572 32.992 32.378 34.744 34.875 33.936 33.992 34.526 34.1  ] )
Neighs (x-coords) of 2560 =  [1021 2567 3349   28 1548  748 2631] ( [54.964 54.521 51.895 51.755 52.675 56.754 55.025] )
Neighs (x-coords) of 2561 =  [ 196 2569  539 2265  932 2375 2378  134 2365] ( [52.742 53.38  50.958 51.263 50.746 50.546 50.746 53.917 52.562] )
Neighs (x-coords) of 2562 =  [1049 1905 2559 2578 1889  348 2579  201 3000] ( [31.71  30.986 32.616 32.572 30.29  32.024 31.797 32.992 32.378] )
Neighs (x-coords) of 2563 =  [2855 3330   84  453 3159   20  132 3035 3329 2564 3299  292 2803] ( [55.73  54.706 57.227 57.517 57.451 54.812 56.85  57.062 54.638 56.709 54.662 58.028 58.714] )
Neighs (x-coords) of 2564 =  [1043 3299 2563   84  345  453 3159 2586 3035  838] ( [54.938 54.662 56.584 57.227 55.844 57.517 57.451 55.954 57.062 59.301] )
Neighs (x-coords) of 2565 =  [2602 2603 1532  366 1569 3544   83 2254 2566  982 1565 1009 1450] ( [62.054 61.157 59.666 61.973 63.007 61.612 62.091 62.624 62.769 62.525 61.613 64.574 64.984] )
Neighs (x-coords) of 2566 =  [  83 2254  366 2565 2603  929 2383 2386 3369   65 3368] ( [62.091 62.624 61.973 62.586 61.157 61.37  61.008 61.66  63.562 64.058 63.828] )
Neighs (x-coords) of 2567 =  [ 550 1549 2083 2084 3349  691 1548  392  748 3068 2640 1021 2560 2631] ( [53.859 52.096 52.908 54.15  51.895 52.362 52.675 54.479 56.754 56.241 54.703 54.964 54.574 55.025] )
Neighs (x-coords) of 2568 =  [  82  278 1644 2831 2868 1076  169 2552  774] ( [52.359 51.901 54.24  52.46  51.335 51.967 51.562 52.669 55.077] )
Neighs (x-coords) of 2569 =  [ 196 1541 1631 2561  134 2365 1002 1636 3009 1293  719] ( [52.742 54.201 53.816 52.28  53.917 52.562 53.503 52.645 54.629 54.688 54.921] )
Neighs (x-coords) of 2570 =  [ 898 1244 1093 1245 1637  384 1638] ( [38.981 36.794 37.222 37.758 38.814 38.965 39.941] )
Neighs (x-coords) of 2571 =  [ 221 1094 2513 2810  525 2154  253 3067 1044 1352 2025] ( [46.928 46.328 45.902 48.344 44.188 44.633 48.166 46.49  47.809 47.721 45.551] )
Neighs (x-coords) of 2572 =  [ 385 2628 1589   35 3478 3479  442 2356 2357  909 1677 3018] ( [37.117 37.612 35.992 34.309 33.898 33.756 35.53  36.    34.709 36.951 37.209 38.394] )
Neighs (x-coords) of 2573 =  [ 801 1459 2996  202 2998 1816  350 2379 2031 2580] ( [58.098 58.782 58.633 59.372 59.862 59.789 60.9   60.83  62.731 61.359] )
Neighs (x-coords) of 2574 =  [ 289 1632 2779 2577   53 3590 3591 1129 2699 2909 1067 2174] ( [45.175 43.375 44.981 42.105 42.265 42.266 42.341 40.741 40.221 42.069 42.662 44.884] )
Neighs (x-coords) of 2575 =  [1910  128 3237 3245 2618 1897  349 2576 3314] ( [53.481 50.912 51.394 51.466 50.844 53.999 52.818 53.533 54.432] )
Neighs (x-coords) of 2576 =  [ 349 2618 1897 2575  298 2789 1030 3314  391 2613 1898] ( [52.818 50.844 53.999 53.075 53.92  53.38  54.24  54.432 53.581 53.251 55.202] )
Neighs (x-coords) of 2577 =  [ 717 1480   53 3590 1129 2699 1067] ( [40.009 40.119 42.265 42.266 40.741 40.221 42.662] )
Neighs (x-coords) of 2578 =  [1049 1905 2559 2562  348 2579  201 3000  288 2774 2775    8 3552] ( [31.71  30.986 32.616 31.185 32.024 31.797 32.992 32.378 34.083 33.485 34.784 34.744 34.875] )
Neighs (x-coords) of 2579 =  [ 348 1905 2562 2578  288] ( [32.024 30.986 31.185 32.572 34.083] )
Neighs (x-coords) of 2580 =  [2031 2573 1816  350  363 1051 2379  496 1040 1345] ( [62.731 60.202 59.789 60.9   61.759 63.256 60.83  60.669 63.018 63.53 ] )
Neighs (x-coords) of 2581 =  [1034 2997   48 2132  672  811  347 2589 3579   45 3575 3586] ( [43.503 41.432 45.365 44.184 44.009 42.512 43.042 43.035 44.425 46.677 46.226 45.475] )
Neighs (x-coords) of 2582 =  [1286 1064] ( [68.868 66.969] )
Neighs (x-coords) of 2583 =  [ 346  429 2373 2584  376] ( [54.841 53.919 53.558 54.214 55.354] )
Neighs (x-coords) of 2584 =  [2696  429 2373  506 1630  180 3500 3501 2509  346 2583] ( [52.2   53.919 53.558 52.593 53.512 53.557 54.41  52.937 55.348 54.841 55.355] )
Neighs (x-coords) of 2585 =  [1064 1676 1009 1450 1455 2582] ( [66.969 64.546 64.574 64.984 64.241 67.666] )
Neighs (x-coords) of 2586 =  [ 574 1743 1891 1272  781  345 2587 3159 2564 2812  521] ( [55.318 57.442 54.679 53.614 54.261 55.844 55.052 57.451 56.709 56.109 58.202] )
Neighs (x-coords) of 2587 =  [ 345 3159 1316 1272  781  574 1743 1891] ( [55.844 57.451 52.732 53.614 54.261 55.318 57.442 54.679] )
Neighs (x-coords) of 2588 =  [1071 2715 3451 3454  613 1906 1907 1074 2898 3285   82 2740  169 2552  344] ( [49.562 48.709 49.42  50.207 50.043 50.718 49.234 49.153 49.871 50.974 52.359 52.106 51.562 52.669 51.573] )
Neighs (x-coords) of 2589 =  [ 347 3579 2997   33 3465 3466 3203 1254 2581  672  811 1257 1333 1769] ( [43.042 44.425 41.432 40.731 40.482 41.058 41.939 42.374 43.98  44.009 42.512 43.136 43.948 44.066] )
Neighs (x-coords) of 2590 =  [ 344 1819 3025 1071 2588 3451 3454 2740  301 2748 2533] ( [51.573 53.268 50.515 49.562 50.706 49.42  50.207 52.106 52.942 52.684 52.529] )
Neighs (x-coords) of 2591 =  [ 351  379  682 1527 2524 2525 2600  333 1720  128 2683 3237 3245 1531] ( [49.445 49.381 51.402 51.399 48.634 50.136 48.534 48.364 49.221 50.912 48.633 51.394 51.466 51.473] )
Neighs (x-coords) of 2592 =  [ 160 3248 3269 1070] ( [68.203 69.021 67.513 68.356] )
Neighs (x-coords) of 2593 =  [  52 3592  503 1000 3593 2492] ( [40.06  40.816 40.015 42.239 39.588 42.876] )
Neighs (x-coords) of 2594 =  [  23 1627 3361 1625  357 2595 3362 1065 3475] ( [60.146 58.398 60.183 57.559 57.117 56.521 60.035 58.612 58.188] )
Neighs (x-coords) of 2595 =  [ 357 1625 2338 1756 2111 1627 2594] ( [57.117 57.559 56.238 55.236 56.043 58.398 57.99 ] )
Neighs (x-coords) of 2596 =  [3182  411 2447 2448  356 2597  556 1093 2066] ( [35.273 37.98  38.699 37.211 36.404 37.33  37.486 37.222 36.622] )
Neighs (x-coords) of 2597 =  [ 356  518 2056 2596  411 2447 2448 2057 1093  898 1244  875] ( [36.404 37.167 36.422 36.297 37.98  38.699 37.211 37.78  37.222 38.981 36.794 39.903] )
Neighs (x-coords) of 2598 =  [ 176 3074 3075  161  710 1518 3266 3247  559 2096 1072 2609  767] ( [59.718 59.987 59.191 56.127 56.995 57.031 55.418 56.264 58.609 58.611 58.576 59.001 59.313] )
Neighs (x-coords) of 2599 =  [ 355 3222  948 2366 2601   77 2369] ( [34.289 36.229 32.63  32.766 34.124 34.922 33.382] )
Neighs (x-coords) of 2600 =  [ 351  379 2524 2525 2591 1719  142 2971 3163  333 2972  776 1624 1626 1475 1611] ( [49.445 49.381 48.634 50.136 49.873 47.837 46.388 46.134 46.55  48.364 45.998 47.836 48.338 47.096 49.541 48.817] )
Neighs (x-coords) of 2601 =  [ 463   77  355 2599] ( [35.825 34.922 34.289 33.834] )
Neighs (x-coords) of 2602 =  [2565 2603   23 3361 3362 3477 2358 2362  366  422 2433 1009] ( [62.586 61.157 60.146 60.183 60.035 59.306 62.482 62.434 61.973 62.57  63.211 64.574] )
Neighs (x-coords) of 2603 =  [2565 2602  399 2480 3362 1065 3477  731 1532  366  422 2462 2383   83] ( [62.586 62.054 58.919 59.327 60.035 58.612 59.306 58.788 59.666 61.973 62.57  61.402 61.008 62.091] )
Neighs (x-coords) of 2604 =  [ 354 1897 2605  138 3237 2741 1548] ( [52.151 53.999 52.956 50.623 51.394 51.446 52.675] )
Neighs (x-coords) of 2605 =  [ 354 1897 2604 2980  138 3348   28 1548 1265] ( [52.151 53.999 52.435 50.665 50.623 51.699 51.755 52.675 55.82 ] )
Neighs (x-coords) of 2606 =  [1070 2592  716 1478] ( [68.356 68.644 68.945 69.359] )
Neighs (x-coords) of 2607 =  [ 352 2608 3171] ( [42.154 42.194 40.667] )
Neighs (x-coords) of 2608 =  [ 352 2607  741 3171 3389] ( [42.154 42.179 39.793 40.667 40.542] )
Neighs (x-coords) of 2609 =  [1055 1072 2632 2646 3247  228 2553 2598 3074 3075 2147  767] ( [58.375 58.576 57.825 59.271 56.264 60.166 59.292 58.303 59.987 59.191 59.331 59.313] )
Neighs (x-coords) of 2610 =  [ 358 3378  407 1046 1114  631 1723 2493 1356  818 1355  506] ( [49.739 49.111 49.674 49.933 51.361 49.304 49.988 49.51  52.976 52.664 52.843 52.593] )
Neighs (x-coords) of 2611 =  [1060 2633 3092 1298 1134 2770  308 2768 2728  320] ( [49.926 49.615 48.183 46.911 47.924 47.867 50.561 51.121 51.064 51.844] )
Neighs (x-coords) of 2612 =  [ 343  373 2501 2502 1127 2630] ( [43.249 43.199 42.708 44.12  45.279 43.567] )
Neighs (x-coords) of 2613 =  [ 391 2620  298 2789] ( [53.581 54.378 53.92  53.38 ] )
Neighs (x-coords) of 2614 =  [ 658 1952 2617 2082 1073  267 2821  558 2081 3483] ( [32.35  33.142 31.804 33.164 32.408 32.561 32.399 33.895 34.644 33.415] )
Neighs (x-coords) of 2615 =  [   1  390 2616 1154  226 3452 3453  101 3366] ( [59.885 57.857 57.734 55.309 55.686 54.821 55.748 58.501 59.37 ] )
Neighs (x-coords) of 2616 =  [   1  390 2615  170 1154 2333 3270 2406 3235] ( [59.885 57.857 57.728 56.307 55.309 55.477 57.276 59.095 59.446] )
Neighs (x-coords) of 2617 =  [ 658 1952 2614 2082 1073  267 2821] ( [32.35  33.142 33.279 33.164 32.408 32.561 32.399] )
Neighs (x-coords) of 2618 =  [ 389 2619  128  712 1491 3237 3245 1141 2738 2741 3240 2575  349] ( [50.423 50.055 50.912 49.428 48.825 51.394 51.466 51.291 51.26  51.446 49.489 53.075 52.818] )
Neighs (x-coords) of 2619 =  [ 389 2618  730 1529 1530 1491 1141 2738 2741 3569] ( [50.423 50.844 48.269 47.656 47.941 48.825 51.291 51.26  51.446 48.869] )
Neighs (x-coords) of 2620 =  [ 391 2613 2538 1471] ( [53.581 53.251 54.051 56.578] )
Neighs (x-coords) of 2621 =  [ 388 2629 2995 3333   19] ( [42.118 41.61  42.951 43.872 43.446] )
Neighs (x-coords) of 2622 =  [1097 2625 2772] ( [44.262 44.163 45.515] )
Neighs (x-coords) of 2623 =  [ 315  824 2063  933 2106 3523  387 2624 3518] ( [54.194 51.049 51.398 51.306 50.605 50.467 52.951 53.276 51.945] )
Neighs (x-coords) of 2624 =  [ 387 2086 1085 2063 3489 2623  978 3006] ( [52.951 53.635 51.344 51.398 53.062 52.252 55.888 55.519] )
Neighs (x-coords) of 2625 =  [ 289 1632   53 3591 2909 1097 2622 1633] ( [45.175 43.375 42.265 42.341 42.069 44.262 45.173 43.203] )
Neighs (x-coords) of 2626 =  [ 755 3133 3134  777 1281 1294  540 2262 2263  386 2627] ( [35.262 34.754 35.713 35.005 35.617 35.202 39.259 39.144 38.731 37.529 37.272] )
Neighs (x-coords) of 2627 =  [ 386  777 1281 1884 1294 2626 2262  856 1690 2258] ( [37.529 35.005 35.617 35.974 35.202 37.228 39.144 38.651 39.102 37.986] )
Neighs (x-coords) of 2628 =  [ 385 2572 1095  442  909 1677 2022 3595  490] ( [37.117 36.394 36.283 35.53  36.951 37.209 36.855 37.168 39.093] )
Neighs (x-coords) of 2629 =  [ 388 2621 3333   19] ( [42.118 42.025 43.872 43.446] )
Neighs (x-coords) of 2630 =  [1127  343 2612 1567] ( [45.279 43.249 43.62  45.3  ] )
Neighs (x-coords) of 2631 =  [3197 2567  691 1548  392  748 2640 1021 2560] ( [57.052 54.521 52.362 52.675 54.479 56.754 54.703 54.964 54.574] )
Neighs (x-coords) of 2632 =  [1055 1072 2609 2646  131 3046 3247  404 2426 2427 2147  767] ( [58.375 58.576 59.001 59.271 55.237 55.631 56.264 56.829 56.626 56.753 59.331 59.313] )
Neighs (x-coords) of 2633 =  [1060 2611 1250 1298 1044 2316  308  480 1357 2317   64  257 2940] ( [49.926 49.532 47.899 46.911 47.809 51.023 50.561 50.314 48.69  50.778 50.78  52.241 51.541] )
Neighs (x-coords) of 2634 =  [2951  237 2417 2438  204 2992  716 1477  342] ( [66.918 66.601 66.417 66.567 65.859 66.601 68.945 69.67  68.044] )
Neighs (x-coords) of 2635 =  [ 342  991 2875 2879  204 2992] ( [68.044 68.114 67.366 68.879 65.859 66.601] )
Neighs (x-coords) of 2636 =  [ 353 2637  725 1574 3572 1575 3576 3577  768 1241 3019] ( [46.949 46.018 44.538 44.758 45.269 44.817 48.116 46.643 48.218 45.762 49.168] )
Neighs (x-coords) of 2637 =  [ 353 2636  725 1574 3571 3572   57 1575  594 1875 1876] ( [46.949 46.959 44.538 44.758 44.163 45.269 44.6   44.817 47.612 46.692 48.072] )
Neighs (x-coords) of 2638 =  [1058  523 2047 1452] ( [61.854 59.986 59.403 60.812] )
Neighs (x-coords) of 2639 =  [ 568 1903 1904  120 2729 3128 3522 3521  187 3351  368 2641 3053] ( [45.239 45.201 45.164 42.323 42.374 41.684 40.828 41.51  41.235 43.996 42.951 42.813 44.674] )
Neighs (x-coords) of 2640 =  [1056 1549 2084 2567  688 1658 2536  691 1548  392  748 2704 2631 2416] ( [55.793 52.096 54.15  54.521 53.936 53.258 53.607 52.362 52.675 54.479 56.754 55.951 55.025 56.399] )
Neighs (x-coords) of 2641 =  [ 200  368 3053   17 3336  120 3128 3522 2221 2222  502  187 2639] ( [44.167 42.951 44.674 41.873 42.053 42.323 41.684 40.828 41.632 42.25  41.962 41.235 43.543] )
Neighs (x-coords) of 2642 =  [ 381 2643 1893  340 1150 2853 3202] ( [60.361 60.124 60.345 62.418 62.369 62.291 61.637] )
Neighs (x-coords) of 2643 =  [ 381 2642 2152  611 1930  573 1893 2955  340 2853] ( [60.361 59.905 57.7   58.594 59.184 60.299 60.345 60.796 62.418 62.291] )
Neighs (x-coords) of 2644 =  [ 369 2645 2439 2109 1544  823  414] ( [60.128 60.128 60.397 58.206 57.828 58.54  60.731] )
Neighs (x-coords) of 2645 =  [ 369 2644 2109 1544  823 2440 3396   70 1979 3404] ( [60.128 59.535 58.206 57.828 58.54  60.733 62.157 62.665 62.113 62.058] )
Neighs (x-coords) of 2646 =  [1055 1072 2609 2632  527 2147  767 1082 3530] ( [58.375 58.576 59.001 57.825 59.798 59.331 59.313 59.784 58.937] )
Neighs (x-coords) of 2647 =  [ 393  318 2473 2725  497 1813 1984 2648 2498  427] ( [37.765 38.138 38.742 37.243 38.257 38.592 37.376 37.319 39.906 39.922] )
Neighs (x-coords) of 2648 =  [ 497 1813 1984  393 2647  427] ( [38.257 38.592 37.376 37.765 37.698 39.922] )
Neighs (x-coords) of 2649 =  [1591 1058 2638  873 1592] ( [60.478 61.854 61.151 61.363 61.903] )
Neighs (x-coords) of 2650 =  [  74 2969  797 1092 2080 2098  319 2721] ( [52.678 52.054 53.802 52.494 52.167 51.745 54.202 53.751] )
Neighs (x-coords) of 2651 =  [ 417 2809  473 2296 2785] ( [61.45  61.717 58.648 58.164 60.54 ] )
Neighs (x-coords) of 2652 =  [ 980 2491 3260 1654  213 3108  148  926  159 1659 3271 3261] ( [47.81  47.652 48.164 45.078 46.624 46.196 48.091 45.599 47.601 45.949 47.913 48.972] )
Neighs (x-coords) of 2653 =  [ 330  695 1262 2668  591] ( [47.008 47.381 46.75  46.237 49.633] )
Neighs (x-coords) of 2654 =  [  44 3536 3537 1116 2669 2885] ( [69.005 69.68  68.374 69.412 69.087 66.861] )
Neighs (x-coords) of 2655 =  [1272  489 1798 1799 1705 3123  781 1270 1706  329 2656  872 1043 3299] ( [53.614 50.801 51.189 51.228 51.409 52.848 54.261 53.72  51.855 53.766 54.298 52.179 54.938 54.662] )
Neighs (x-coords) of 2656 =  [ 329 2655  638 1739 1740 1043 3302] ( [53.766 53.218 53.71  54.495 53.966 54.938 54.798] )
Neighs (x-coords) of 2657 =  [ 328 2658 3239   66    0 2468] ( [51.431 51.298 49.535 50.149 49.805 51.746] )
Neighs (x-coords) of 2658 =  [ 328 2657   66 3375    0 2468 3317 1473  618] ( [51.431 50.687 50.149 49.225 49.805 51.746 53.295 52.352 53.52 ] )
Neighs (x-coords) of 2659 =  [3388 1118 2050 2662 1019] ( [44.94  47.267 48.448 46.365 49.001] )
Neighs (x-coords) of 2660 =  [ 327 2772  289 2779 2268  532 2173 2269] ( [47.996 45.515 45.175 44.981 47.2   45.55  45.96  46.286] )
Neighs (x-coords) of 2661 =  [1439  327] ( [47.767 47.996] )
Neighs (x-coords) of 2662 =  [1118 2050 2016 3388 2659] ( [47.267 48.448 44.044 44.94  47.456] )
Neighs (x-coords) of 2663 =  [3110  917  799  660 1454 2664  338 1963 2489] ( [58.491 60.099 60.58  63.092 61.435 60.898 60.741 62.646 62.251] )
Neighs (x-coords) of 2664 =  [ 522 2042 2663  917 1147 1451 3040  338] ( [58.831 59.134 60.595 60.099 62.215 61.472 60.645 60.741] )
Neighs (x-coords) of 2665 =  [ 326 1629 2666  441  714 1469   47 3567] ( [53.208 53.256 53.985 50.904 50.574 50.997 51.939 51.708] )
Neighs (x-coords) of 2666 =  [ 326 2665 3567 2079 3309 1075 2075] ( [53.208 52.532 51.708 53.566 55.604 56.235 56.059] )
Neighs (x-coords) of 2667 =  [1957   95  306 2235 1120 2690 3319  508 3318  504 2234] ( [65.763 63.151 61.709 63.532 63.082 62.501 62.477 63.563 63.841 64.234 63.867] )
Neighs (x-coords) of 2668 =  [ 330  695 1262 2653    7 3548 3547] ( [47.008 47.381 46.75  47.216 44.206 43.786 44.853] )
Neighs (x-coords) of 2669 =  [1116 2885 2175] ( [69.412 66.861 66.507] )
Neighs (x-coords) of 2670 =  [ 331  248 2920  258  268 2884  271 2829  764 1577 1586 2921 2817 2671] ( [68.359 66.621 66.286 66.396 66.392 66.12  65.881 66.389 68.444 67.608 69.11  67.425 67.344 68.109] )
Neighs (x-coords) of 2671 =  [2814  258 2884  271 2828 2829  331 2670 3537] ( [68.247 66.396 66.12  65.881 66.321 66.389 68.359 67.569 68.374] )
Neighs (x-coords) of 2672 =  [ 337  746 3198 3205 2673] ( [31.782 31.536 31.167 32.449 31.08 ] )
Neighs (x-coords) of 2673 =  [1543 2897  337] ( [33.065 32.335 31.782] )
Neighs (x-coords) of 2674 =  [1110 2677 1394    1  840 1395 2034 2713  512] ( [62.356 62.239 60.413 59.885 61.07  61.528 63.259 62.239 64.012] )
Neighs (x-coords) of 2675 =  [ 336  588 1489 2676 2019 1010 3286] ( [39.156 37.083 37.603 39.389 36.71  40.401 40.258] )
Neighs (x-coords) of 2676 =  [ 490 1489 1795 1796  487 1804 1805  336 2675] ( [39.093 37.603 38.702 38.723 39.231 38.591 39.274 39.156 39.121] )
Neighs (x-coords) of 2677 =  [1110 2674 2713  756 3131 3132 3127 1130 1686] ( [62.356 62.495 62.239 61.921 62.53  61.109 60.843 64.676 63.938] )
Neighs (x-coords) of 2678 =  [ 501 2224 2225 2298 2800  335 2680  891] ( [55.656 56.399 54.914 53.427 56.405 55.37  55.782 58.121] )
Neighs (x-coords) of 2679 =  [ 324 2689  317 1012 3358 3356  857 1694] ( [49.799 50.375 48.588 51.506 51.152 51.321 50.653 49.776] )
Neighs (x-coords) of 2680 =  [ 335 1725 2298  431 2347 2348 2678  195 2800 3461  630 1726] ( [55.37  56.934 53.427 53.353 53.977 53.607 55.776 57.431 56.405 56.579 56.498 56.884] )
Neighs (x-coords) of 2681 =  [ 334 2688  543 2274 3458  807 1422  115 1337] ( [55.964 56.253 54.225 54.118 57.414 58.989 58.143 57.836 58.805] )
Neighs (x-coords) of 2682 =  [ 766 1346 1474 1465 1918 1101 2104 2685  775 1098  825] ( [39.622 41.971 40.475 39.26  38.096 40.291 42.149 41.025 42.318 39.863 43.031] )
Neighs (x-coords) of 2683 =  [ 128  712 1491 3237 3583   45  632 1719 3575  333 2684 1720 2591 2600] ( [50.912 49.428 48.825 51.394 47.24  46.677 48.288 47.837 46.226 48.364 47.649 49.221 49.873 48.534] )
Neighs (x-coords) of 2684 =  [ 333  465 2203 2972 1334 3583   45  142  776 1490  712 1491] ( [48.364 46.563 46.568 45.998 45.449 47.24  46.677 46.388 47.836 48.842 49.428 48.825] )
Neighs (x-coords) of 2685 =  [3390 3391 3585   73  864 1101 2104 2682 1098 3221  825 1042 3425 3429] ( [40.356 40.035 40.202 40.088 40.423 40.291 42.149 40.724 39.863 42.243 43.031 43.422 42.738 43.904] )
Neighs (x-coords) of 2686 =  [2687 1629  332  644 1836] ( [56.701 53.256 56.393 55.977 55.931] )
Neighs (x-coords) of 2687 =  [2686  332 2075  621 1020 3549] ( [55.649 56.393 56.059 57.814 57.587 58.353] )
Neighs (x-coords) of 2688 =  [ 334 2681 2692 3232  315  543  404 2426  118 3458 2427 2693  807 1422] ( [55.964 56.678 54.177 54.325 54.194 54.225 56.829 56.626 54.656 57.414 56.753 54.663 58.989 58.143] )
Neighs (x-coords) of 2689 =  [ 714 1469 1470  317 3358  324 2679] ( [50.574 50.997 50.355 48.588 51.152 49.799 50.292] )
Neighs (x-coords) of 2690 =  [1120 3319 3471  306 2767 2307  508 1857 2667] ( [63.082 62.477 61.017 61.709 61.297 61.634 63.563 63.079 63.676] )
Neighs (x-coords) of 2691 =  [  67  323 3262 3387 3045 1969    3 1927 2712  666 1975 1983] ( [37.31  36.562 37.245 38.188 35.755 35.331 37.891 38.79  36.771 38.456 37.977 39.37 ] )
Neighs (x-coords) of 2692 =  [ 882 1588 1682 1327 3232  315 1326 2273  404 2426  118 2693  334] ( [52.211 54.322 53.235 52.5   54.325 54.194 52.021 53.449 56.829 56.626 54.656 54.663 55.964] )
Neighs (x-coords) of 2693 =  [2427 1588 2692  387 2624  315 2623 2273 3046  404 2426] ( [56.753 54.322 54.177 52.951 53.276 54.194 52.252 53.449 55.631 56.829 56.626] )
Neighs (x-coords) of 2694 =  [1006 2907 3363 3177 3337  242 2900 1129 2699] ( [41.304 39.492 41.625 38.505 37.929 39.16  38.763 40.741 40.221] )
Neighs (x-coords) of 2695 =  [ 429 2372 2373 1723  441 2359 2360  314 2696  896] ( [53.919 53.334 53.558 49.988 50.904 50.313 51.515 51.732 52.2   52.899] )
Neighs (x-coords) of 2696 =  [ 314 2584  429 2373 2695  896 1630  180 3501] ( [51.732 54.214 53.919 53.558 51.605 52.899 53.512 53.557 52.937] )
Neighs (x-coords) of 2697 =  [ 149 3258 2698 3259   31  285  955 2834 2837  927] ( [61.105 61.891 59.673 60.374 60.162 60.501 62.904 63.442 62.284 62.235] )
Neighs (x-coords) of 2698 =  [3259 1768   31  285 3539  149] ( [60.374 57.346 60.162 60.501 60.046 61.105] )
Neighs (x-coords) of 2699 =  [ 245 1129 2918 2751 3337  717 2577  305 2694 1067] ( [41.108 40.741 40.953 39.285 37.929 40.009 42.105 40.061 40.091 42.662] )
Neighs (x-coords) of 2700 =  [2321  602 1285 2718 1924 2702  236 2123 1126] ( [46.97  46.415 46.464 48.185 46.196 49.215 49.1   49.406 49.039] )
Neighs (x-coords) of 2701 =  [ 821  425 2472 2708 1568  263  311 2871] ( [48.726 50.568 51.387 50.884 50.845 54.225 51.715 53.649] )
Neighs (x-coords) of 2702 =  [ 861 1708 1285 2718 2700 2123 1126 1705 2953 1706] ( [49.122 49.901 46.464 48.185 48.113 49.406 49.039 51.409 48.978 51.855] )
Neighs (x-coords) of 2703 =  [ 198 3077  122 3021 1662 3022 2084  688 3091  284 2925 2704 3068] ( [56.558 57.413 53.576 53.63  53.686 54.034 54.15  53.936 56.881 56.492 56.105 55.951 56.241] )
Neighs (x-coords) of 2704 =  [3068 1662 2084  688 1658  198 2703 3077  284 2925 1056 1291 2640] ( [56.241 53.686 54.15  53.936 53.258 56.558 56.003 57.413 56.492 56.105 55.793 56.686 54.703] )
Neighs (x-coords) of 2705 =  [  71  395 2408 3393  255 2706 2919  813 1264 3353] ( [42.183 41.996 41.054 41.706 38.51  38.276 39.067 37.612 38.361 40.961] )
Neighs (x-coords) of 2706 =  [ 255 1967  586 2005 2919  813 1264 2705] ( [38.51  38.38  38.008 37.054 39.067 37.612 38.361 39.47 ] )
Neighs (x-coords) of 2707 =  [1113 1363  695 1683  253 2928 2513 2810 1778 1628] ( [45.742 44.913 47.381 47.662 48.166 45.637 45.902 48.344 48.622 49.118] )
Neighs (x-coords) of 2708 =  [ 425 2472  821 2701] ( [50.568 51.387 48.726 51.48 ] )
Neighs (x-coords) of 2709 =  [ 313 2514  383 2515  120 2729 3246  568 1903 1904 1042 3425] ( [42.794 42.541 41.6   41.181 42.323 42.374 41.8   45.239 45.201 45.164 43.422 42.738] )
Neighs (x-coords) of 2710 =  [ 316 2719 1543 3017 1968 1969  681  133 3032] ( [33.199 32.856 33.065 33.035 34.068 35.331 33.76  37.08  36.576] )
Neighs (x-coords) of 2711 =  [ 317  370 3358 1005  321 2716 2717 2727 1469] ( [48.588 51.313 51.152 48.054 47.177 46.994 47.016 48.354 50.997] )
Neighs (x-coords) of 2712 =  [   3  604 1927  286 2780 3045 1969 1347 3403   67  323 2691] ( [37.891 39.313 38.79  34.655 34.119 35.755 35.331 36.39  37.477 37.31  36.562 37.382] )
Neighs (x-coords) of 2713 =  [ 322 2714  117    1  178 3234 1110 2674 2677 2339 3127] ( [62.839 63.206 60.196 59.885 60.536 60.638 62.356 62.495 62.239 61.873 60.843] )
Neighs (x-coords) of 2714 =  [ 322 2713  178 2339 3127 3287 2732 1686] ( [62.839 62.239 60.536 61.873 60.843 61.255 64.101 63.938] )
Neighs (x-coords) of 2715 =  [1071 2588 3451 3454 1123 2752 2893  104 3414 3416 2718 1074 1709 2898] ( [49.562 50.706 49.42  50.207 48.054 46.543 48.356 46.805 46.306 46.513 48.185 49.153 49.213 49.871] )
Neighs (x-coords) of 2716 =  [ 321  575 2717  152 3250 3560 1890 2867 2727 1935  317] ( [47.177 47.985 47.016 44.51  44.934 45.193 48.134 45.605 48.354 48.837 48.588] )
Neighs (x-coords) of 2717 =  [ 321 2716 3560 3321 2727 3481 2044   94 3320 2850  317 2711] ( [47.177 46.994 45.193 45.103 48.354 46.354 47.961 45.692 46.283 49.142 48.588 49.011] )
Neighs (x-coords) of 2718 =  [ 602 1284 1123 2752  104 3414 3416 1909 2952 2700 2715  861 1708 2702  236] ( [46.415 46.037 48.054 46.543 46.805 46.306 46.513 46.014 48.205 48.113 48.709 49.122 49.901 49.215 49.1  ] )
Neighs (x-coords) of 2719 =  [ 316 1583  127 3017 3028  669 1968] ( [33.199 32.052 32.132 33.035 31.654 34.51  34.068] )
Neighs (x-coords) of 2720 =  [ 320 2395 3022 2768 1060 2611 2633 2728  257 2940 2947  122] ( [51.844 52.002 54.034 51.121 49.926 49.532 49.615 51.064 52.241 51.541 52.678 53.576] )
Neighs (x-coords) of 2721 =  [  47  319 3574 1092 2080 2650 1240 2722  876] ( [51.939 54.202 52.263 52.494 52.167 53.243 54.126 54.97  55.029] )
Neighs (x-coords) of 2722 =  [ 931 1593 1617 2650 1240  319 2721  876 1243 3309] ( [57.116 57.425 56.882 53.243 54.126 54.202 53.751 55.029 55.26  55.604] )
Neighs (x-coords) of 2723 =  [1125 2726  232] ( [42.748 42.536 41.266] )
Neighs (x-coords) of 2724 =  [ 497 1008 1813 1984 2144  985 2141 1535 1576  542 2257 2258  318 2725] ( [38.257 36.593 38.592 37.376 37.486 35.683 36.041 38.52  36.522 38.444 39.267 37.986 38.138 37.243] )
Neighs (x-coords) of 2725 =  [ 318  424 2473  985 1580 1576  497 1984 2724 2647] ( [38.138 38.888 38.742 35.683 35.297 36.522 38.257 37.376 38.278 37.698] )
Neighs (x-coords) of 2726 =  [1125 2723] ( [42.748 43.508] )
Neighs (x-coords) of 2727 =  [3481  321 2716 2717   34 2059  639 1737  317 2711 3358] ( [46.354 47.177 46.994 47.016 46.564 48.471 47.72  48.289 48.588 49.011 51.152] )
Neighs (x-coords) of 2728 =  [3326 2768 1060 2611 1018   32 1413 1416 2396  122  320 2395 2720] ( [49.172 51.121 49.926 49.532 50.46  49.237 50.99  50.421 51.243 53.576 51.844 52.002 52.008] )
Neighs (x-coords) of 2729 =  [ 120  251 2913 3128 3246  383 2515 2912 3521  313 2514 2709 2639] ( [42.323 40.068 40.153 41.684 41.8   41.6   41.181 40.3   41.51  42.794 42.541 43.672 43.543] )
Neighs (x-coords) of 2730 =  [1108  638 1739 1740  282 2813 2786 3509] ( [56.331 53.71  54.495 53.966 56.914 57.269 55.463 56.92 ] )
Neighs (x-coords) of 2731 =  [ 325 1443 1573 2930 1463  160 3248 3269] ( [69.106 67.601 66.114 66.6   67.042 68.203 69.021 67.513] )
Neighs (x-coords) of 2732 =  [ 304  322 2714 2339 2739] ( [63.674 62.839 63.206 61.873 63.178] )
Neighs (x-coords) of 2733 =  [ 645 1156 2750  830 2128 2114 1834 1833 2129  835 1374] ( [47.157 47.135 46.334 45.391 44.94  48.257 47.812 47.102 45.949 49.07  48.981] )
Neighs (x-coords) of 2734 =  [ 146  303 2735 3207  511 1252] ( [36.143 35.016 35.953 35.671 35.211 35.784] )
Neighs (x-coords) of 2735 =  [ 146  303 2734  511 2037 2038 1252 3206 1410  810] ( [36.143 35.016 34.902 35.211 35.214 35.441 35.784 36.99  37.743 36.723] )
Neighs (x-coords) of 2736 =  [ 302  849 1603 3350 3232  118 3231 1079 1253] ( [53.983 53.115 53.739 51.358 54.325 54.656 54.96  57.091 56.449] )
Neighs (x-coords) of 2737 =  [1253 1525 3232  302  849 2736] ( [56.449 57.205 54.325 53.983 53.115 54.276] )
Neighs (x-coords) of 2738 =  [ 209 1141 2741 3106 3569  389 2618 2619  298 2771] ( [48.962 51.291 51.446 49.633 48.869 50.423 50.844 50.055 53.92  54.023] )
Neighs (x-coords) of 2739 =  [2340  434 2339  304 2732] ( [60.582 60.94  61.873 63.674 64.101] )
Neighs (x-coords) of 2740 =  [1906  121 3024 3025 2588  301  689 2748  344 2590] ( [50.718 50.339 50.468 50.515 50.706 52.942 54.428 52.684 51.573 51.531] )
Neighs (x-coords) of 2741 =  [1141 2738 3569 2979  138  712  389 2618 2619  354 1897 2604] ( [51.291 51.26  48.869 50.532 50.623 49.428 50.423 50.844 50.055 52.151 53.999 52.435] )
Neighs (x-coords) of 2742 =  [2743  545  921 2425  300 1909] ( [45.238 43.075 44.651 44.208 45.629 46.014] )
Neighs (x-coords) of 2743 =  [3015 2288  998  545  921 2289 2425 2430 2742 3414  602  300 1909 1924 1037] ( [43.333 42.306 44.02  43.075 44.651 43.449 44.208 44.616 44.962 46.306 46.415 45.629 46.014 46.196 47.467] )
Neighs (x-coords) of 2744 =  [ 418 2745] ( [63.452 62.203] )
Neighs (x-coords) of 2745 =  [ 418 2744 2866 2093  299] ( [63.452 61.462 63.334 60.344 61.793] )
Neighs (x-coords) of 2746 =  [1061 1134 2770 1328 1018 3326  241 1416] ( [45.656 47.924 47.867 47.225 50.46  49.172 49.258 50.421] )
Neighs (x-coords) of 2747 =  [ 310 2749 3352  652 1985 3459 1001 1974] ( [46.415 46.466 44.304 48.031 47.756 46.386 46.112 48.795] )
Neighs (x-coords) of 2748 =  [ 301  689 1427  121 3024 3025 2740 2590 2533 3034 3242  156  990 1701] ( [52.942 54.428 52.167 50.339 50.468 50.515 52.106 51.531 52.529 52.029 54.266 54.15  51.522 54.929] )
Neighs (x-coords) of 2749 =  [ 310 2747   27 3351 3352  568 1904  426 3373] ( [46.415 46.909 44.149 43.996 44.304 45.239 45.164 47.762 47.144] )
Neighs (x-coords) of 2750 =  [ 645 1156 2733 1567 3267 1127  830 2128  582 1991] ( [47.157 47.135 46.984 45.3   43.962 45.279 45.391 44.94  47.071 47.437] )
Neighs (x-coords) of 2751 =  [ 193 1685 3485  941 1480  717  305 2759] ( [37.108 38.829 37.12  39.385 40.119 40.009 40.061 39.755] )
Neighs (x-coords) of 2752 =  [ 902 1123 2753 2893 1115 3191 3194 2156 3416 1284 2718 1709] ( [46.351 48.054 46.152 48.356 44.145 44.366 43.925 47.239 46.513 46.037 48.185 49.213] )
Neighs (x-coords) of 2753 =  [ 902 2752 2893 2016 3194 1118 2662] ( [46.351 46.543 48.356 44.044 43.925 47.267 46.365] )
Neighs (x-coords) of 2754 =  [1144 2757  447  975 2845] ( [42.495 42.194 41.223 40.522 40.416] )
Neighs (x-coords) of 2755 =  [ 363 1051 1408 2379  912 2486 2489 2380 2355  454] ( [61.759 63.256 62.41  60.83  62.95  63.324 62.251 62.034 64.526 64.144] )
Neighs (x-coords) of 2756 =  [ 454  636 1745  660 1963 2489 2755 2380 1948] ( [64.144 66.283 66.345 63.092 62.646 62.251 63.408 62.034 63.801] )
Neighs (x-coords) of 2757 =  [ 455 2215 2962  975 2845  965 2965  969 2906 1144 2754] ( [39.867 40.615 41.838 40.522 40.416 42.549 43.112 42.56  43.205 42.495 42.717] )
Neighs (x-coords) of 2758 =  [ 234  309 1772 2959 2967 2059 2760 3223  648] ( [50.162 48.834 50.975 51.121 49.829 48.471 48.306 51.215 51.685] )
Neighs (x-coords) of 2759 =  [  53  305  885 3590 3591  193 1685 2751 3485 3486  941 1480 1307] ( [42.265 40.061 40.932 42.266 42.341 37.108 38.829 39.285 37.12  37.073 39.385 40.119 41.473] )
Neighs (x-coords) of 2760 =  [ 514 3459 3484  194 2059  652 1985 1001 2029 1974  234  309 2758] ( [47.747 46.386 46.337 46.638 48.471 48.031 47.756 46.112 47.975 48.795 50.162 48.834 49.651] )
Neighs (x-coords) of 2761 =  [ 308 2768  211 3092  257] ( [50.561 51.121 48.002 48.183 52.241] )
Neighs (x-coords) of 2762 =  [1369   99 3308 3345 3274 1136 2765] ( [35.233 38.342 37.49  38.976 37.881 37.604 38.362] )
Neighs (x-coords) of 2763 =  [ 307 2764 3398 3427  573 1318  686 1504 3443 1894 2973   69  372 2505  108] ( [61.429 62.279 62.781 61.324 60.299 58.904 58.982 59.31  60.041 61.083 61.437 62.338 63.49  63.149 60.978] )
Neighs (x-coords) of 2764 =  [ 307 2763 3398 3427  573 1893  702 1894 2973 2852 3258   69  372 2505  108  967 2957] ( [61.429 61.003 62.781 61.324 60.299 60.345 63.552 61.083 61.437 62.822 61.891 62.338 63.49  63.149 60.978 64.283 64.434] )
Neighs (x-coords) of 2765 =  [ 182 1136 3503   99 3308 3345 2762 3274 2966 3007  752 3141] ( [37.168 37.604 37.382 38.342 37.49  38.976 36.909 37.881 38.862 39.616 40.389 39.815] )
Neighs (x-coords) of 2766 =  [ 873 1592 1591  217 3116 3118  581 1994  306 2767 3319] ( [61.363 61.903 60.478 59.636 60.237 59.279 59.147 59.241 61.709 61.297 62.477] )
Neighs (x-coords) of 2767 =  [ 306 2235 2308 1591  581  905 1994 1592 2766 1120 2690  469 2307] ( [61.709 63.532 61.707 60.478 59.147 59.512 59.241 61.903 61.075 63.082 62.501 61.442 61.634] )
Neighs (x-coords) of 2768 =  [ 308 2761 3092 1060 2611 2728  247 2924  257 2940  320] ( [50.561 50.792 48.183 49.926 49.532 51.064 53.677 53.904 52.241 51.541 51.844] )
Neighs (x-coords) of 2769 =  [ 480 1357 2317  695 2707 1250  253 2810 1044 1628] ( [50.314 48.69  50.778 47.381 46.653 47.899 48.166 48.344 47.809 49.118] )
Neighs (x-coords) of 2770 =  [1061 1134 1301 2746 2275 3092 1066 1298 1060 2611 3326] ( [45.656 47.924 46.068 48.342 45.306 48.183 46.33  46.911 49.926 49.532 49.172] )
Neighs (x-coords) of 2771 =  [ 298 2789 1141 2738 1897 1268 1898] ( [53.92  53.38  51.291 51.26  53.999 54.967 55.202] )
Neighs (x-coords) of 2772 =  [ 327 2660  289 1632 2625 2779 1097 2622 2102] ( [47.996 47.336 45.175 43.375 44.163 44.981 44.262 45.173 46.408] )
Neighs (x-coords) of 2773 =  [ 626 1029 1775 1776 2495 3130 1381 1105 2904 2790  916 1512] ( [44.057 42.449 44.992 43.874 40.719 41.357 41.584 42.88  43.827 42.952 43.585 44.469] )
Neighs (x-coords) of 2774 =  [ 288 2775  348 2579 2578  361 2384 1059] ( [34.083 34.784 32.024 31.797 32.572 34.724 35.543 34.451] )
Neighs (x-coords) of 2775 =  [ 288 1011 2774 2578  361 2384 1059 3578 3581 2475 3334] ( [34.083 36.276 33.485 32.572 34.724 35.543 34.451 34.284 35.414 36.849 36.538] )
Neighs (x-coords) of 2776 =  [ 735 1536  364 2377  287] ( [44.638 44.732 46.198 46.372 46.916] )
Neighs (x-coords) of 2777 =  [ 287 2776] ( [46.916 46.709] )
Neighs (x-coords) of 2778 =  [1132 2781 2959  700 1378 1379  993 3039 3042 1773 1986  116] ( [53.123 54.031 51.121 51.03  50.709 50.387 54.385 54.485 53.451 51.849 52.76  53.002] )
Neighs (x-coords) of 2779 =  [ 289 1632 2574 1067 2174   10 3560 3561  532 2660 2772 2102] ( [45.175 43.375 42.9   42.662 44.884 44.48  45.193 44.068 45.55  47.336 45.515 46.408] )
Neighs (x-coords) of 2780 =  [ 129  286 2788 3045 2277  669 1969  724 1572 2712] ( [35.102 34.655 34.038 35.755 34.212 34.51  35.331 34.138 33.376 36.771] )
Neighs (x-coords) of 2781 =  [1132 2778  993 3039 3042 1106  116 3455 3456] ( [53.123 52.655 54.385 54.485 53.451 53.091 53.002 52.863 53.358] )
Neighs (x-coords) of 2782 =  [ 297  947  989 2783  540 2262 1528 1556 2926 1545 2452  157 3279] ( [41.486 39.437 39.714 41.504 39.259 39.144 39.815 40.562 41.111 41.953 43.209 44.069 43.377] )
Neighs (x-coords) of 2783 =  [ 297  947  989 2782 3086 1528 1556 1282 3081 1279  402 2452] ( [41.486 39.437 39.714 41.665 39.442 39.815 40.562 42.121 39.934 43.44  44.064 43.209] )
Neighs (x-coords) of 2784 =  [ 312  728 1585 2093 2785  473  855 1687  279 1640 2890] ( [60.381 58.275 58.401 60.344 60.54  58.648 59.111 59.953 59.966 58.981 60.382] )
Neighs (x-coords) of 2785 =  [ 312 2784  473 2296 2311 1640  417 2651 2809] ( [60.381 59.901 58.648 58.164 58.941 58.981 61.45  60.671 61.717] )
Neighs (x-coords) of 2786 =  [3509  638 1739 1740 2295  509 1108] ( [56.92  53.71  54.495 53.966 53.117 53.062 56.331] )
Neighs (x-coords) of 2787 =  [3248  325] ( [69.021 69.106] )
Neighs (x-coords) of 2788 =  [ 286 2780 3045 1901 1902  549 2277] ( [34.655 34.119 35.755 33.029 34.396 34.273 34.212] )
Neighs (x-coords) of 2789 =  [ 298 2771 1141 2738 2741 1897  349 2576 2613 1898] ( [53.92  54.023 51.291 51.26  51.446 53.999 52.818 53.533 53.251 55.202] )
Neighs (x-coords) of 2790 =  [1667 3147 1111 3130  957 1105 1704 2904 2905 2773  916 1512] ( [44.521 42.277 41.906 41.357 44.274 42.88  44.063 43.827 45.064 42.502 43.585 44.469] )
Neighs (x-coords) of 2791 =  [3016 1003 3402  290] ( [39.857 39.694 39.629 42.585] )
Neighs (x-coords) of 2792 =  [ 296 2793  932 2375 1015 3342 2364 2401 1886  439] ( [50.273 49.35  50.746 50.546 50.688 50.315 51.203 50.511 52.356 52.018] )
Neighs (x-coords) of 2793 =  [ 296 2792 1607  850 1025 3370 3373 3315  700 1379 1605  932 2375 2393 1015] ( [50.273 50.215 48.254 48.129 47.085 46.505 47.144 47.291 51.03  50.387 48.672 50.746 50.546 49.229 50.688] )
Neighs (x-coords) of 2794 =  [1886 1986 1888 1735 1131] ( [52.356 52.76  53.062 55.066 54.694] )
Neighs (x-coords) of 2795 =  [ 295  641 2796  579 2000  654 1960  132 1999 2933 1846] ( [54.847 56.442 54.484 54.467 53.762 53.722 54.342 56.85  55.271 57.126 55.702] )
Neighs (x-coords) of 2796 =  [3123 1027 1373 2000  654   20  132 3329 2933  295] ( [52.848 53.684 54.397 53.762 53.722 54.812 56.85  54.638 57.126 54.847] )
Neighs (x-coords) of 2797 =  [ 663 1131 1981 1986] ( [57.376 54.694 56.875 52.76 ] )
Neighs (x-coords) of 2798 =  [ 294  458 2187  644 1836 1837 2824 2800 1928  612] ( [56.437 53.811 54.403 55.977 55.931 56.488 54.578 56.405 58.547 59.005] )
Neighs (x-coords) of 2799 =  [2791] ( [41.695] )
Neighs (x-coords) of 2800 =  [ 195 3461  458 2187  294 2798 2224 2678 2824  335 2680 1487] ( [57.431 56.579 53.811 54.403 56.437 56.493 56.399 55.776 54.578 55.37  55.782 58.657] )
Neighs (x-coords) of 2801 =  [ 293 1542 1622  714 1470 2808  486] ( [51.138 50.271 49.964 50.574 50.355 51.949 52.618] )
Neighs (x-coords) of 2802 =  [1103 2805 3180 2945 3554  401 2252 2475  488 1801] ( [37.304 36.836 38.51  35.45  38.389 37.761 38.803 36.849 40.407 40.776] )
Neighs (x-coords) of 2803 =  [ 292 2804 2563   84  838 1385] ( [58.028 57.678 56.584 57.227 59.301 59.823] )
Neighs (x-coords) of 2804 =  [ 292 2803  341 2563] ( [58.028 58.714 55.852 56.584] )
Neighs (x-coords) of 2805 =  [1103 2802 3180  280 2945   77 2549  355 3222 2475  738  970] ( [37.304 38.129 38.51  35.273 35.45  34.922 35.148 34.289 36.229 36.849 38.303 37.004] )
Neighs (x-coords) of 2806 =  [ 291  930 2807 3507 3510 1343  843 1342] ( [52.705 52.574 53.67  53.021 52.675 50.873 51.733 51.987] )
Neighs (x-coords) of 2807 =  [ 291  930 2806 3507 1949 3137  843 1342 3136  754  647 1748] ( [52.705 52.574 52.464 53.021 52.055 54.495 51.733 51.987 55.838 55.208 55.234 54.705] )
Neighs (x-coords) of 2808 =  [ 557 2079  293 2801  714 1470 2064 3567  486 1807] ( [53.597 53.566 51.138 50.588 50.574 50.355 52.674 51.708 52.618 51.718] )
Neighs (x-coords) of 2809 =  [ 417 2651 2785  299] ( [61.45  60.671 60.54  61.793] )
Neighs (x-coords) of 2810 =  [ 221 1094 2513 2571 2707 1683  253  705 1628 2769] ( [46.928 46.328 45.902 47.058 46.653 47.662 48.166 48.539 49.118 48.785] )
Neighs (x-coords) of 2811 =  [ 252 3441  474 2911  109 3440] ( [42.607 44.535 42.078 41.72  44.221 44.112] )
Neighs (x-coords) of 2812 =  [ 282 2813  781 1270 2586  192 3509  521] ( [56.914 57.269 54.261 53.72  55.954 57.009 56.92  58.202] )
Neighs (x-coords) of 2813 =  [ 282 2812  192 1108 2730 3509  521 2048 2049] ( [56.914 56.109 57.009 56.331 56.416 56.92  58.202 57.781 59.062] )
Neighs (x-coords) of 2814 =  [2671  271 2828 2829  977] ( [68.109 65.881 66.321 66.389 67.743] )
Neighs (x-coords) of 2815 =  [ 711 1521  403 2428  470 2304 2305 1500  270 2816 1770  913 1497] ( [40.48  40.111 41.301 41.916 41.576 41.938 40.921 41.883 43.29  43.37  43.899 42.735 43.284] )
Neighs (x-coords) of 2816 =  [ 270 1575   71 3393 1732  403 2428  725 3392  847 2815] ( [43.29  44.817 42.183 41.706 42.228 41.301 41.916 44.538 43.035 45.21  42.976] )
Neighs (x-coords) of 2817 =  [  44 3536 3537 2818 3079  258  268 2884 2975 1577 1586  863 1653 1666  331] ( [69.005 69.68  68.374 66.241 64.523 66.396 66.392 66.12  66.077 67.608 69.11  68.001 68.741 68.13  68.359] )
Neighs (x-coords) of 2818 =  [ 959 3241 3238 3079  268 1353 2975  863 1653 1666] ( [64.162 64.461 63.484 64.523 66.392 64.323 66.077 68.001 68.741 68.13 ] )
Neighs (x-coords) of 2819 =  [ 997 3394 2822 2214  858] ( [39.902 39.551 38.96  40.524 41.862] )
Neighs (x-coords) of 2820 =  [ 267 2821  244 2891 2892 1078 1955 3562  762 1387] ( [32.561 32.399 31.409 31.165 32.099 35.945 34.442 35.019 34.218 33.578] )
Neighs (x-coords) of 2821 =  [ 267 2820 2082 1073 2614 2617 2891  558 1955] ( [32.561 33.122 33.164 32.408 33.279 31.804 31.165 33.895 34.442] )
Neighs (x-coords) of 2822 =  [3397 1007  690 1597  997 2819 3394] ( [38.134 38.955 37.856 37.901 39.902 40.329 39.551] )
Neighs (x-coords) of 2823 =  [ 896 1630 1629  458 2186 2187  180 3500  266  468 2310 3224  644 1836 1837  294] ( [52.899 53.512 53.256 53.811 53.052 54.403 53.557 54.41  54.348 52.819 52.36  52.664 55.977 55.931 56.488 56.437] )
Neighs (x-coords) of 2824 =  [  59 3297 2823  458 2186 2187  266  468 2310  162 3224 1596  644  294 2798] ( [55.909 55.066 54.081 53.811 53.052 54.403 54.348 52.819 52.36  51.765 52.664 53.496 55.977 56.437 56.493] )
Neighs (x-coords) of 2825 =  [ 922 2826 3105  265 3178 3251 3102 1142] ( [41.973 41.255 41.902 41.757 42.114 43.862 42.734 42.96 ] )
Neighs (x-coords) of 2826 =  [ 922 2825 3105 3185 1500  265  877 1230 3251] ( [41.973 41.977 41.902 38.76  41.883 41.757 39.444 40.237 43.862] )
Neighs (x-coords) of 2827 =  [ 977 2828 3532  655 1958] ( [67.743 66.321 64.853 66.467 66.606] )
Neighs (x-coords) of 2828 =  [ 271 1341 2829 3532   18 3531 2671 2814 2885  977] ( [65.881 63.691 66.389 64.853 64.961 65.42  68.109 68.247 66.861 67.743] )
Neighs (x-coords) of 2829 =  [ 271 1341 2828 3532 2884   18 3531  331 2670 2671 2814] ( [65.881 63.691 66.321 64.853 66.12  64.961 65.42  68.359 67.569 68.109 68.247] )
Neighs (x-coords) of 2830 =  [1069 1462 1623  272 2846  239 2905 1947 1128 3254 1776  730 1529] ( [47.016 47.885 46.998 45.378 44.504 44.779 45.064 44.897 44.76  44.46  43.874 48.269 47.656] )
Neighs (x-coords) of 2831 =  [  82  278 1644 2568 2053 2868  740 3174] ( [52.359 51.901 54.24  52.816 49.801 51.335 53.101 52.153] )
Neighs (x-coords) of 2832 =  [ 277  421 2833 2857 2137  826 1641 2146 2456] ( [61.148 63.447 60.916 63.513 60.115 59.891 61.318 63.414 61.957] )
Neighs (x-coords) of 2833 =  [ 277 2832 2454 2049 2137  826  614 1887] ( [61.148 62.053 59.541 59.062 60.115 59.891 60.827 60.877] )
Neighs (x-coords) of 2834 =  [ 955 2837 3540 1551 2697  986 2851 2088  204 2991  845 1231] ( [62.904 62.284 60.886 63.477 61.178 63.104 62.365 64.108 65.859 65.459 64.069 64.666] )
Neighs (x-coords) of 2835 =  [ 276  499 2230 2231 2836  159 3271 3272  678 1446 1343 2162 2163  968 1428] ( [50.067 50.246 49.56  51.053 50.957 47.601 47.913 46.925 48.447 50.104 50.873 48.491 48.814 49.197 49.777] )
Neighs (x-coords) of 2836 =  [ 276  499 2230 2231 2835 1446 1343 2435  659 1949  843 1342] ( [50.067 50.246 49.56  51.053 49.518 50.104 50.873 53.46  52.194 52.055 51.733 51.987] )
Neighs (x-coords) of 2837 =  [ 955 2834 3540   31  285 3539 1269 1551] ( [62.904 63.442 60.886 60.162 60.501 60.046 61.204 63.477] )
Neighs (x-coords) of 2838 =  [2520 2850  370  994  517 3223] ( [50.596 49.142 51.313 49.82  48.541 51.215] )
Neighs (x-coords) of 2839 =  [ 275 1773 2847  653 1962  651] ( [53.377 51.849 53.284 50.187 50.293 52.387] )
Neighs (x-coords) of 2840 =  [ 274 1812 2841    8 3552 3553  563 1809 2100 2478 3124 1811  491] ( [34.1   35.515 33.514 34.744 34.875 33.936 34.878 36.242 34.432 34.526 33.784 37.152 37.101] )
Neighs (x-coords) of 2841 =  [ 274 1812 2482 2840 1354  794 1432 3553  214 3124] ( [34.1   35.515 33.607 34.761 32.256 32.279 32.055 33.936 33.977 33.784] )
Neighs (x-coords) of 2842 =  [ 975 2845 1338 1972 1153 1423 3126  447] ( [40.522 40.416 37.946 37.993 37.223 37.666 39.367 41.223] )
Neighs (x-coords) of 2843 =  [2844 1692  273 2135 2132] ( [42.247 40.592 42.43  43.574 44.184] )
Neighs (x-coords) of 2844 =  [2843  273 2135] ( [41.66  42.43  43.574] )
Neighs (x-coords) of 2845 =  [ 975 2842 1423 3126  455 2215 2757  915 3121 1144] ( [40.522 39.694 37.666 39.367 39.867 40.615 42.194 39.969 40.621 42.495] )
Neighs (x-coords) of 2846 =  [  42  272 3580 3170 1335  239 2904 2905 1947 1128 3254 1776] ( [44.321 45.378 44.181 42.413 42.069 44.779 43.827 45.064 44.897 44.76  44.46  43.874] )
Neighs (x-coords) of 2847 =  [ 275 1773 2839 1772  431 2348  648] ( [53.377 51.849 52.644 50.975 53.353 53.607 51.685] )
Neighs (x-coords) of 2848 =  [  72 1308 3382  593 1871 1872  264 2849  483 1854 1855] ( [57.238 55.488 56.965 52.794 52.112 52.292 54.127 53.64  54.55  55.198 54.952] )
Neighs (x-coords) of 2849 =  [ 264 2168 1527  593 1871 1872  565 1863 1864 2848  483] ( [54.127 53.494 51.399 52.794 52.112 52.292 52.694 52.65  52.362 54.688 54.55 ] )
Neighs (x-coords) of 2850 =  [1935 2520 2838  321  575 2717 2044  994] ( [48.837 50.596 50.574 47.177 47.985 47.016 47.961 49.82 ] )
Neighs (x-coords) of 2851 =  [ 986 3539  955 2834 2069 2358 2068] ( [63.104 60.046 62.904 63.442 62.024 62.482 62.539] )
Neighs (x-coords) of 2852 =  [ 573 1893  340 2853  702 1409 1894  149 3258 2764 1353  967 2954] ( [60.299 60.345 62.418 62.291 63.552 62.808 61.083 61.105 61.891 62.279 64.323 64.283 64.183] )
Neighs (x-coords) of 2853 =  [ 340 1150  381 2642 2643  573 1893  235 2955 3238  702 1409 1894 2852  959] ( [62.418 62.369 60.361 59.905 60.124 60.299 60.345 61.37  60.796 63.484 63.552 62.808 61.083 62.822 64.162] )
Neighs (x-coords) of 2854 =  [ 668 1970  955 2834 2358  986 2851 2088 2991] ( [65.89  65.267 62.904 63.442 62.482 63.104 62.365 64.108 65.459] )
Neighs (x-coords) of 2855 =  [2563 3330 3087  341 2856   84  453 3159  292 2804] ( [56.584 54.706 53.525 55.852 55.703 57.227 57.517 57.451 58.028 57.678] )
Neighs (x-coords) of 2856 =  [ 341 3087 2855] ( [55.852 53.525 55.73 ] )
Neighs (x-coords) of 2857 =  [ 421 2832] ( [63.447 62.053] )
Neighs (x-coords) of 2858 =  [ 339 1054 3573 2869  444] ( [51.057 50.882 51.292 51.727 52.682] )
Neighs (x-coords) of 2859 =  [ 421 2857  397 2404 2201 1026  846] ( [63.447 63.513 62.407 62.506 61.191 65.371 64.404] )
Neighs (x-coords) of 2860 =  [ 420  954 1476 2861  904 1516] ( [62.618 60.809 60.82  63.075 63.011 60.951] )
Neighs (x-coords) of 2861 =  [ 954 1476  394 2516  420 2860  904] ( [60.809 60.82  62.24  61.714 62.618 62.651 63.011] )
Neighs (x-coords) of 2862 =  [ 983 3251 1246  152 3250 1442] ( [45.243 43.862 44.697 44.51  44.934 47.317] )
Neighs (x-coords) of 2863 =  [ 419 1657 1712 2864 2169 2934 3109  770 2998 2935] ( [57.719 58.659 59.831 58.547 56.927 56.854 59.44  59.485 59.862 58.332] )
Neighs (x-coords) of 2864 =  [ 419 1657 1712 2863   72 3382 2169 3383  279 2890 3109  770] ( [57.719 58.659 59.831 57.835 57.238 56.965 56.927 57.179 59.966 60.382 59.44  59.485] )
Neighs (x-coords) of 2865 =  [2483  418 2866  398] ( [63.377 63.452 63.334 64.081] )
Neighs (x-coords) of 2866 =  [ 418 2745 2865] ( [63.452 62.203 63.144] )
Neighs (x-coords) of 2867 =  [1005 1442  152 3250  983 2862 3251 2716 3481] ( [48.054 47.317 44.51  44.934 45.243 44.634 43.862 46.994 46.354] )
Neighs (x-coords) of 2868 =  [1019 2053  613 1906 2898  740 3174   82  278 2568] ( [49.001 49.801 50.043 50.718 49.871 53.101 52.153 52.359 51.901 52.816] )
Neighs (x-coords) of 2869 =  [ 906 1670  339 1604  934  444 2412 2858] ( [52.478 51.71  51.057 49.358 49.045 52.682 52.887 51.544] )
Neighs (x-coords) of 2870 =  [ 155 2874 3283 2275 2135 2132 1034 1061  283 2878] ( [46.445 47.648 45.825 45.306 43.574 44.184 43.503 45.656 45.911 45.623] )
Neighs (x-coords) of 2871 =  [ 570 2701 1900  263  311 3490  185  871  378 2527 2872] ( [53.832 51.48  53.477 54.225 51.715 52.595 53.054 53.933 54.942 54.762 55.114] )
Neighs (x-coords) of 2872 =  [ 161 1517 1518 3266  263  570 2871  995  378  119 2527 3129 3229 1547 3038] ( [56.127 56.056 57.031 55.418 54.225 53.832 53.649 54.476 54.942 56.88  54.762 57.008 56.642 55.34  55.203] )
Neighs (x-coords) of 2873 =  [3594  155  262 2874 3282 1731  628] ( [45.959 46.445 48.027 47.648 47.294 48.153 48.607] )
Neighs (x-coords) of 2874 =  [ 155  262 2870 3282 3283  283 2878 2873  632  241] ( [46.445 48.027 45.718 47.294 45.825 45.911 45.623 47.465 48.288 49.258] )
Neighs (x-coords) of 2875 =  [ 342  991 2635 2879 2417  924 2089 1286] ( [68.044 68.114 68.29  68.879 66.417 65.695 65.312 68.868] )
Neighs (x-coords) of 2876 =  [261] ( [40.445] )
Neighs (x-coords) of 2877 =  [ 261 1861 2942 2876] ( [40.445 42.317 38.911 40.141] )
Neighs (x-coords) of 2878 =  [ 283 1328 1279 2135 2132 1034 2870 2874  694 1233  632 1719] ( [45.911 47.225 43.44  43.574 44.184 43.503 45.718 47.648 45.55  46.466 48.288 47.837] )
Neighs (x-coords) of 2879 =  [ 342  991 2635 2875 1062 1286] ( [68.044 68.114 68.29  67.366 69.594 68.868] )
Neighs (x-coords) of 2880 =  [ 260  881 1690 2887 2095 1349 1691  599] ( [37.686 36.645 39.102 37.363 39.255 37.507 38.361 40.999] )
Neighs (x-coords) of 2881 =  [1445 2052 2882  259  526 2150 2151] ( [54.635 57.568 56.495 56.57  58.023 57.875 57.744] )
Neighs (x-coords) of 2882 =  [1445 2052 2881 3281  259  876] ( [54.635 57.568 56.719 54.031 56.57  55.029] )
Neighs (x-coords) of 2883 =  [2272 2275  988 2886  721 1561 2293 1066 1061 1301] ( [44.897 45.306 43.52  44.104 44.194 43.559 45.026 46.33  45.656 46.068] )
Neighs (x-coords) of 2884 =  [ 258  268 1353 2975  271 2829 2504  331 2670 2817 3537 2671] ( [66.396 66.392 64.323 66.077 65.881 66.389 64.278 68.359 67.569 67.344 68.374 68.109] )
Neighs (x-coords) of 2885 =  [2669  258 2884  271 2828 1004 2504  331 2670 3537 2671] ( [69.087 66.396 66.12  65.881 66.321 65.786 64.278 68.359 67.569 68.374 68.109] )
Neighs (x-coords) of 2886 =  [ 988 3547  564 1861    7 1860  721 2272 2883 1561 1066 1298] ( [43.52  44.853 42.346 42.317 44.206 42.561 44.194 44.897 43.928 43.559 46.33  46.911] )
Neighs (x-coords) of 2887 =  [1690  827 2136  881 1322  260 2880  819 1349] ( [39.102 35.084 34.825 36.645 36.538 37.686 38.645 36.748 37.507] )
Neighs (x-coords) of 2888 =  [ 958 1908 1928  952 1340  612 2946  812 2446] ( [60.255 59.476 58.547 59.961 58.703 59.005 60.471 60.215 60.65 ] )
Neighs (x-coords) of 2889 =  [2027  312 2784  899  279 1639 1640 2890  956 1451 3233] ( [62.191 60.381 59.901 59.251 59.966 59.278 58.981 60.382 61.584 61.472 61.261] )
Neighs (x-coords) of 2890 =  [1688  312 2784  855 1687  279 1712 2864 2889 3233] ( [58.702 60.381 59.901 59.111 59.953 59.966 59.831 58.547 60.712 61.261] )
Neighs (x-coords) of 2891 =  [ 244 2892  267 2820] ( [31.409 32.099 32.561 33.122] )
Neighs (x-coords) of 2892 =  [ 244 2891  267 2820 3421 2929  238 2908  762 1387] ( [31.409 31.165 32.561 33.122 31.087 32.93  32.671 33.072 34.218 33.578] )
Neighs (x-coords) of 2893 =  [ 902 1123 2752 2753  878 1118 3416 1310 1074 1709 2898] ( [46.351 48.054 46.543 46.152 47.815 47.267 46.513 48.676 49.153 49.213 49.871] )
Neighs (x-coords) of 2894 =  [1457 1946  876  243 2895 1020] ( [54.226 53.007 55.029 55.793 54.834 57.587] )
Neighs (x-coords) of 2895 =  [ 243  376 2494 1457 1946  429 2372 2373 2894] ( [55.793 55.354 55.232 54.226 53.007 53.919 53.334 53.558 55.951] )
Neighs (x-coords) of 2896 =  [ 254 1028 3421 1543 2897 2929 3418  681 1247 2357  762 1387 2171  679] ( [33.244 31.232 31.087 33.065 32.335 32.93  31.328 33.76  34.124 34.709 34.218 33.578 35.729 34.253] )
Neighs (x-coords) of 2897 =  [1543 2673  337  254 1028 2896 1247 2357] ( [33.065 31.08  31.782 33.244 31.232 33.157 34.124 34.709] )
Neighs (x-coords) of 2898 =  [1074 1709 3285 2893 2868  613 2588 2715   82  169] ( [49.153 49.213 50.974 48.356 51.335 50.043 50.706 48.709 52.359 51.562] )
Neighs (x-coords) of 2899 =  [ 971 2901 1742  910 2454 2457 1887] ( [61.552 62.401 58.732 59.274 59.541 59.741 60.877] )
Neighs (x-coords) of 2900 =  [ 242  722 1563 3177   29 3275 3337 3338  158 3274 1129 1006 2694 2907] ( [39.16  36.745 36.813 38.505 37.145 37.588 37.929 36.553 37.427 37.881 40.741 41.304 40.091 39.492] )
Neighs (x-coords) of 2901 =  [ 971 2899  528] ( [61.552 61.015 63.833] )
Neighs (x-coords) of 2902 =  [  43 3576 3577 2531  240 3284  154 3268 3534] ( [47.368 48.116 46.643 46.408 48.424 48.068 48.999 49.433 50.074] )
Neighs (x-coords) of 2903 =  [  13  123 3020  240 3284   43 2902 3576   40 3524 3525  154 3268] ( [50.401 49.751 49.428 48.424 48.068 47.368 47.723 48.116 50.288 50.715 49.494 48.999 49.433] )
Neighs (x-coords) of 2904 =  [ 239 1105 1704 2905 3147 1143 3170 1111  884 1333 1334   42  272 2846 2790 1776] ( [44.779 42.88  44.063 45.064 42.277 41.538 42.413 41.906 44.61  43.948 45.449 44.321 45.378 44.504 42.952 43.874] )
Neighs (x-coords) of 2905 =  [ 239 1105 1704 2904  272 2846 2790  626 1775 1776 1104 3143 3166] ( [44.779 42.88  44.063 43.827 45.378 44.504 42.952 44.057 44.992 43.874 46.651 46.405 47.401] )
Neighs (x-coords) of 2906 =  [ 809  969 1312 1336 3512 2215 2757  965 3191 2965 1144] ( [44.283 42.56  44.097 44.502 42.03  40.615 42.194 42.549 44.366 43.112 42.495] )
Neighs (x-coords) of 2907 =  [1006 2694 3363 3275  242 2900  158 3274 2918  135 3007] ( [41.304 40.091 41.625 37.588 39.16  38.763 37.427 37.881 40.953 40.243 39.616] )
Neighs (x-coords) of 2908 =  [ 238 2892 2929] ( [32.671 32.099 32.93 ] )
Neighs (x-coords) of 2909 =  [ 245 2918   53 3591 1689  897 1632 2574 2625 1097] ( [41.108 40.953 42.265 42.341 40.133 42.888 43.375 42.9   44.163 44.262] )
Neighs (x-coords) of 2910 =  [ 945 1696 1713 1578 2166  540 2263  227 2558 1528  246] ( [42.318 41.418 42.317 38.767 38.017 39.259 38.731 39.125 38.823 39.815 40.704] )
Neighs (x-coords) of 2911 =  [ 474 2313   26 1870 3353 2409  252 2811 2314] ( [42.078 41.195 41.702 39.405 40.961 42.027 42.607 43.076 42.518] )
Neighs (x-coords) of 2912 =  [3445 3521 3347  179 3355  251 2729 2913 3522 3391 3585] ( [39.691 41.51  37.822 38.847 37.377 40.068 42.374 40.153 40.828 40.035 40.202] )
Neighs (x-coords) of 2913 =  [ 120  251 2334 2729 3128 3246 3522  231  736 3347 2950 2515] ( [42.323 40.068 39.598 42.374 41.684 41.8   40.828 39.03  39.068 37.822 39.732 41.181] )
Neighs (x-coords) of 2914 =  [1155 2311 2917  284  748 2704 3195 1056 1291 2640 3197  408 2415] ( [58.536 58.941 58.87  56.492 56.754 55.951 57.575 55.793 56.686 54.703 57.052 57.118 56.729] )
Neighs (x-coords) of 2915 =  [ 250 2916  727 1581  669 1968 1969  724 1570 2410 3262 3208] ( [35.319 35.706 32.503 32.913 34.51  34.068 35.331 34.138 34.553 33.848 37.245 37.522] )
Neighs (x-coords) of 2916 =  [ 250 2915 2399  937 2410  583 1989 1990  900 1645 3208 1124] ( [35.319 35.146 32.987 33.647 33.848 34.535 35.485 34.472 36.11  35.591 37.522 37.324] )
Neighs (x-coords) of 2917 =  [ 899 1155 2311 2914  408 2415 1639 1640] ( [59.251 58.536 58.941 57.601 57.118 56.729 59.278 58.981] )
Neighs (x-coords) of 2918 =  [ 245 1129 2699 2909  941 2694 2907 3363 1689 3008  897 1632] ( [41.108 40.741 40.221 42.069 39.385 40.091 39.492 41.625 40.133 40.81  42.888 43.375] )
Neighs (x-coords) of 2919 =  [ 586  670 1967  255 2706 3353 2705  249 2555 2927] ( [38.008 38.989 38.38  38.51  38.276 40.961 39.47  39.866 41.404 39.671] )
Neighs (x-coords) of 2920 =  [2028 3079 2354  174  248  764 1577 2921] ( [64.143 64.523 64.621 64.031 66.621 68.444 67.608 67.425] )
Neighs (x-coords) of 2921 =  [ 248 2920 2054  764 1577] ( [66.621 66.286 68.266 68.444 67.608] )
Neighs (x-coords) of 2922 =  [ 939 1099 3491 1662  867 1681  688 2925 1056 1291] ( [55.439 55.47  56.153 53.686 53.453 53.811 53.936 56.105 55.793 56.686] )
Neighs (x-coords) of 2923 =  [ 257 2947  247 2924  122 3021 3022] ( [52.241 52.678 53.677 53.904 53.576 53.63  54.034] )
Neighs (x-coords) of 2924 =  [ 247 2768 2923  122 3021] ( [53.677 51.121 54.356 53.576 53.63 ] )
Neighs (x-coords) of 2925 =  [ 212  284 1662  688 3091 2703 1099 2922 3491 2704 1056 1291 1308  473 2296] ( [57.153 56.492 53.686 53.936 56.881 56.003 55.47  55.07  56.153 55.951 55.793 56.686 55.488 58.648 58.164] )
Neighs (x-coords) of 2926 =  [ 246  540 2263  227 2558 1696 1713 2910 2782] ( [40.704 39.259 38.731 39.125 38.823 41.418 42.317 40.167 41.665] )
Neighs (x-coords) of 2927 =  [ 249 2555 3313 1937 2919 1925] ( [39.866 41.404 38.989 37.153 39.067 41.163] )
Neighs (x-coords) of 2928 =  [ 253  721 1560  695 1262 1113 2707 1250] ( [48.166 44.194 44.675 47.381 46.75  45.742 46.653 47.899] )
Neighs (x-coords) of 2929 =  [3418 1028 2896 3421 2892  238 2908  762 1387 1660  679 2138] ( [31.328 31.232 33.157 31.087 32.099 32.671 33.072 34.218 33.578 35.049 34.253 34.184] )
Neighs (x-coords) of 2930 =  [1573  623  237 2438  325 2731] ( [66.114 65.82  66.601 66.567 69.106 68.497] )
Neighs (x-coords) of 2931 =  [ 241 1416 2932  632 1719 1720  691] ( [49.258 50.421 48.549 48.288 47.837 49.221 52.362] )
Neighs (x-coords) of 2932 =  [ 241 1416 2931 2746  262 2870 2874  283 1328 1052  632 1719 3326] ( [49.258 50.421 49.977 48.342 48.027 45.718 47.648 45.911 47.225 48.001 48.288 47.837 49.172] )
Neighs (x-coords) of 2933 =  [1999 2796  150 3255 3257  132  295 2795 3036  964] ( [55.271 54.484 57.042 56.496 56.42  56.85  54.847 55.402 57.576 57.593] )
Neighs (x-coords) of 2934 =  [ 634 1787  928 3057 3069  432 2344 2961 2508 2863  256] ( [54.774 54.381 56.343 55.697 56.894 56.393 56.399 56.689 56.498 57.835 57.588] )
Neighs (x-coords) of 2935 =  [ 256  928 3069 2934 2961 3109 2863  917 3097] ( [57.588 56.343 56.894 56.854 56.689 59.44  57.835 60.099 60.151] )
Neighs (x-coords) of 2936 =  [ 165  269 3215 3217 1053] ( [32.711 30.505 33.187 32.948 29.867] )
Neighs (x-coords) of 2937 =  [1053 2134  269 2133] ( [29.867 32.25  30.505 32.989] )
Neighs (x-coords) of 2938 =  [ 964 1999 2933 2091  728 1585 1089] ( [57.593 55.271 57.126 59.852 58.275 58.401 60.062] )
Neighs (x-coords) of 2939 =  [ 888  961 2981 1287 3360 1032 3410 3413 2941] ( [45.599 46.157 44.482 44.947 44.022 46.503 46.993 46.821 46.868] )
Neighs (x-coords) of 2940 =  [ 257 2947 2316  308 2761 2768 1060 2633  480 2317  247] ( [52.241 52.678 51.023 50.561 50.792 51.121 49.926 49.615 50.314 50.778 53.677] )
Neighs (x-coords) of 2941 =  [2981 3360 1714 3236  888  961 2939 1289  546] ( [44.482 44.022 44.997 47.087 45.599 46.157 46.27  46.333 48.758] )
Neighs (x-coords) of 2942 =  [1847 2877  281 2943] ( [38.314 39.772 39.744 40.389] )
Neighs (x-coords) of 2943 =  [ 281 2942 1861 2877  585] ( [39.744 38.911 42.317 39.772 40.877] )
Neighs (x-coords) of 2944 =  [ 280 2945] ( [35.273 35.45 ] )
Neighs (x-coords) of 2945 =  [ 280 2944  361 2384 2385   77 2542 2549 2475 1103 2802] ( [35.273 35.223 34.724 35.543 34.973 34.922 34.007 35.148 36.849 37.304 38.129] )
Neighs (x-coords) of 2946 =  [1340  958 2888  842 1599] ( [58.703 60.255 59.793 57.997 59.113] )
Neighs (x-coords) of 2947 =  [ 257 2923 2940 2316  480 2317  808 1511  247 2720] ( [52.241 54.356 51.541 51.023 50.314 50.778 54.348 53.057 53.677 52.008] )
Neighs (x-coords) of 2948 =  [2215 2757  809  969 1312 1336 2906 1144] ( [40.615 42.194 44.283 42.56  44.097 44.502 43.205 42.495] )
Neighs (x-coords) of 2949 =  [1076 1316 2958  230 1311 1709 1798  861 1708  169 3277] ( [51.967 52.732 52.344 51.459 51.227 49.213 51.189 49.122 49.901 51.562 52.356] )
Neighs (x-coords) of 2950 =  [ 531 2159  182 3503  231  736 2966 3141 3142  383 2515  120  251 2334 2913 3128] ( [41.478 41.966 37.168 37.382 39.03  39.068 38.862 39.815 40.659 41.6   41.181 42.323 40.068 39.598 40.153 41.684] )
Neighs (x-coords) of 2951 =  [2634 1784 2930  623 1785  237 2414 2417 2438] ( [68.011 65.794 66.6   65.82  65.203 66.601 64.963 66.417 66.567] )
Neighs (x-coords) of 2952 =  [ 300 1909 1924  602 2718 1037 2118 1071 3454  236 1126 2953] ( [45.629 46.014 46.196 46.415 48.185 47.467 46.859 49.562 50.207 49.1   49.039 48.978] )
Neighs (x-coords) of 2953 =  [  81 2540 2952 2700 2702  236 1126] ( [51.02  50.397 48.205 48.113 49.215 49.1   49.039] )
Neighs (x-coords) of 2954 =  [ 967  984 2957 2978  340 2852 3258 2414  562  924 2088] ( [64.283 66.589 64.434 66.229 62.418 62.822 61.891 64.963 64.353 65.695 64.108] )
Neighs (x-coords) of 2955 =  [ 235 2956 3238  782  778 1324  381 2643 1930  805 1415 2853 1894] ( [61.37  61.282 63.484 60.292 58.63  59.089 60.361 60.124 59.184 62.134 61.386 62.291 61.083] )
Neighs (x-coords) of 2956 =  [ 235 2955 3238  782 1255  778 1324  805 1415 3080] ( [61.37  60.796 63.484 60.292 59.989 58.63  59.089 62.134 61.386 63.144] )
Neighs (x-coords) of 2957 =  [ 967  984 2954 2975 2978  702 2852 2764] ( [64.283 66.589 64.183 66.077 66.229 63.552 62.822 62.279] )
Neighs (x-coords) of 2958 =  [1076 1316 2949  230 1311 1798  963 3087 3122 1272] ( [51.967 52.732 51.583 51.459 51.227 51.189 52.779 53.525 52.296 53.614] )
Neighs (x-coords) of 2959 =  [ 234 1772 2758 2967 3083  700 1378 3082  648  773 1600 3042 1773 1132] ( [50.162 50.975 49.651 49.829 51.037 51.03  50.709 52.26  51.685 52.653 52.069 53.451 51.849 53.123] )
Neighs (x-coords) of 2960 =  [ 233 2961 1030 3314 3317  371 2508  661 1468] ( [55.889 56.689 54.24  54.432 53.295 57.155 56.498 56.812 56.948] )
Neighs (x-coords) of 2961 =  [ 233 2960 1788  928 3057  634 2934  371 2508  256] ( [55.889 55.97  54.401 56.343 55.697 54.774 56.854 57.155 56.498 57.588] )
Neighs (x-coords) of 2962 =  [ 513 3512 3409  455 2196 2215 2757 2033  965 1295 2032] ( [42.15  42.03  40.672 39.867 39.784 40.615 42.194 42.67  42.549 44.473 42.817] )
Neighs (x-coords) of 2963 =  [ 232 1117 3249 2465 3276 1080 2183 2964 1125 2723] ( [41.266 39.047 38.878 38.277 38.902 38.735 40.914 40.972 42.748 43.508] )
Neighs (x-coords) of 2964 =  [1405 1117 2251 3276  804 2183 2184  232] ( [41.11  39.047 39.129 38.902 41.303 40.914 40.69  41.266] )
Neighs (x-coords) of 2965 =  [2962 2757  965 1295 2032 1115 3191 2906] ( [41.838 42.194 42.549 44.473 42.817 44.145 44.366 43.205] )
Neighs (x-coords) of 2966 =  [ 231  617 1880  182 1136 2765 3503 3496  135 3007 3141 3142  531] ( [39.03  38.311 37.722 37.168 37.604 38.362 37.382 37.07  40.243 39.616 39.815 40.659 41.478] )
Neighs (x-coords) of 2967 =  [ 234  309 1772 2758 2959  514 2760 2029 1961 1378  648] ( [50.162 48.834 50.975 49.651 51.121 47.747 48.306 47.975 49.892 50.709 51.685] )
Neighs (x-coords) of 2968 =  [ 816 1146 1411 3230  956 3183 1408 1760  443  541 2259 2354  675] ( [61.68  62.036 60.894 61.342 61.584 61.841 62.41  63.859 64.857 65.39  65.13  64.621 63.889] )
Neighs (x-coords) of 2969 =  [  74 2650 1121 1092 2064] ( [52.678 53.243 50.57  52.494 52.674] )
Neighs (x-coords) of 2970 =  [  85 3388  589] ( [44.371 44.94  43.1  ] )
Neighs (x-coords) of 2971 =  [ 142 3162 3163 1273  672 1791 1769  694 1233   45 1719 3575  759 2972] ( [46.388 45.674 46.55  45.048 44.009 43.79  44.066 45.55  46.466 46.677 47.837 46.226 46.152 45.998] )
Neighs (x-coords) of 2972 =  [ 333 2684 2581  672 1791  884 1333 1334 1769   45 3575  142 2971 3162  776 1626] ( [48.364 47.649 43.98  44.009 43.79  44.61  43.948 45.449 44.066 46.677 46.226 46.388 46.134 45.674 47.836 47.096] )
Neighs (x-coords) of 2973 =  [ 140  702 1409 1894 2974  573  372 2505  307 2763 2764] ( [61.142 63.552 62.808 61.083 60.788 60.299 63.49  63.149 61.429 61.003 62.279] )
Neighs (x-coords) of 2974 =  [ 140 1409 1894 2973 1459  611 1930  573  235] ( [61.142 62.808 61.083 61.437 58.782 58.594 59.184 60.299 61.37 ] )
Neighs (x-coords) of 2975 =  [ 984 2957 2978  702 2818  258  268 1353 2884  863 1666   44 2817] ( [66.589 64.434 66.229 63.552 66.241 66.396 66.392 64.323 66.12  68.001 68.13  69.005 67.344] )
Neighs (x-coords) of 2976 =  [ 139 2977 1007 1936  553 2074   49  997 3394 3601  908] ( [40.948 40.192 38.955 38.731 40.888 40.349 42.188 39.902 39.551 42.872 42.997] )
Neighs (x-coords) of 2977 =  [ 139 2976  608 1936  617 1879   49  135  997   17 3344  461 2214 3336] ( [40.948 41.103 37.823 38.731 38.311 38.119 42.188 40.243 39.902 41.873 40.96  39.858 40.524 42.053] )
Neighs (x-coords) of 2978 =  [ 967  984 2954 2957 2975 2414 2417  924 1666] ( [64.283 66.589 64.183 64.434 66.077 64.963 66.417 65.695 68.13 ] )
Neighs (x-coords) of 2979 =  [2980   46 3568  138 1141 2741] ( [50.665 48.099 48.387 50.623 51.291 51.446] )
Neighs (x-coords) of 2980 =  [2979 1731 3568  628  138 1733 3348   28  354] ( [50.532 48.153 48.387 48.607 50.623 48.699 51.699 51.755 52.151] )
Neighs (x-coords) of 2981 =  [ 137 2982 1399 1360 3360   24 1714  708 1509  962 3236  961 2939] ( [44.185 44.185 42.548 43.753 44.022 43.506 44.997 44.797 44.167 46.581 47.087 46.157 46.27 ] )
Neighs (x-coords) of 2982 =  [ 137 2981 2350  793 1367 1399 3360  962 3209] ( [44.185 44.482 42.042 41.805 41.548 42.548 44.022 46.581 46.632] )
Neighs (x-coords) of 2983 =  [ 987 2997 1254  811] ( [40.893 41.432 42.374 42.512] )
Neighs (x-coords) of 2984 =  [2319 1825  635  136  749 2985] ( [54.713 57.345 55.733 57.683 59.125 58.147] )
Neighs (x-coords) of 2985 =  [ 136  749 3190 1825 2984] ( [57.683 59.125 59.475 57.345 56.887] )
Neighs (x-coords) of 2986 =  [981] ( [31.222] )
Neighs (x-coords) of 2987 =  [ 170 1154 2988 3155   98 1456 3311 1457 1356   87 3385 3406  243 2494] ( [56.307 55.309 56.368 54.611 53.646 53.56  54.413 54.226 52.976 56.678 56.348 57.295 55.793 55.232] )
Neighs (x-coords) of 2988 =  [ 170 1154 2987 3155   98 3311 3310 3508   87] ( [56.307 55.309 55.706 54.611 53.646 54.413 53.738 56.324 56.678] )
Neighs (x-coords) of 2989 =  [1434   88 3431  981] ( [32.157 29.761 30.267 31.222] )
Neighs (x-coords) of 2990 =  [  50  950 3598 2993 3048 1707] ( [62.669 62.52  62.563 62.418 62.377 64.216] )
Neighs (x-coords) of 2991 =  [ 204 2992  955 2834  953 2442  562 2088 2089] ( [65.859 66.601 62.904 63.442 65.655 65.671 64.353 64.108 65.312] )
Neighs (x-coords) of 2992 =  [ 204 2991  953 2438 2442 2634 2539  342] ( [65.859 65.459 65.655 66.567 65.671 68.011 67.719 68.044] )
Neighs (x-coords) of 2993 =  [3048 1515 2460  929 2386 3369  950 2990 3598 1707   65] ( [62.377 59.981 62.146 61.37  61.66  63.562 62.52  63.477 62.563 64.216 64.058] )
Neighs (x-coords) of 2994 =  [1840 2995  643  203 3186 1932 3272  610] ( [44.358 42.951 44.002 43.669 43.452 45.331 46.925 46.121] )
Neighs (x-coords) of 2995 =  [1840 2994 2621  388 2271 1839  203] ( [44.358 44.464 42.025 42.118 42.535 43.114 43.669] )
Neighs (x-coords) of 2996 =  [ 801 1459 2573 1431 2344 2345 1657 2863  202  778 2998 1323] ( [58.098 58.782 60.202 57.276 56.399 57.197 58.659 57.835 59.372 58.63  59.862 58.11 ] )
Neighs (x-coords) of 2997 =  [ 987 2983 1692  771 1703   33 3465 2581  811 1257  347] ( [40.893 41.436 40.592 40.522 40.166 40.731 40.482 43.98  42.512 43.136 43.042] )
Neighs (x-coords) of 2998 =  [ 202  770  778 1657 1712 2863 2573 2996  816 1411 3183] ( [59.372 59.485 58.63  58.659 59.831 57.835 60.202 58.633 61.68  60.894 61.841] )
Neighs (x-coords) of 2999 =  [2458  201 3000 1059] ( [32.197 32.992 32.378 34.451] )
Neighs (x-coords) of 3000 =  [ 201  449 2999 2458 1049 2559 2562] ( [32.992 31.906 32.432 32.197 31.71  32.616 31.185] )
Neighs (x-coords) of 3001 =  [ 978 3006] ( [55.888 55.519] )
Neighs (x-coords) of 3002 =  [ 172 1054 3570 3573 2115  126 3012 3011 3003] ( [48.734 50.882 50.897 51.292 48.116 47.757 46.998 47.386 49.201] )
Neighs (x-coords) of 3003 =  [ 339 1604  172 3002] ( [51.057 49.358 48.734 48.937] )
Neighs (x-coords) of 3004 =  [ 171 1256 3050 2149 3005 2045 2108  199] ( [57.596 59.516 57.146 57.509 56.685 59.778 57.739 58.011] )
Neighs (x-coords) of 3005 =  [2149 3050  171] ( [57.509 57.146 57.596] )
Neighs (x-coords) of 3006 =  [ 978 3001  538 2086 2624  131 3046] ( [55.888 56.432 53.533 53.635 53.276 55.237 55.631] )
Neighs (x-coords) of 3007 =  [ 135 3008 3274 1136 2765  231  617 1880 2966 2907 2158  531] ( [40.243 40.81  37.881 37.604 38.362 39.03  38.311 37.722 38.862 39.492 42.147 41.478] )
Neighs (x-coords) of 3008 =  [  49  135 3007 3274 2918 2907 2158  531 2159 1633] ( [42.188 40.243 39.616 37.881 40.953 39.492 42.147 41.478 41.966 43.203] )
Neighs (x-coords) of 3009 =  [  63 1297 3374 3376  134 3030  196 2561 2569  566] ( [56.971 54.74  57.258 56.33  53.917 54.378 52.742 52.28  53.38  55.52 ] )
Neighs (x-coords) of 3010 =  [ 996 1038 3291 2189 3294 1046 3381 3037 1722 3378] ( [48.377 45.491 46.131 45.366 45.974 49.933 49.637 49.257 48.527 49.111] )
Neighs (x-coords) of 3011 =  [ 126 3012 3209 3002] ( [47.757 46.998 46.632 48.937] )
Neighs (x-coords) of 3012 =  [ 126 3011 1966 3209 3002] ( [47.757 47.386 47.963 46.632 48.937] )
Neighs (x-coords) of 3013 =  [ 125 1260] ( [61.527 61.125] )
Neighs (x-coords) of 3014 =  [1260  812 1259 3140  125] ( [61.125 60.215 60.092 59.629 61.527] )
Neighs (x-coords) of 3015 =  [2743 2288  998 3026  809 1312  545 2289] ( [45.238 42.306 44.02  44.111 44.283 44.097 43.075 43.449] )
Neighs (x-coords) of 3016 =  [2791  124 3018 1988] ( [41.695 39.285 38.394 39.524] )
Neighs (x-coords) of 3017 =  [ 127 3028  316 2719 1543 2346 2710  681 1247  937 2410  943] ( [32.132 31.654 33.199 32.856 33.065 32.956 34.15  33.76  34.124 33.647 33.848 33.487] )
Neighs (x-coords) of 3018 =  [ 124 1589  909 1677  385 2572  133 1988] ( [39.285 35.992 36.951 37.209 37.117 36.394 37.08  39.524] )
Neighs (x-coords) of 3019 =  [1876 3576  353 2636  123 3020  707 1537] ( [48.072 48.116 46.949 46.959 49.751 49.428 50.296 50.419] )
Neighs (x-coords) of 3020 =  [ 123 2903  240  594 1876 3576  353   40 3524 3525 3019] ( [49.751 49.179 48.424 47.612 48.072 48.116 46.949 50.288 50.715 49.494 49.168] )
Neighs (x-coords) of 3021 =  [ 122  247 2924 2923  320 3022  550 2083 2084] ( [53.576 53.677 53.904 54.356 51.844 54.034 53.859 52.908 54.15 ] )
Neighs (x-coords) of 3022 =  [ 320 1662 2720  247 2924 2923  122 3021 2084  688 1658] ( [51.844 53.686 52.008 53.677 53.904 54.356 53.576 53.63  54.15  53.936 53.258] )
Neighs (x-coords) of 3023 =  [ 963 3087  769 1673 1668  976 1584 3330] ( [52.779 53.525 50.752 50.378 50.911 53.15  54.022 54.706] )
Neighs (x-coords) of 3024 =  [ 121 3025 2740 1427 2748] ( [50.339 50.515 52.106 52.167 52.684] )
Neighs (x-coords) of 3025 =  [ 121 3024 3451  359 2389 2451 2740  301 1427 2748 2590 3034] ( [50.339 50.468 49.42  49.012 48.814 49.974 52.106 52.942 52.167 52.684 51.531 52.029] )
Neighs (x-coords) of 3026 =  [ 998 2016 3191 1312 3015 3414 3416] ( [44.02  44.044 44.366 44.097 43.333 46.306 46.513] )
Neighs (x-coords) of 3027 =  [ 205 3047 1883  992 1535 1540  771] ( [38.103 38.507 36.041 38.247 38.52  37.317 40.522] )
Neighs (x-coords) of 3028 =  [ 127 3017  316 2719] ( [32.132 33.035 33.199 32.856] )
Neighs (x-coords) of 3029 =  [ 724 1570 1572  129 3045] ( [34.138 34.553 33.376 35.102 35.755] )
Neighs (x-coords) of 3030 =  [ 134 1242   63 1297 3009] ( [53.917 53.251 56.971 54.74  54.629] )
Neighs (x-coords) of 3031 =  [ 156  990 1139 3281 2451  154 3268 3534   13 3084  184 3527 3034 3243] ( [54.15  51.522 53.709 54.031 49.974 48.999 49.433 50.074 50.401 51.26  51.341 50.98  52.029 54.217] )
Neighs (x-coords) of 3032 =  [ 133 3033 1969 2710 3403   67 3262 3387] ( [37.08  36.46  35.331 34.15  37.477 37.31  37.245 38.188] )
Neighs (x-coords) of 3033 =  [ 133 3032 2710  442 2356 2357 1488  385 2572  720] ( [37.08  36.576 34.15  35.53  36.    34.709 36.153 37.117 36.394 36.942] )
Neighs (x-coords) of 3034 =  [2533 3242 3243  121 3025 2451 3084  184 2748  156  990] ( [52.529 54.266 54.217 50.339 50.515 49.974 51.26  51.341 52.684 54.15  51.522] )
Neighs (x-coords) of 3035 =  [  20  132 3329 2563   84 2564 3302  295  641 1845] ( [54.812 56.85  54.638 56.584 57.227 56.709 54.798 54.847 56.442 56.817] )
Neighs (x-coords) of 3036 =  [ 150 3257  132 3035 2933] ( [57.042 56.42  56.85  57.062 57.126] )
Neighs (x-coords) of 3037 =  [ 707 1537  996 3010   13 1046 1945 3381 3527 1722 3378  631] ( [50.296 50.419 48.377 47.869 50.401 49.933 51.49  49.637 50.98  48.527 49.111 49.304] )
Neighs (x-coords) of 3038 =  [ 131 3046 3247  263 2871  995 3490  185  871 3489 1588  161 2872 3266] ( [55.237 55.631 56.264 54.225 53.649 54.476 52.595 53.054 53.933 53.062 54.322 56.127 55.114 55.418] )
Neighs (x-coords) of 3039 =  [ 993 1596 3042 1773 1132 2778 2781] ( [54.385 53.496 53.451 51.849 53.123 52.655 54.031] )
Neighs (x-coords) of 3040 =  [3041  522 2042  130 2040 1454] ( [59.948 58.831 59.134 60.151 58.118 61.435] )
Neighs (x-coords) of 3041 =  [ 522 2042  130] ( [58.831 59.134 60.151] )
Neighs (x-coords) of 3042 =  [ 648  773  993 1596 1600 3039 2959 3082 1773 1132 2778] ( [51.685 52.653 54.385 53.496 52.069 54.485 51.121 52.26  51.849 53.123 52.655] )
Neighs (x-coords) of 3043 =  [ 141 3044 3214  966 1258 3458  559 2097  107 3415 3426 1519  115 1337] ( [59.283 59.6   56.597 55.79  57.215 57.414 58.609 59.474 59.226 58.538 60.04  59.366 57.836 58.805] )
Neighs (x-coords) of 3044 =  [ 141 3043 3458  107 3415 3426 1519  115 1337 3457  206 3049  479] ( [59.283 58.324 57.414 59.226 58.538 60.04  59.366 57.836 58.805 58.696 61.478 61.455 62.137] )
Neighs (x-coords) of 3045 =  [ 129  286 2780 2788 2141 3029 1008 1984    3 2712  323] ( [35.102 34.655 34.119 34.038 36.041 35.408 36.593 37.376 37.891 36.771 36.562] )
Neighs (x-coords) of 3046 =  [ 131 3038 3247  185  871 3489 1588  404 2426 3006 2427 2693 1055] ( [55.237 55.203 56.264 53.054 53.933 53.062 54.322 56.829 56.626 55.519 56.753 54.663 58.375] )
Neighs (x-coords) of 3047 =  [ 205 3027 1848 2510  947 3086 1692  771 1703] ( [38.103 37.986 37.9   39.644 39.437 39.442 40.592 40.522 40.166] )
Neighs (x-coords) of 3048 =  [ 206 2993 3049 1515 2386  950 2990 2244] ( [61.478 62.418 61.455 59.981 61.66  62.52  63.477 61.58 ] )
Neighs (x-coords) of 3049 =  [ 206 3048 1515 1519  141 3044  807 3533 1337] ( [61.478 62.377 59.981 59.366 59.283 59.6   58.989 60.432 58.805] )
Neighs (x-coords) of 3050 =  [1546  534 2169 2176 3005  199 3051] ( [56.649 56.632 56.927 56.8   56.685 58.011 58.242] )
Neighs (x-coords) of 3051 =  [ 199 1255 3468 1546  534 2169 2176 3050 1688] ( [58.011 59.989 60.417 56.649 56.632 56.927 56.8   57.146 58.702] )
Neighs (x-coords) of 3052 =  [1033 2222  502  200 2641 3053 1393 1396 1274  817 1248 3370  380] ( [44.794 42.25  41.962 44.167 42.813 44.674 45.132 43.866 46.039 46.335 46.336 46.505 46.658] )
Neighs (x-coords) of 3053 =  [ 200  368 2641 2639 3052 1274  817 1248 1025 3370] ( [44.167 42.951 42.813 43.543 44.797 46.039 46.335 46.336 47.085 46.505] )
Neighs (x-coords) of 3054 =  [3472  374 2499  581  905 1993 1994 3058] ( [58.05  56.427 57.022 59.147 59.512 58.197 59.241 58.896] )
Neighs (x-coords) of 3055 =  [3184 3347  225 3056 1397 1404 1014  182  231  736 3496  683 1564] ( [38.161 37.822 36.112 36.135 34.959 35.203 34.45  37.168 39.03  39.068 37.07  37.44  36.557] )
Neighs (x-coords) of 3056 =  [ 225 2237  736 1879 1880 1606 3055 3184] ( [36.112 35.525 39.068 38.119 37.722 37.579 36.58  38.161] )
Neighs (x-coords) of 3057 =  [ 928 3069 1024 2164 1787 3089 3107  634 2934  233 2961] ( [56.343 56.894 53.606 53.569 54.381 55.793 55.608 54.774 56.854 55.889 56.689] )
Neighs (x-coords) of 3058 =  [ 581  905 1993 1994  374 2499 3054 2308  469] ( [59.147 59.512 58.197 59.241 56.427 57.022 58.999 61.707 61.442] )
Neighs (x-coords) of 3059 =  [ 224 3526   41  409 2484 2485  188 3066 3519 3520   56 3544 1479 1565] ( [58.789 58.396 57.597 59.031 58.978 59.606 59.502 58.094 58.614 60.077 61.441 61.612 61.254 61.613] )
Neighs (x-coords) of 3060 =  [ 223 3061 1647 1090 2518 2529] ( [40.171 39.58  39.577 43.161 43.279 43.315] )
Neighs (x-coords) of 3061 =  [ 223 3060  556 1093 1245 2065  384 1647] ( [40.171 41.026 37.486 37.222 37.758 38.107 38.965 39.577] )
Neighs (x-coords) of 3062 =  [ 974  858 1699  908 3065 1697] ( [45.228 41.862 41.755 42.997 43.684 42.456] )
Neighs (x-coords) of 3063 =  [ 229 3152  222 1917] ( [35.131 35.506 36.858 37.859] )
Neighs (x-coords) of 3064 =  [ 222 1917  229 3152 3063  179 3288 3355 1918 3585 1098] ( [36.858 37.859 35.131 35.506 36.167 38.847 38.191 37.377 38.096 40.202 39.863] )
Neighs (x-coords) of 3065 =  [ 908 1280 2976  704 1288 3601  974 3062 3462] ( [42.997 44.159 41.103 43.323 43.59  42.872 45.228 43.425 45.151] )
Neighs (x-coords) of 3066 =  [ 188 3519 1850 1554  360 2388   41  224 3059 3526] ( [59.502 58.614 55.78  55.709 55.685 55.856 57.597 58.789 59.503 58.396] )
Neighs (x-coords) of 3067 =  [3088  221 1094 2513] ( [47.339 46.928 46.328 45.902] )
Neighs (x-coords) of 3068 =  [ 748 2704 3195  550 2084 2567  198 2703 3077] ( [56.754 55.951 57.575 53.859 54.15  54.521 56.558 56.003 57.413] )
Neighs (x-coords) of 3069 =  [ 928 3057  220 3089 3107 2934 3109] ( [56.343 55.697 55.349 55.793 55.608 56.854 59.44 ] )
Neighs (x-coords) of 3070 =  [ 723  944 1568 2114 2115 1032 1966 3413  821  172 1054 3002 3570 1982] ( [50.842 48.538 50.845 48.257 48.116 46.503 47.963 46.821 48.726 48.734 50.882 48.937 50.897 49.365] )
Neighs (x-coords) of 3071 =  [ 177 3072 3242 1236 1701  780 1238  526 2150] ( [55.03  55.027 54.266 57.    54.929 57.836 58.014 58.023 57.875] )
Neighs (x-coords) of 3072 =  [ 177 3071 1048 1424 3242  156] ( [55.03  55.959 52.413 52.972 54.266 54.15 ] )
Neighs (x-coords) of 3073 =  [ 662  824 1982 2107 1032 3410 1966 3413 3570  723  944 1566 1568 3070] ( [48.767 51.049 49.365 51.157 46.503 46.993 47.963 46.821 50.897 50.842 48.538 50.691 50.845 48.809] )
Neighs (x-coords) of 3074 =  [ 176 2598 3075 2480  559 2096 2097 1072 2609  448 2462 1505 2460  929] ( [59.718 58.303 59.191 59.327 58.609 58.611 59.474 58.576 59.001 62.006 61.402 60.791 62.146 61.37 ] )
Neighs (x-coords) of 3075 =  [ 176 2598 3074  710 1518 3157 2480  228 2553 3165 1072 2609] ( [59.718 58.303 59.987 56.995 57.031 58.818 59.327 60.166 59.292 59.075 58.576 59.001] )
Neighs (x-coords) of 3076 =  [1362  792  175] ( [63.579 63.238 65.208] )
Neighs (x-coords) of 3077 =  [ 198 2703  284 2704 3068] ( [56.558 56.003 56.492 55.951 56.241] )
Neighs (x-coords) of 3078 =  [ 175 2370] ( [65.208 65.531] )
Neighs (x-coords) of 3079 =  [2028 2920 3080 3238 2031  702 1409  174 1761  959 2818 3241  268 1353] ( [64.143 66.286 63.144 63.484 62.731 63.552 62.808 64.031 63.901 64.162 66.241 64.461 66.392 64.323] )
Neighs (x-coords) of 3080 =  [ 235 2956 3238 1051 2031 1409  174  675 1761  959 3241 2028] ( [61.37  61.282 63.484 63.256 62.731 62.808 64.031 63.889 63.901 64.162 64.461 64.143] )
Neighs (x-coords) of 3081 =  [3204  205 3047  386  297  947 2783 3086  771] ( [40.94  38.103 38.507 37.529 41.486 39.437 41.504 39.442 40.522] )
Neighs (x-coords) of 3082 =  [ 173 3083 2959  468 2256 2310  773 1596 1600 3042] ( [51.628 51.037 51.121 52.819 52.388 52.36  52.653 53.496 52.069 53.451] )
Neighs (x-coords) of 3083 =  [1974  234 2959  173 3082] ( [48.795 50.162 51.121 51.628 52.26 ] )
Neighs (x-coords) of 3084 =  [ 407 2281 2419  359 2451  184 3381 2533 3034  990 3031   80  800 1456 2534] ( [49.674 48.855 50.32  49.012 49.974 51.341 49.637 52.529 52.029 51.522 51.722 52.124 53.627 53.56  52.417] )
Neighs (x-coords) of 3085 =  [ 576 1457 1946  407 2419 3084  184 1046 1945 3381 3527  800 1456 1356] ( [52.243 54.226 53.007 49.674 50.32  51.26  51.341 49.933 51.49  49.637 50.98  53.627 53.56  52.976] )
Neighs (x-coords) of 3086 =  [ 297  947  989 2783  646 1847 1848 3047 1556] ( [41.486 39.437 39.714 41.504 37.699 38.314 37.9   38.507 40.562] )
Neighs (x-coords) of 3087 =  [ 963 3023 3289 1316 2958  341 2856 2855] ( [52.779 52.73  51.973 52.732 52.344 55.852 55.703 55.73 ] )
Neighs (x-coords) of 3088 =  [3067] ( [46.49] )
Neighs (x-coords) of 3089 =  [ 220  408 2415 2416  601 1910 3107  928 3057 3069] ( [55.349 57.118 56.729 56.399 53.309 53.481 55.608 56.343 55.697 56.894] )
Neighs (x-coords) of 3090 =  [ 473 2296 3091  212 2925] ( [58.648 58.164 56.881 57.153 56.105] )
Neighs (x-coords) of 3091 =  [2703  212 2925 1099 2296] ( [56.003 57.153 56.105 55.47  58.164] )
Neighs (x-coords) of 3092 =  [ 211 3093 1298 3438 1134 2770  308 2761 2768] ( [48.002 47.039 46.911 45.949 47.924 47.867 50.561 50.792 51.121] )
Neighs (x-coords) of 3093 =  [ 211 3092 1298] ( [48.002 48.183 46.911] )
Neighs (x-coords) of 3094 =  [ 650 1757 1758 3098  656 1078 1955 1956 3562 1389 1661 3545  920 1804] ( [38.747 38.213 38.144 36.302 35.165 35.945 34.442 35.679 35.019 34.854 36.284 35.983 37.082 38.591] )
Neighs (x-coords) of 3095 =  [ 210 1313] ( [56.811 54.862] )
Neighs (x-coords) of 3096 =  [ 210  879 1313 1002 1825 3095  493] ( [56.811 54.676 54.862 53.503 57.345 56.728 58.04 ] )
Neighs (x-coords) of 3097 =  [ 917 3109 2935 1411  338 2489  363] ( [60.099 59.44  58.332 60.894 60.741 62.251 61.759] )
Neighs (x-coords) of 3098 =  [1095  656 1955 1956 1389 3597  920 2007 3595 3094 1804] ( [36.283 35.165 34.442 35.679 34.854 36.392 37.082 38.983 37.168 36.717 38.591] )
Neighs (x-coords) of 3099 =  [ 209 3106] ( [48.962 49.633] )
Neighs (x-coords) of 3100 =  [ 208 3101 1667 1512 1104 3166] ( [46.315 46.627 44.521 44.469 46.651 47.401] )
Neighs (x-coords) of 3101 =  [ 208 3100  957 1667  901 2161 1104] ( [46.315 46.249 44.274 44.521 46.52  45.828 46.651] )
Neighs (x-coords) of 3102 =  [ 265  922 2825 2826 3105 3178  709 1142 3175 3321] ( [41.757 41.973 41.977 41.255 41.902 42.114 40.602 42.96  43.465 45.103] )
Neighs (x-coords) of 3103 =  [ 207 1941 3104 2382  836 1377] ( [58.673 60.331 58.845 56.523 57.436 57.04 ] )
Neighs (x-coords) of 3104 =  [ 207 1941 3103 2382  836 1377  605] ( [58.673 60.331 57.933 56.523 57.436 57.04  60.84 ] )
Neighs (x-coords) of 3105 =  [ 922 2825 2826  265 3346 2073 1303 3102] ( [41.973 41.977 41.255 41.757 42.033 41.316 42.981 42.734] )
Neighs (x-coords) of 3106 =  [ 209 1141 2738 3569] ( [48.962 51.291 51.26  48.869] )
Neighs (x-coords) of 3107 =  [3383  601  264 2168  220  408 2415 2416 3089  928 3057] ( [57.179 53.309 54.127 53.494 55.349 57.118 56.729 56.399 55.793 56.343 55.697] )
Neighs (x-coords) of 3108 =  [ 213 3117 1654   86  148  980 2491 2652] ( [46.624 47.095 45.078 47.152 48.091 47.81  47.652 46.932] )
Neighs (x-coords) of 3109 =  [3069  419 2863 2864  917 3097 2935  956 3233 1411] ( [56.894 57.719 57.835 58.547 60.099 60.151 58.332 61.584 61.261 60.894] )
Neighs (x-coords) of 3110 =  [ 911 2040 2663 3113  522  799] ( [58.138 58.118 60.595 58.136 58.831 60.58 ] )
Neighs (x-coords) of 3111 =  [3112 3135  624 1782  219  735 1536] ( [42.274 40.59  43.588 44.113 42.694 44.638 44.732] )
Neighs (x-coords) of 3112 =  [ 187 1107 3135 3521  624 1782 1790 3111  219] ( [41.235 40.201 40.59  41.51  43.588 44.113 44.25  43.367 42.694] )
Neighs (x-coords) of 3113 =  [ 911 2040 3110  522] ( [58.138 58.118 58.491 58.831] )
Neighs (x-coords) of 3114 =  [ 218 3115 1465  598 1916  766 1346 1474  775  803] ( [40.968 40.261 39.26  38.521 38.405 39.622 41.971 40.475 42.318 43.132] )
Neighs (x-coords) of 3115 =  [ 218 1367 3114 1637] ( [40.968 41.548 40.498 38.814] )
Neighs (x-coords) of 3116 =  [ 217 3118 1816  750  496 1815 2766 1088 1234] ( [59.636 59.279 59.789 59.263 60.669 61.227 61.075 62.679 62.807] )
Neighs (x-coords) of 3117 =  [ 213 3108 1512 3100   86 3260 3375] ( [46.624 46.196 44.469 46.249 47.152 48.164 49.225] )
Neighs (x-coords) of 3118 =  [ 217 3116 2292 2287  581 1993 1994 1842 2766] ( [59.636 60.237 57.469 56.436 59.147 58.197 59.241 58.271 61.075] )
Neighs (x-coords) of 3119 =  [3263  147 3120  216 1755] ( [41.407 42.3   43.173 42.63  42.639] )
Neighs (x-coords) of 3120 =  [ 147 3119 3263 2425  216  649 1755 3264] ( [42.3   41.751 41.407 44.208 42.63  43.6   42.639 42.859] )
Neighs (x-coords) of 3121 =  [ 915 3126 2252 2845 3434  459] ( [39.969 39.367 38.803 40.416 39.922 41.102] )
Neighs (x-coords) of 3122 =  [ 215 3123  769  230 1668  489 1798 1799  963 2958 3329] ( [52.491 52.848 50.752 51.459 50.911 50.801 51.189 51.228 52.779 52.344 54.638] )
Neighs (x-coords) of 3123 =  [ 215 2796 3122  489 1798 1799 2655 3329 1043 3299 3302] ( [52.491 54.484 52.296 50.801 51.189 51.228 53.218 54.638 54.938 54.662 54.798] )
Neighs (x-coords) of 3124 =  [ 214 1354  763  165 3215 3217 1432  563 2100 2177  274 1812 2840 2841 2015] ( [33.977 32.256 32.196 32.711 33.187 32.948 32.055 34.878 34.432 35.763 34.1   35.515 34.761 33.514 36.036] )
Neighs (x-coords) of 3125 =  [2015  794 1432 1434 1812 2841  214 3124  492 1827] ( [36.036 32.279 32.055 32.157 35.515 33.514 33.977 33.784 35.632 34.787] )
Neighs (x-coords) of 3126 =  [ 401 2474 3331 2842 2845  915 3121 1039] ( [37.761 37.818 37.034 39.694 40.416 39.969 40.621 39.632] )
Neighs (x-coords) of 3127 =  [3287    1  178  833 1716 2023 1110 2677 2713] ( [61.255 59.885 60.536 59.311 58.609 59.679 62.356 62.239 62.239] )
Neighs (x-coords) of 3128 =  [ 120 2334 2729 2913 3246 3522  736   17 2159 2950 3344 3336  187 3351 2639  368] ( [42.323 39.598 42.374 40.153 41.8   40.828 39.068 41.873 41.966 39.732 40.96  42.053 41.235 43.996 43.543 42.951] )
Neighs (x-coords) of 3129 =  [ 119 3229  263 1518 2872 1091 1547 3589 2553] ( [56.88  56.642 54.225 57.031 55.114 57.32  55.34  57.318 59.292] )
Neighs (x-coords) of 3130 =  [1084 1111 2495 2498  604 3147  696 1407 1943 1105 1704 2790] ( [40.747 41.906 40.719 39.906 39.313 42.277 40.844 40.794 40.063 42.88  44.063 42.952] )
Neighs (x-coords) of 3131 =  [ 756 3132 1110 2677 1414 1415 1150 3199 3202   62 3377] ( [61.921 61.109 62.356 62.239 62.763 61.386 62.369 63.085 61.637 64.719 64.707] )
Neighs (x-coords) of 3132 =  [ 756 3131  833 2023  381 2677 1150 3199] ( [61.921 62.53  59.311 59.679 60.361 62.239 62.369 63.085] )
Neighs (x-coords) of 3133 =  [ 755 3134 1620  777 1281 1332  960 1294] ( [35.262 35.713 34.266 35.005 35.617 34.345 34.455 35.202] )
Neighs (x-coords) of 3134 =  [ 755 3133  698 1429 1361] ( [35.262 34.754 36.119 35.287 36.773] )
Neighs (x-coords) of 3135 =  [ 187 1107 2437 3112 3138  415 3521 3111] ( [41.235 40.201 39.848 42.274 39.276 40.201 41.51  43.367] )
Neighs (x-coords) of 3136 =  [2434 3137 2807  754  868 1671 1672 1922  647] ( [54.842 54.495 53.67  55.208 56.698 55.842 56.506 56.008 55.234] )
Neighs (x-coords) of 3137 =  [ 659 1949 1950 2167  747 2332 2435  291 2807 2434 3136  754 1671 1672 1922] ( [52.194 52.055 53.065 53.146 54.091 54.165 53.46  52.705 53.67  54.842 55.838 55.208 55.842 56.506 56.008] )
Neighs (x-coords) of 3138 =  [1582  179 3288  415 3445 3521  187 1107 2437] ( [37.593 38.847 38.191 40.201 39.691 41.51  41.235 40.201 39.848] )
Neighs (x-coords) of 3139 =  [ 753 1940 3140 1939 1726 3460 1112] ( [59.    57.615 59.629 56.289 56.884 58.067 59.291] )
Neighs (x-coords) of 3140 =  [ 753 1940 3139 1259 3460 1112 1635 3014] ( [59.    57.615 58.387 60.092 58.067 59.291 59.063 61.679] )
Neighs (x-coords) of 3141 =  [ 752 3142  650 1758 2765 3503 2966 3557 2950  713 1466 1467  383] ( [40.389 40.659 38.747 38.144 38.362 37.382 38.862 40.828 39.732 40.901 40.089 41.562 41.6  ] )
Neighs (x-coords) of 3142 =  [ 752 2158 3141 2765 2966 1050 3555 3557  531 2159 2950  383 2515] ( [40.389 42.147 39.815 38.362 38.862 41.3   41.173 40.828 41.478 41.966 39.732 41.6   41.181] )
Neighs (x-coords) of 3143 =  [1104 3166  884 1334  957  239 1704 2905 1667  776 1624 1626] ( [46.651 47.401 44.61  45.449 44.274 44.779 44.063 45.064 44.521 47.836 48.338 47.096] )
Neighs (x-coords) of 3144 =  [ 751  925 1320 2478    6 3446 1620 3156 2482 2121  881 1322] ( [34.155 33.992 36.269 34.526 32.315 32.411 34.266 34.487 33.607 34.384 36.645 36.538] )
Neighs (x-coords) of 3145 =  [ 757 1499 2175  790   54 1004 2172 1958 1858 3587] ( [66.093 63.779 66.507 63.249 63.295 65.786 65.311 66.606 65.513 63.835] )
Neighs (x-coords) of 3146 =  [ 757 2175 3145 1958] ( [66.093 66.507 65.307 66.606] )
Neighs (x-coords) of 3147 =  [ 744 3203 3466  696 1407 1143 1111 3130  884 1333  957 1105 1704 2904] ( [41.817 41.939 41.058 40.844 40.794 41.538 41.906 41.357 44.61  43.948 44.274 42.88  44.063 43.827] )
Neighs (x-coords) of 3148 =  [ 437 2352 2117 3442  859 1594  758 3164] ( [46.741 47.327 48.574 50.61  48.519 49.066 49.49  49.47 ] )
Neighs (x-coords) of 3149 =  [ 203 3186  145 3517] ( [43.669 43.452 43.235 45.52 ] )
Neighs (x-coords) of 3150 =  [1810  901 2160  938 1119] ( [46.863 46.52  46.38  49.298 48.554] )
Neighs (x-coords) of 3151 =  [ 229 3152 1401 1404] ( [35.131 35.506 33.7   35.203] )
Neighs (x-coords) of 3152 =  [ 229 3151 1404 3063  718 1485 1729 1919  222] ( [35.131 34.422 35.203 36.167 37.066 36.587 37.312 36.744 36.858] )
Neighs (x-coords) of 3153 =  [1119 1810 3150  901 2160 1208 1867 2247  938] ( [48.554 46.863 48.333 46.52  46.38  46.467 47.539 45.981 49.298] )
Neighs (x-coords) of 3154 =  [1352 2025  382  452 2521 3604  889 1325] ( [47.721 45.551 44.906 48.164 45.569 47.658 47.061 47.937] )
Neighs (x-coords) of 3155 =  [ 170 1154 2987 2988   98 1356 3310  818 1355 2494 3452] ( [56.307 55.309 55.706 56.368 53.646 52.976 53.738 52.664 52.843 55.232 54.821] )
Neighs (x-coords) of 3156 =  [1620 2458  449 2459  755  751 3144 1322] ( [34.266 32.197 31.906 31.543 35.262 34.155 34.492 36.538] )
Neighs (x-coords) of 3157 =  [ 677 3167  686 1506 3165 3075  733] ( [59.155 60.067 58.982 58.074 59.075 59.191 61.57 ] )
Neighs (x-coords) of 3158 =  [1114 2418  407 2419   81 2540 3161] ( [51.361 49.077 49.674 50.32  51.02  50.397 51.554] )
Neighs (x-coords) of 3159 =  [  84  345  453 2587 2563 2855 2586 2564 1023  292  838 2546] ( [57.227 55.844 57.517 55.052 56.584 55.73  55.954 56.709 59.043 58.028 59.301 59.104] )
Neighs (x-coords) of 3160 =  [ 838 1385 2546  341 2855   84  453 3159 1023  292] ( [59.301 59.823 59.104 55.852 55.73  57.227 57.517 57.451 59.043 58.028] )
Neighs (x-coords) of 3161 =  [1356 3310  407 2419   81 2540 1114 2418 3158   98 2534] ( [52.976 53.738 49.674 50.32  51.02  50.397 51.361 49.077 50.599 53.646 52.417] )
Neighs (x-coords) of 3162 =  [ 142 2971 3163  482 1553 1769  759 2972 1626 2160] ( [46.388 46.134 46.55  44.1   43.461 44.066 46.152 45.998 47.096 46.38 ] )
Neighs (x-coords) of 3163 =  [ 142 2971 3162 1273  694  889 1233 1292  759 1626 2524 2600] ( [46.388 46.134 45.674 45.048 45.55  47.061 46.466 47.295 46.152 47.096 48.634 48.534] )
Neighs (x-coords) of 3164 =  [ 758 3307 2352 2432 3148 3327 1526   93] ( [49.49  51.185 47.327 49.421 49.271 50.256 51.321 51.763] )
Neighs (x-coords) of 3165 =  [ 228 2553 3470  119 3229  677 3157 3075  733 3471 2532] ( [60.166 59.292 59.887 56.88  56.642 59.155 58.818 59.191 61.57  61.017 60.754] )
Neighs (x-coords) of 3166 =  [1104 3143  239 2905 1530 3100] ( [46.651 46.405 44.779 45.064 47.941 46.249] )
Neighs (x-coords) of 3167 =  [ 750 3168 1816  686  217  677 3157  496 1261 1498] ( [59.263 58.662 59.789 58.982 59.636 59.155 58.818 60.669 61.742 62.342] )
Neighs (x-coords) of 3168 =  [ 750 3167 1816  686 1506] ( [59.263 60.067 59.789 58.982 58.074] )
Neighs (x-coords) of 3169 =  [ 403 2428 2429 1230  742] ( [41.301 41.916 40.715 40.237 42.524] )
Neighs (x-coords) of 3170 =  [1143 3187 3466 1254 1084 1111 2498  703 1335 1333   42 2846 3580  239] ( [41.538 41.126 41.058 42.374 40.747 41.906 39.906 41.645 42.069 43.948 44.321 44.504 44.181 44.779] )
Neighs (x-coords) of 3171 =  [ 741 3172  352 2607 2608] ( [39.793 39.884 42.154 42.179 42.194] )
Neighs (x-coords) of 3172 =  [ 741 3171  133  490 1795] ( [39.793 40.667 37.08  39.093 38.702] )
Neighs (x-coords) of 3173 =  [  91  740 3174 3290 3289] ( [51.641 53.101 52.153 50.88  51.973] )
Neighs (x-coords) of 3174 =  [  91  740 3173 3290 2868 1311  278 2831 1076] ( [51.641 53.101 53.307 50.88  51.335 51.227 51.901 52.46  51.967] )
Neighs (x-coords) of 3175 =  [1142 2825 3178 3102 2228] ( [42.96  41.977 42.114 42.734 42.708] )
Neighs (x-coords) of 3176 =  [ 742 1732 2428 3169 3571   57  847 1246] ( [42.524 42.228 41.916 41.746 44.163 44.6   45.21  44.697] )
Neighs (x-coords) of 3177 =  [ 739 3185 1562 1390 3337  722 1563 2900 1391] ( [38.052 38.76  36.355 39.269 37.929 36.745 36.813 38.763 39.768] )
Neighs (x-coords) of 3178 =  [ 922 2825  709 1514 3102 1142 3175  500 2227] ( [41.973 41.977 40.602 39.962 42.734 42.96  43.465 43.482 43.721] )
Neighs (x-coords) of 3179 =  [3180 1763 2252  738  505 2251  561  674  804 1406 1405] ( [38.51  36.065 38.803 38.303 38.394 39.129 39.379 36.816 41.303 40.893 41.11 ] )
Neighs (x-coords) of 3180 =  [1103 2802 2805 3179 3222 2252  738  970 3226 1406] ( [37.304 38.129 36.836 38.645 36.229 38.803 38.303 37.004 37.153 40.893] )
Neighs (x-coords) of 3181 =  [3182 1989  737  144 2110  556] ( [35.273 35.485 35.855 37.755 38.003 37.486] )
Neighs (x-coords) of 3182 =  [3181  737  900 1616 1645  853 1642 2596  556] ( [36.153 35.855 36.11  33.785 35.591 33.446 35.748 36.297 37.486] )
Neighs (x-coords) of 3183 =  [1255 1712  770 2998  816 1146 2968 2956 1760  675] ( [59.989 59.831 59.485 59.862 61.68  62.036 62.84  61.282 63.859 63.889] )
Neighs (x-coords) of 3184 =  [3055  225 3056  231  736 1879 1606  683 1564 1582  461 2197 2334] ( [36.58  36.112 36.135 39.03  39.068 38.119 37.579 37.44  36.557 37.593 39.858 39.765 39.598] )
Neighs (x-coords) of 3185 =  [ 739 3177 1390  894 1461 1621  839 1391  877] ( [38.052 38.505 39.269 38.374 37.491 38.959 39.444 39.768 39.444] )
Neighs (x-coords) of 3186 =  [ 203 3149 1654  536 2271 2283  145 3513 2994 2995  926 1659] ( [43.669 43.424 45.078 42.506 42.535 42.696 43.235 44.243 44.464 42.951 45.599 45.949] )
Neighs (x-coords) of 3187 =  [1143 3170  424 2473 3465 3466 1254 2481 1084 2498  703 1335] ( [41.538 42.413 38.888 38.742 40.482 41.058 42.374 39.534 40.747 39.906 41.645 42.069] )
Neighs (x-coords) of 3188 =  [ 743 3196  384  793 2550 1367 1399] ( [41.092 40.789 38.965 41.805 39.686 41.548 42.548] )
Neighs (x-coords) of 3189 =  [ 836 1380  663 1981 1980  749 3190] ( [57.436 57.327 57.376 56.875 57.642 59.125 59.475] )
Neighs (x-coords) of 3190 =  [ 136  749 2985 2984 3189] ( [57.683 59.125 58.147 56.887 59.206] )
Neighs (x-coords) of 3191 =  [1115 3194  191 3511 3512  965 3026 2965 1312 2906  902 2752  887] ( [44.145 43.925 41.597 41.874 42.03  42.549 44.111 43.112 44.097 43.205 46.351 46.543 46.503] )
Neighs (x-coords) of 3192 =  [ 374 2499 2500  618 1877 1878 2167  747 2332 3193  814 2287] ( [56.427 57.022 55.631 53.52  53.106 54.44  53.146 54.091 54.165 54.    55.855 56.436] )
Neighs (x-coords) of 3193 =  [ 747 1402 2332 1877  609 1933 1934  802 2167  814 3192] ( [54.091 51.903 54.165 53.106 52.448 52.74  52.242 51.575 53.146 55.855 55.012] )
Neighs (x-coords) of 3194 =  [1115 3191  191 3511 3512  589 2016 2017  965 2032 2157  902 2752] ( [44.145 44.366 41.597 41.874 42.03  43.1   44.044 42.688 42.549 42.817 45.81  46.351 46.543] )
Neighs (x-coords) of 3195 =  [ 748 3068  198 3077 3197 1155] ( [56.754 56.241 56.558 57.413 57.052 58.536] )
Neighs (x-coords) of 3196 =  [ 743 3188  384] ( [41.092 40.995 38.965] )
Neighs (x-coords) of 3197 =  [2631 2567  748 3195 1021 2560 2416 1155] ( [55.025 54.521 56.754 57.575 54.964 54.574 56.399 58.536] )
Neighs (x-coords) of 3198 =  [ 746 3205 1035 3322] ( [31.536 32.449 32.165 31.525] )
Neighs (x-coords) of 3199 =  [3202  756 3131 3132  340 1150 1686  623 1785 3384] ( [61.637 61.921 62.53  61.109 62.418 62.369 63.938 65.82  65.203 64.205] )
Neighs (x-coords) of 3200 =  [ 745  682 1531  464  938 1615 3201 1024  565] ( [51.679 51.402 51.473 50.49  49.298 49.928 51.01  53.606 52.694] )
Neighs (x-coords) of 3201 =  [ 464  938 1615 2207 1119 3153 2199  745] ( [50.49  49.298 49.928 49.619 48.554 48.638 52.442 51.679] )
Neighs (x-coords) of 3202 =  [3199 2023  381 2642  756 3131 3132  340] ( [63.085 59.679 60.361 59.905 61.921 62.53  61.109 62.418] )
Neighs (x-coords) of 3203 =  [ 744 3147 2257 3204   33 3466  696  672 1791 2589 1333] ( [41.817 42.277 39.267 40.94  40.731 41.058 40.844 44.009 43.79  43.035 43.948] )
Neighs (x-coords) of 3204 =  [1545 3081  856 1690 2257 1915  744 3203  696 1419] ( [41.953 39.934 38.651 39.102 39.267 41.274 41.817 41.939 40.844 40.216] )
Neighs (x-coords) of 3205 =  [ 746 3198 1035 3306 3322 2496 2672   35 3478] ( [31.536 31.167 32.165 32.868 31.525 32.571 31.469 34.309 33.898] )
Neighs (x-coords) of 3206 =  [3207  146 2734 2735  586 2005  813 1275  874 2004] ( [35.671 36.143 34.902 35.953 38.008 37.054 37.612 37.185 38.113 38.178] )
Neighs (x-coords) of 3207 =  [ 146 2734 1275  874] ( [36.143 34.902 37.185 38.113] )
Neighs (x-coords) of 3208 =  [1975  250 2915 2916 3262 1124 2431 3244 1382  837] ( [37.977 35.319 35.146 35.706 37.245 37.324 38.39  37.652 39.959 39.742] )
Neighs (x-coords) of 3209 =  [ 962 3236  137 2982  126 3012 3011 1966] ( [46.581 47.087 44.185 44.185 47.757 46.998 47.386 47.963] )
Neighs (x-coords) of 3210 =  [ 167 2110 1041 2113] ( [38.707 38.003 38.775 38.591] )
Neighs (x-coords) of 3211 =  [1041  167 2110 3210  556 2065] ( [38.775 38.707 38.003 38.808 37.486 38.107] )
Neighs (x-coords) of 3212 =  [ 166 2090 3497 3498 3213 3216  168 3227] ( [62.167 60.297 62.458 61.297 61.552 61.227 61.011 61.863] )
Neighs (x-coords) of 3213 =  [3216  942 3499 3502  111 1646 3497  951  166 3212] ( [61.227 59.575 60.351 59.636 59.203 62.031 62.458 61.647 62.167 61.591] )
Neighs (x-coords) of 3214 =  [3225 2426  966  559 2096 2097 3415] ( [55.798 56.626 55.79  58.609 58.611 59.474 58.538] )
Neighs (x-coords) of 3215 =  [ 165  269 2133 2936 3217 1358  763  563 2424  214] ( [32.711 30.505 32.989 30.482 32.948 32.024 32.196 34.878 35.345 33.977] )
Neighs (x-coords) of 3216 =  [3213 2405  396  166 3212 1395  168 3234] ( [61.552 59.694 59.437 62.167 61.591 61.528 61.011 60.638] )
Neighs (x-coords) of 3217 =  [ 165  269 2133 2936 3215  214 3124] ( [32.711 30.505 32.989 30.482 33.187 33.977 33.784] )
Neighs (x-coords) of 3218 =  [ 881 1322 2558 3156  751  925 1320 2478 3144  676 2165 2166  164] ( [36.645 36.538 38.823 34.487 34.155 33.992 36.269 34.526 34.492 37.299 36.608 38.017 36.513] )
Neighs (x-coords) of 3219 =  [ 164 1320  676 2166 3331 2558 3218 1039 3434] ( [36.513 36.269 37.299 38.017 37.034 38.823 36.474 39.632 39.922] )
Neighs (x-coords) of 3220 =  [ 775 1098 3221 3602 3585 1346  163] ( [42.318 39.863 42.243 39.426 40.202 41.971 41.774] )
Neighs (x-coords) of 3221 =  [ 775 1098 3220 3602 2685 3585  163 3425] ( [42.318 39.863 41.455 39.426 41.025 40.202 41.774 42.738] )
Neighs (x-coords) of 3222 =  [ 355 2599 2601 1763 2210 2805 3180  738  970 3226  674] ( [34.289 33.834 34.124 36.065 36.434 36.836 38.51  38.303 37.004 37.153 36.816] )
Neighs (x-coords) of 3223 =  [ 517 3356 2059 2838  994 2012 2758 2310  162 3224  773 1596] ( [48.541 51.321 48.471 50.574 49.82  51.286 49.651 52.36  51.765 52.664 52.653 53.496] )
Neighs (x-coords) of 3224 =  [ 162  431 2347 3223 3356 2823  458 2186  266 2310  773 1596 1600] ( [51.765 53.353 53.977 51.215 51.321 54.081 53.811 53.052 54.348 52.36  52.653 53.496 52.069] )
Neighs (x-coords) of 3225 =  [1087 2512 3214  118  966 1258 3231] ( [53.829 54.344 56.597 54.656 55.79  57.215 54.96 ] )
Neighs (x-coords) of 3226 =  [ 738  970  463 3222 2210 2805] ( [38.303 37.004 35.825 36.229 36.434 36.836] )
Neighs (x-coords) of 3227 =  [ 535 2071  117 2090 3216  166 3212  168] ( [60.622 62.316 60.196 60.297 61.227 62.167 61.591 61.011] )
Neighs (x-coords) of 3228 =  [ 144 3244  900  918 2431  411 1041 2110  837 1383] ( [37.755 37.652 36.11  38.238 38.39  37.98  38.775 38.003 39.742 39.519] )
Neighs (x-coords) of 3229 =  [ 119 2527 3129  814 1266  378 2528 1267  710 1518 2872 2553] ( [56.88  54.762 57.008 55.855 55.485 54.942 55.239 56.439 56.995 57.031 55.114 59.292] )
Neighs (x-coords) of 3230 =  [ 816 1146 1411 2968  279 2890 3109 1712 2864 2889  956 3233 1408] ( [61.68  62.036 60.894 62.84  59.966 60.382 59.44  59.831 58.547 60.712 61.584 61.261 62.41 ] )
Neighs (x-coords) of 3231 =  [ 118  966 1258 3458 1327 3232  302 2736 3225 1253] ( [54.656 55.79  57.215 57.414 52.5   54.325 53.983 54.276 55.798 56.449] )
Neighs (x-coords) of 3232 =  [1327  882 2692  302 2736  315  543 1326 2273 2274  118 3231 2737  334] ( [52.5   52.211 54.177 53.983 54.276 54.194 54.225 52.021 53.449 54.118 54.656 54.96  54.792 55.964] )
Neighs (x-coords) of 3233 =  [ 912  956 1440 1451 2486  279 1639 2890 3109  917 2889 1147 3230 2489] ( [62.95  61.584 62.963 61.472 63.324 59.966 59.278 60.382 59.44  60.099 60.712 62.215 61.342 62.251] )
Neighs (x-coords) of 3234 =  [ 168  396  117 1394    1 3235 3216 1395 2071 3227  322] ( [61.011 59.437 60.196 60.413 59.885 59.446 61.227 61.528 62.316 61.863 62.839] )
Neighs (x-coords) of 3235 =  [ 973 1315 3273 3270  117  779 1306    1 2616 3234] ( [57.686 58.47  58.247 57.276 60.196 57.981 58.264 59.885 57.734 60.638] )
Neighs (x-coords) of 3236 =  [ 962 3209  137 2981 1966  961 2941  662 2058] ( [46.581 46.632 44.185 44.482 47.963 46.157 46.868 48.767 49.729] )
Neighs (x-coords) of 3237 =  [ 128  712 2683 3245 2591 2618  601 1911 2604 1910] ( [50.912 49.428 48.633 51.466 49.873 50.844 53.309 52.547 52.435 53.481] )
Neighs (x-coords) of 3238 =  [ 235 2955 2956 3080 2853  702 1409  174  959 2818 3241 3384 3079] ( [61.37  60.796 61.282 63.144 62.291 63.552 62.808 64.031 64.162 66.241 64.461 64.205 64.523] )
Neighs (x-coords) of 3239 =  [ 143 3240  776 1624 3166 2206 2657] ( [49.755 49.489 47.836 48.338 47.401 50.314 50.687] )
Neighs (x-coords) of 3240 =  [ 143 3239  776  730 1530  128 1491 3245  389 2618] ( [49.755 49.535 47.836 48.269 47.941 50.912 48.825 51.466 50.423 50.844] )
Neighs (x-coords) of 3241 =  [ 959 2818 3080 3238   62  516  174  675 1761 3384 3079] ( [64.162 66.241 63.144 63.484 64.719 65.165 64.031 63.889 63.901 64.205 64.523] )
Neighs (x-coords) of 3242 =  [3034 3243  301 2748  156  990 1701  177 3071 3072] ( [52.029 54.217 52.942 52.684 54.15  51.522 54.929 55.03  55.959 55.027] )
Neighs (x-coords) of 3243 =  [2533 3034 3242  156  990 1139 3031 3281  800 1457  400 2477] ( [52.529 52.029 54.266 54.15  51.522 53.709 51.722 54.031 53.627 54.226 55.453 54.653] )
Neighs (x-coords) of 3244 =  [ 144 3228 2916 1989  737  900 1645 1642 3208  918 2431    9 3556 3563 2110  837] ( [37.755 38.705 35.706 35.485 35.855 36.11  35.591 35.748 37.522 38.238 38.39  37.674 37.128 37.891 38.003 39.742] )
Neighs (x-coords) of 3245 =  [ 128 3237 2591 1531 2618  143 3240  601 1911 1910 2575 2469] ( [50.912 51.394 49.873 51.473 50.844 49.755 49.489 53.309 52.547 53.481 53.075 52.328] )
Neighs (x-coords) of 3246 =  [ 120  251 2729 2913 3128  231  531 2159 2950 3344  383 2515 3351  313 2514] ( [42.323 40.068 42.374 40.153 41.684 39.03  41.478 41.966 39.732 40.96  41.6   41.181 43.996 42.794 42.541] )
Neighs (x-coords) of 3247 =  [ 131 3038 3046  871 1588  161 1518 2872 3266 2426 2598 1072 2609] ( [55.237 55.203 55.631 53.933 54.322 56.127 57.031 55.114 55.418 56.626 58.303 58.576 59.001] )
Neighs (x-coords) of 3248 =  [ 160 3269 1463 2731 1070 2592] ( [68.203 67.513 67.042 68.497 68.356 68.644] )
Neighs (x-coords) of 3249 =  [2094 1117 1811  491  907 2465 2470 3276 2183 2184  232] ( [39.338 39.047 37.152 37.101 37.343 38.277 37.068 38.902 40.914 40.69  41.266] )
Neighs (x-coords) of 3250 =  [ 152  913 1497  847 1246 2862 3251   10 3560 2867  321] ( [44.51  42.735 43.284 45.21  44.697 44.634 43.862 44.48  45.193 45.605 47.177] )
Neighs (x-coords) of 3251 =  [ 983 2862 1500  265 2825 2826 1246  152  913 1497 3250] ( [45.243 44.634 41.883 41.757 41.977 41.255 44.697 44.51  42.735 43.284 44.934] )
Neighs (x-coords) of 3252 =  [1977  151 1433 2085] ( [47.378 49.958 48.695 50.697] )
Neighs (x-coords) of 3253 =  [2085  151  968 1428 1433 3252 1675  930 3507 3510] ( [50.697 49.958 49.197 49.777 48.695 49.333 51.715 52.574 53.021 52.675] )
Neighs (x-coords) of 3254 =  [1128 1335 1698  272 2846  577 1947 2001 1776  862 1684 3265 1069 1623] ( [44.76  42.069 42.114 45.378 44.504 44.656 44.897 44.429 43.874 42.624 42.659 45.079 47.016 46.998] )
Neighs (x-coords) of 3255 =  [ 150 3257 1027 1373 1425 1426 2933] ( [57.042 56.42  53.684 54.397 55.142 54.688 57.126] )
Neighs (x-coords) of 3256 =  [ 153   89 3295 3296] ( [43.263 41.103 41.598 40.899] )
Neighs (x-coords) of 3257 =  [ 150 3255 1584 1373   20  132 2933] ( [57.042 56.496 54.022 54.397 54.812 56.85  57.126] )
Neighs (x-coords) of 3258 =  [ 149 2697 1893 3259 3443 2852  307 2764  108  927  967 2954] ( [61.105 61.178 60.345 60.374 60.041 62.822 61.429 62.279 60.978 62.235 64.283 64.183] )
Neighs (x-coords) of 3259 =  [2698  573 1318 1893 3443  149 2697 3258  307] ( [59.673 60.299 58.904 60.345 60.041 61.105 61.178 61.891 61.429] )
Neighs (x-coords) of 3260 =  [ 980 2491 2652  213 3108 3117   86  148 3301    0] ( [47.81  47.652 46.932 46.624 46.196 47.095 47.152 48.091 48.017 49.805] )
Neighs (x-coords) of 3261 =  [ 148 3301  980 2652 3260 3271  471 2301 2302  499] ( [48.091 48.017 47.81  46.932 48.164 47.913 50.753 51.302 50.751 50.246] )
Neighs (x-coords) of 3262 =  [  67  323 2691 3387 1969 2915  133 3032 3208] ( [37.31  36.562 37.382 38.188 35.331 35.146 37.08  36.576 37.522] )
Neighs (x-coords) of 3263 =  [3119  147  451 2555 2927 1608 2556 3120  216 1755] ( [41.751 42.3   41.988 41.404 39.671 42.881 42.855 43.173 42.63  42.639] )
Neighs (x-coords) of 3264 =  [ 216  649 1755 1770  147  451 2555 3119 3263 2425 1608 2189 2556] ( [42.63  43.6   42.639 43.899 42.3   41.988 41.404 41.751 41.407 44.208 42.881 45.366 42.855] )
Neighs (x-coords) of 3265 =  [ 862 1684 2001 1128 3254 1069 1623] ( [42.624 42.659 44.429 44.76  44.46  47.016 46.998] )
Neighs (x-coords) of 3266 =  [ 161  710 1517 1518 2872  570 1899  871 1588 1682 3038 3247] ( [56.127 56.995 56.056 57.031 55.114 53.832 53.642 53.933 54.322 53.235 55.203 56.264] )
Neighs (x-coords) of 3267 =  [1567  643 1839 1840  153 3256 3333] ( [45.3   44.002 43.114 44.358 43.263 42.478 43.872] )
Neighs (x-coords) of 3268 =  [ 154 3534  240 3284 2902  121  359 2389 2451 2903  990] ( [48.999 50.074 48.424 48.068 47.723 50.339 49.012 48.814 49.974 49.179 51.522] )
Neighs (x-coords) of 3269 =  [ 160 3248  734 1573 1463 2731 1070] ( [68.203 69.021 66.246 66.114 67.042 68.497 68.356] )
Neighs (x-coords) of 3270 =  [2509  376 2494 2333  779 1306 2616  973 1315 3235] ( [55.348 55.354 55.232 55.477 57.981 58.264 57.734 57.686 58.47  59.446] )
Neighs (x-coords) of 3271 =  [ 159 1659 3272  980 2652 3516  189 3261  276  499 2230 2835 2162] ( [47.601 45.949 46.925 47.81  46.932 46.939 46.3   48.972 50.067 50.246 49.56  49.518 48.491] )
Neighs (x-coords) of 3272 =  [ 159 1659 3271 2994 3516  610 1931  189  678 2835 2162] ( [47.601 45.949 47.913 44.464 46.939 46.121 46.197 46.3   48.447 49.518 48.491] )
Neighs (x-coords) of 3273 =  [ 973 3235 3270    1 2616  178] ( [57.686 59.446 57.276 59.885 57.734 60.536] )
Neighs (x-coords) of 3274 =  [ 158 1944 3449 3275  242 2900 2762 1136 2765  617 1880 2907  135 3007] ( [37.427 37.29  35.656 37.588 39.16  38.763 36.909 37.604 38.362 38.311 37.722 39.492 40.243 39.616] )
Neighs (x-coords) of 3275 =  [  29 3337 3338 3449  242 1563 2900  158 3274] ( [37.145 37.929 36.553 35.656 39.16  36.813 38.763 37.427 37.881] )
Neighs (x-coords) of 3276 =  [ 907 2465 2470 1117 1811  491 2251 3249 1080 2506 2184 2964  232] ( [37.343 38.277 37.068 39.047 37.152 37.101 39.129 38.878 38.735 38.45  40.69  40.972 41.266] )
Neighs (x-coords) of 3277 =  [ 169 2552 3285 3412   82 2949  507 1819 1272  781 1270  105 1818] ( [51.562 52.669 50.974 51.196 52.359 51.583 53.614 53.268 53.614 54.261 53.72  51.567 54.03 ] )
Neighs (x-coords) of 3278 =  [ 576 1457 1946 3527 1139 3031 3281  800 1240] ( [52.243 54.226 53.007 50.98  53.709 51.722 54.031 53.627 54.126] )
Neighs (x-coords) of 3279 =  [ 157 3280  297 2782 2926  382 2519 2471  761] ( [44.069 44.676 41.486 41.665 41.111 44.906 44.228 44.588 42.701] )
Neighs (x-coords) of 3280 =  [ 157 3279  382 2519  761 1553 2246 1292] ( [44.069 43.377 44.906 44.228 42.701 43.461 44.231 47.295] )
Neighs (x-coords) of 3281 =  [ 156 1139 3031 3243  797 1444 3278  259 1445] ( [54.15  53.709 51.722 54.217 53.802 53.141 53.36  56.57  54.635] )
Neighs (x-coords) of 3282 =  [ 155  262 2874 3283  110 3439] ( [46.445 48.027 47.648 45.825 46.318 46.427] )
Neighs (x-coords) of 3283 =  [ 155  262 2870 2874 3282  110] ( [46.445 48.027 45.718 47.648 47.294 46.318] )
Neighs (x-coords) of 3284 =  [ 240 2070 2902  359 2389 2451  154 3268 3534] ( [48.424 46.129 47.723 49.012 48.814 49.974 48.999 49.433 50.074] )
Neighs (x-coords) of 3285 =  [1074 1709 2898 1123 2588 2715 3454 1708 3412   82  169 2552 3277  344  105] ( [49.153 49.213 49.871 48.054 50.706 48.709 50.207 49.901 51.196 52.359 51.562 52.669 52.356 51.573 51.567] )
Neighs (x-coords) of 3286 =  [1010 3389  918 2675  411 2447] ( [40.401 40.542 38.238 39.121 37.98  38.699] )
Neighs (x-coords) of 3287 =  [3127  178 2023  693 1319 2713] ( [60.843 60.536 59.679 59.466 59.608 62.239] )
Neighs (x-coords) of 3288 =  [  22  179 3355 3138 3064 3445] ( [37.167 38.847 37.377 39.276 37.44  39.691] )
Neighs (x-coords) of 3289 =  [  68 3290 3401   91 3173 3087] ( [49.703 50.88  50.178 51.641 53.307 53.525] )
Neighs (x-coords) of 3290 =  [  68 3400 3401 3289   91 3173] ( [49.703 49.327 50.178 51.973 51.641 53.307] )
Neighs (x-coords) of 3291 =  [ 996 1038 3010  457 2189 1575   43 3576 3577 2190] ( [48.377 45.491 47.869 45.339 45.366 44.817 47.368 48.116 46.643 45.554] )
Neighs (x-coords) of 3292 =  [  90 3293  440 2363] ( [66.491 65.655 65.961 66.417] )
Neighs (x-coords) of 3293 =  [  90 1133 1348  440 2363] ( [66.491 63.812 64.212 65.961 66.417] )
Neighs (x-coords) of 3294 =  [ 796 1441 2189 1770  996 1038 3010 3291   30] ( [47.266 46.526 45.366 43.899 48.377 45.491 47.869 46.131 45.686] )
Neighs (x-coords) of 3295 =  [  89 1383 1382  837 3296  643 1839] ( [41.103 39.519 39.959 39.742 40.899 44.002 43.114] )
Neighs (x-coords) of 3296 =  [3228 1041 2113  837   89 1383 3295 1839  153] ( [38.705 38.775 38.591 39.742 41.103 39.519 41.598 43.114 43.263] )
Neighs (x-coords) of 3297 =  [  59 2824 3298  266  468 2256 2310 2290] ( [55.909 54.578 56.566 54.348 52.819 52.388 52.36  56.294] )
Neighs (x-coords) of 3298 =  [  59 3297 2290  607 1599  848 1598] ( [55.909 55.066 56.294 56.716 59.113 58.759 58.446] )
Neighs (x-coords) of 3299 =  [1043 2564 3302 2958  215 3122 3123 1272 2655  781 2563 3330   84   20] ( [54.938 56.709 54.798 52.344 52.491 52.296 52.848 53.614 53.218 54.261 56.584 54.706 57.227 54.812] )
Neighs (x-coords) of 3300 =  [1128 1775 1623 1344   86  699 3301] ( [44.76  44.992 46.998 46.557 47.152 47.088 48.017] )
Neighs (x-coords) of 3301 =  [  86  148  699 3300 1344 3260 2021] ( [47.152 48.091 47.088 46.877 46.557 48.164 48.894] )
Neighs (x-coords) of 3302 =  [1043 3299  215 3123 2655  329 2656 3035 3329  295  641 1845] ( [54.938 54.662 52.491 52.848 53.218 53.766 54.298 57.062 54.638 54.847 56.442 56.817] )
Neighs (x-coords) of 3303 =  [  58 3315 1033 1393 1396 3370  364] ( [46.743 47.291 44.794 45.132 43.866 46.505 46.198] )
Neighs (x-coords) of 3304 =  [  92 1664 3305  518  597 2057  864 1655  875] ( [37.931 37.457 37.267 37.167 37.662 37.78  40.423 39.755 39.903] )
Neighs (x-coords) of 3305 =  [1663   92  588  866 1664 2018 3304  518 2056  597 1919] ( [35.991 37.931 37.083 36.579 37.457 36.368 38.766 37.167 36.422 37.662 36.744] )
Neighs (x-coords) of 3306 =  [1035 3322  375 2496 3205  827 2121] ( [32.165 31.525 32.293 32.571 32.449 35.084 34.384] )
Neighs (x-coords) of 3307 =  [ 758 3164 1766 1036 3442  673 3148 1047 3327 3350 1087 2411   93 2526] ( [49.49  49.47  49.54  51.004 50.61  49.752 49.271 50.523 50.256 51.358 53.829 51.945 51.763 53.704] )
Neighs (x-coords) of 3308 =  [  99 3345 2081 1956 1685 2762  650 1757 1136] ( [38.342 38.976 34.644 35.679 38.829 36.909 38.747 38.213 37.604] )
Neighs (x-coords) of 3309 =  [1100 3365  319  557 2079 2666 2722 1075 2075 2078  621] ( [55.98  56.349 54.202 53.597 53.566 53.985 54.97  56.235 56.059 55.355 57.814] )
Neighs (x-coords) of 3310 =  [1356 3161 1114   98 3311 2295  509 1154 2988] ( [52.976 51.554 51.361 53.646 54.413 53.117 53.062 55.309 56.368] )
Neighs (x-coords) of 3311 =  [  98 1456 2534 1818 3310 2476 3508  400 2477 2987] ( [53.646 53.56  52.417 54.03  53.738 55.193 56.324 55.453 54.653 55.706] )
Neighs (x-coords) of 3312 =  [  97  619 3313  670 1967 3316   51] ( [38.762 36.884 38.989 38.989 38.38  40.594 39.604] )
Neighs (x-coords) of 3313 =  [  97  619 3312  670 1967 1937  603 1925  249] ( [38.762 36.884 38.743 38.989 38.38  37.153 41.548 41.163 39.866] )
Neighs (x-coords) of 3314 =  [1030 3317 2575  349 2576  391  233 2960] ( [54.24  53.295 53.075 52.818 53.533 53.581 55.889 55.97 ] )
Neighs (x-coords) of 3315 =  [  58 3303 1033 1025 3370 2523] ( [46.743 45.857 44.794 47.085 46.505 47.492] )
Neighs (x-coords) of 3316 =  [  97 3312   51 3324 3596] ( [38.762 38.743 39.604 41.512 40.117] )
Neighs (x-coords) of 3317 =  [ 445 1030 2468 3314  328 2657 2658  349] ( [52.382 54.24  51.746 54.432 51.431 50.687 51.298 52.818] )
Neighs (x-coords) of 3318 =  [  95 1088 1234 1261 3319  606 1874 2234  655 1957 2667] ( [63.151 62.679 62.807 61.742 62.477 65.279 65.854 63.867 66.467 65.763 63.676] )
Neighs (x-coords) of 3319 =  [1120 2690 3471   38 2766   95 1088 1234 1261  306 3318 2234 2667] ( [63.082 62.501 61.017 60.258 61.075 63.151 62.679 62.807 61.742 61.709 63.841 63.867 63.676] )
Neighs (x-coords) of 3320 =  [  94 2059 2325 3321 1280 2717  194 2044 3474  476  639 1737 2326 3484] ( [45.692 48.471 45.381 45.103 44.159 47.016 46.638 47.961 45.822 45.507 47.72  48.289 45.466 46.337] )
Neighs (x-coords) of 3321 =  [2325 1303 3102  892 1302 2717 3481   94 3320] ( [45.381 42.981 42.734 43.82  43.778 47.016 46.354 45.692 46.283] )
Neighs (x-coords) of 3322 =  [1035 3306  375 2496 2497  746 3198] ( [32.165 32.868 32.293 32.571 31.329 31.536 31.167] )
Neighs (x-coords) of 3323 =  [  93 2526 1036 3442  758 3307 1526 1541 1087] ( [51.763 53.704 51.004 50.61  49.49  51.185 51.321 54.201 53.829] )
Neighs (x-coords) of 3324 =  [  51 3596 3316   96  603] ( [39.604 40.117 40.594 41.105 41.548] )
Neighs (x-coords) of 3325 =  [  32   64 3372 1044 1352 1052 1325 1357 3326 2396 2395] ( [49.237 50.78  50.41  47.809 47.721 48.001 47.937 48.69  49.172 51.243 52.002] )
Neighs (x-coords) of 3326 =  [2728 1134 2746 2770 1328 1052 1325 1060   32 3325  241 1416 2396 2932 2395] ( [51.064 47.924 48.342 47.867 47.225 48.001 47.937 49.926 49.237 49.599 49.258 50.421 51.243 48.549 52.002] )
Neighs (x-coords) of 3327 =  [1047 1852 3350  758 3164 3307 2058 1526  484   93] ( [50.523 48.669 51.358 49.49  49.47  51.185 49.729 51.321 49.302 51.763] )
Neighs (x-coords) of 3328 =  [  21  664 1016 1978 3335 1979 1414 1715] ( [63.452 62.202 60.62  63.004 63.093 62.113 62.763 61.01 ] )
Neighs (x-coords) of 3329 =  [  20  132 3035  976  215 2796 3122 3123 2563 3330 1043 3299 3302] ( [54.812 56.85  57.062 53.15  52.491 54.484 52.296 52.848 56.584 54.706 54.938 54.662 54.798] )
Neighs (x-coords) of 3330 =  [2563 2855  976 1584  963 3023 3087   20  132 3329] ( [56.584 55.73  53.15  54.022 52.779 52.73  53.525 54.812 56.85  54.638] )
Neighs (x-coords) of 3331 =  [1811 3581 1011 2775    8 3552 3126  401 2252 2474 2475 3334 3219] ( [37.152 35.414 36.276 34.784 34.744 34.875 39.367 37.761 38.803 37.818 36.849 36.538 37.459] )
Neighs (x-coords) of 3332 =  [  19 2621  388 2629  765  830 3333] ( [43.446 42.025 42.118 41.61  41.744 45.391 43.872] )
Neighs (x-coords) of 3333 =  [ 153  830 2128 2621  388 2629 3267 1840 1932   19 3332] ( [43.263 45.391 44.94  42.025 42.118 41.61  43.962 44.358 45.331 43.446 43.639] )
Neighs (x-coords) of 3334 =  [ 401 2252 2474 2475 1011 2775 2549    8 3552 1809 1811 3331  491] ( [37.761 38.803 37.818 36.849 36.276 34.784 35.148 34.744 34.875 36.242 37.152 37.034 37.101] )
Neighs (x-coords) of 3335 =  [  21 1978 3328 2034] ( [63.452 63.004 62.79  63.259] )
Neighs (x-coords) of 3336 =  [ 461 2197 2214  139 2977   17 3344  120 3128 2221   27 3351 1697] ( [39.858 39.765 40.524 40.948 40.192 41.873 40.96  42.323 41.684 41.632 44.149 43.996 42.456] )
Neighs (x-coords) of 3337 =  [  29 3275 3338  810 1251  739 3177  722 1563 2900 1129 2699] ( [37.145 37.588 36.553 36.723 37.102 38.052 38.505 36.745 36.813 38.763 40.741 40.221] )
Neighs (x-coords) of 3338 =  [  29 3275 3337 3407 1045 2140 3450  810 1251  722 1563 2900] ( [37.145 37.588 37.929 35.103 34.482 34.667 34.535 36.723 37.102 36.745 36.813 38.763] )
Neighs (x-coords) of 3339 =  [1605 2329 1379  475 1015 2328 3342  651 1986 2013] ( [48.672 49.806 50.387 50.232 50.688 51.012 50.315 52.387 52.76  51.772] )
Neighs (x-coords) of 3340 =  [  16 1710 1707 3506] ( [67.254 64.473 64.216 65.944] )
Neighs (x-coords) of 3341 =  [1064   16] ( [66.969 67.254] )
Neighs (x-coords) of 3342 =  [1015 2328  850 2523 1605 2329 3339  475  296 2792 2793 2401] ( [50.688 51.012 48.129 47.492 48.672 49.806 50.923 50.232 50.273 50.215 49.35  50.511] )
Neighs (x-coords) of 3343 =  [ 786 3424 1449 1784  623 3417  103  893   11 3405] ( [67.512 66.854 66.617 65.794 65.82  68.064 67.731 68.238 67.832 67.173] )
Neighs (x-coords) of 3344 =  [  17  531 2159  231  736   49  139 2977  461 2197 2214 3336  120 2334 3128] ( [41.873 41.478 41.966 39.03  39.068 42.188 40.948 40.192 39.858 39.765 40.524 42.053 42.323 39.598 41.684] )
Neighs (x-coords) of 3345 =  [  99  941 3308 1685 2762  650 1757 1758 1136 2765 1050 1689 3555 3557] ( [38.342 39.385 37.49  38.829 36.909 38.747 38.213 38.144 37.604 38.362 41.3   40.133 41.173 40.828] )
Neighs (x-coords) of 3346 =  [1006 3363 3105  553 2073 2074   49 1303  897  892 1302  704    2] ( [41.304 41.625 41.902 40.888 41.316 40.349 42.188 42.981 42.888 43.82  43.778 43.323 43.794] )
Neighs (x-coords) of 3347 =  [3055 1404  718 1486 3496  683 1564   22 3355  251 2913] ( [36.58  35.203 37.066 37.977 37.07  37.44  36.557 37.167 37.377 40.068 40.153] )
Neighs (x-coords) of 3348 =  [3349 2980   28 1548  354] ( [51.895 50.665 51.755 52.675 52.151] )
Neighs (x-coords) of 3349 =  [3348 1549 2567   28 1548] ( [51.699 52.096 54.521 51.755 52.675] )
Neighs (x-coords) of 3350 =  [1047 3327 3307 1022 2058 2060 1526   93  302  849 2736] ( [50.523 50.256 51.185 50.306 49.729 50.91  51.321 51.763 53.983 53.115 54.276] )
Neighs (x-coords) of 3351 =  [  27 3352   17 2159 3336  120 3128 3246 1904 2639  310] ( [44.149 44.304 41.873 41.966 42.053 42.323 41.684 41.8   45.164 43.543 46.415] )
Neighs (x-coords) of 3352 =  [  27 3351   49   17 2159 3600 3601 3462 3459  310 2747 2749] ( [44.149 43.996 42.188 41.873 41.966 42.682 42.872 45.151 46.386 46.415 46.909 46.466] )
Neighs (x-coords) of 3353 =  [  26 1870  670 1967  255 2919 2313 2911   71  395 2408 2409 2705 3393  249  252 3354] ( [41.702 39.405 38.989 38.38  38.51  39.067 41.195 41.72  42.183 41.996 41.054 42.027 39.47  41.706 39.866 42.607 42.477] )
Neighs (x-coords) of 3354 =  [ 701 1370 2313 2911   26 3353   71  395 2409 3393  252 2811 2314 3392] ( [43.288 43.789 41.195 41.72  41.702 40.961 42.183 41.996 42.027 41.706 42.607 43.076 42.518 43.035] )
Neighs (x-coords) of 3355 =  [  22  179 3288 1404  229  718 1486 3347  683 3064] ( [37.167 38.847 38.191 35.203 35.131 37.066 37.977 37.822 37.44  37.44 ] )
Neighs (x-coords) of 3356 =  [3223 1012 3358 2679  592 2012 2014 2186 2298  162  431 3224] ( [51.215 51.506 51.152 50.292 50.512 51.286 49.81  53.052 53.427 51.765 53.353 52.664] )
Neighs (x-coords) of 3357 =  [3364 3535   25  510] ( [47.556 45.418 46.676 46.869] )
Neighs (x-coords) of 3358 =  [ 317  370 1012 2711 2727 2689 2520  324 2679 3356  458 2186 2530] ( [48.588 51.313 51.506 49.011 48.354 50.375 50.596 49.799 50.292 51.321 53.811 53.052 52.034] )
Neighs (x-coords) of 3359 =  [1287 3360 1367  743 3188 1399   24] ( [44.947 44.022 41.548 41.092 40.995 42.548 43.506] )
Neighs (x-coords) of 3360 =  [1287 3359 1399  137 2981 2982   24 1714  888  961 2939] ( [44.947 42.811 42.548 44.185 44.482 44.185 43.506 44.997 45.599 46.157 46.27 ] )
Neighs (x-coords) of 3361 =  [  23 1627 2594 3443 3362 3477 3427  108  927 2358 2362] ( [60.146 58.398 57.99  60.041 60.035 59.306 61.324 60.978 62.235 62.482 62.434] )
Neighs (x-coords) of 3362 =  [ 399 2480   23 1627 2594 3361 1065 3475 3477 2362  366 2602] ( [58.919 59.327 60.146 58.398 57.99  60.183 58.612 58.188 59.306 62.434 61.973 62.054] )
Neighs (x-coords) of 3363 =  [1006 2694 2907 3346  242 2900 1129 2918 1303  897 1632  892 1302] ( [41.304 40.091 39.492 42.033 39.16  38.763 40.741 40.953 42.981 42.888 43.375 43.82  43.778] )
Neighs (x-coords) of 3364 =  [3357 3487   25  510 2268  358] ( [46.129 47.641 46.676 46.869 47.2   49.739] )
Neighs (x-coords) of 3365 =  [1100 3309  319  557  931 1617 2722] ( [55.98  55.604 54.202 53.597 57.116 56.882 54.97 ] )
Neighs (x-coords) of 3366 =  [ 101 1394 3367 2615  840] ( [58.501 60.413 58.57  57.728 61.07 ] )
Neighs (x-coords) of 3367 =  [ 101 1394 3366 1108 2406  390 2615  840] ( [58.501 60.413 59.37  56.331 59.095 57.857 57.728 61.07 ] )
Neighs (x-coords) of 3368 =  [  65  929 2386 3369 2254 2566 2993 3048  936 3494] ( [64.058 61.37  61.66  63.562 62.624 62.769 62.418 62.377 65.761 64.859] )
Neighs (x-coords) of 3369 =  [ 929 2383 2386  448 2460 2566 2993 1710  949 1707   65 3368 3494] ( [61.37  61.008 61.66  62.006 62.146 62.769 62.418 64.473 64.323 64.216 64.058 63.828 64.859] )
Neighs (x-coords) of 3370 =  [ 850 1025 3373  200 3053 3052 1274 1607 2376   58 3303 3315] ( [48.129 47.085 47.144 44.167 44.674 44.797 46.039 48.254 46.483 46.743 45.857 47.291] )
Neighs (x-coords) of 3371 =  [ 428  867 1669 1681 2317  183   64 3372 2000 3493 2395] ( [51.711 53.453 53.242 53.811 50.778 51.335 50.78  50.41  53.762 51.873 52.002] )
Neighs (x-coords) of 3372 =  [  32   64 3325 1044 1352 1357  183 3492 2395  428] ( [49.237 50.78  49.599 47.809 47.721 48.69  51.335 50.495 52.002 51.711] )
Neighs (x-coords) of 3373 =  [ 850 1025 3370 1904 3053  310 2749 1607  426 2400  935 2407 2393] ( [48.129 47.085 46.505 45.164 44.674 46.415 46.466 48.254 47.762 48.426 49.471 48.646 49.229] )
Neighs (x-coords) of 3374 =  [  63 1297 3009 3376  788  836 1380 2331  409] ( [56.971 54.74  54.629 56.33  55.101 57.436 57.327 58.019 59.031] )
Neighs (x-coords) of 3375 =  [  66 3386 3117    4 2658] ( [50.149 50.101 47.095 49.158 51.298] )
Neighs (x-coords) of 3376 =  [  63 1297 3009 3374  134 3030  788  836] ( [56.971 54.74  54.629 57.258 53.917 54.378 55.101 57.436] )
Neighs (x-coords) of 3377 =  [1449 1784   21 1414 3131   62  516 1785 3384] ( [66.617 65.794 63.452 62.763 62.53  64.719 65.165 65.203 64.205] )
Neighs (x-coords) of 3378 =  [ 358 1722 2610  548 2280  996 3010 3487  197  407 2281 1046 1945 3381 3037 2418  631 1723] ( [49.739 48.527 50.704 48.066 47.593 48.377 47.869 47.641 46.725 49.674 48.855 49.933 51.49  49.637 49.257 49.077 49.304 49.988] )
Neighs (x-coords) of 3379 =  [  61 3380 2709  568  426 2402  438 2116] ( [46.844 47.384 43.672 45.239 47.762 47.257 45.974 47.453] )
Neighs (x-coords) of 3380 =  [  61 3379 1738  426 2402] ( [46.844 45.988 47.936 47.762 47.257] )
Neighs (x-coords) of 3381 =  [ 184 1046 1945 3527  548 2280  996 3010   13  407 2281 2419 3084 3037 3378  576] ( [51.341 49.933 51.49  50.98  48.066 47.593 48.377 47.869 50.401 49.674 48.855 50.32  51.26  49.257 49.111 52.243] )
Neighs (x-coords) of 3382 =  [  72 1308 2848 1291  483 1854 3383 1640 1688  419] ( [57.238 55.488 54.688 56.686 54.55  55.198 57.179 58.981 58.702 57.719] )
Neighs (x-coords) of 3383 =  [3107   72 1308 2848 3382 2415  899 1639 1640  419] ( [55.608 57.238 55.488 54.688 56.965 56.729 59.251 59.278 58.981 57.719] )
Neighs (x-coords) of 3384 =  [1785 1414 3131 3238 1150 2853 3199   62 1784 3377  959] ( [65.203 62.763 62.53  63.484 62.369 62.291 63.085 64.719 65.794 64.707 64.162] )
Neighs (x-coords) of 3385 =  [  87  400 2477 3406 3243  800 1456 1457 1492 2987] ( [56.678 55.453 54.653 57.295 54.217 53.627 53.56  54.226 57.312 55.706] )
Neighs (x-coords) of 3386 =  [  66 3375  464 2206 2207    4  685 1464] ( [50.149 49.225 50.49  50.314 49.619 49.158 52.3   52.889] )
Neighs (x-coords) of 3387 =  [  67  323 2691 3262 1969 3403 1927 2712 3032 1003 3402] ( [37.31  36.562 37.382 37.245 35.331 37.477 38.79  36.771 36.576 39.694 39.629] )
Neighs (x-coords) of 3388 =  [  85 2970  589 2016 2659 1118] ( [44.371 43.492 43.1   44.044 47.456 47.267] )
Neighs (x-coords) of 3389 =  [1010 3286  918 2431 2675  741 3171 2608] ( [40.401 40.258 38.238 38.39  39.121 39.793 40.667 42.194] )
Neighs (x-coords) of 3390 =  [2685 3391 1486  629 1728  713 1466 1467   73 2515  864 1101 1655 1656] ( [41.025 40.035 37.977 38.254 38.4   40.901 40.089 41.562 40.088 41.181 40.423 40.291 39.755 41.149] )
Neighs (x-coords) of 3391 =  [2685 3390 3585 1486  629   73 2515  251 1101 2912 1098] ( [41.025 40.356 40.202 37.977 38.254 40.088 41.181 40.068 40.291 40.3   39.863] )
Neighs (x-coords) of 3392 =  [ 725 1574   26 3353   71  395 2408 2409 3393  633  451 3354 1717 2556 1575] ( [44.538 44.758 41.702 40.961 42.183 41.996 41.054 42.027 41.706 42.054 41.988 42.477 42.925 42.855 44.817] )
Neighs (x-coords) of 3393 =  [  71  395 2408 2409 2705 3353  633 1732  451  711 1493 3354 3392 1717] ( [42.183 41.996 41.054 42.027 39.47  40.961 42.054 42.228 41.988 40.48  39.727 42.477 43.035 42.925] )
Neighs (x-coords) of 3394 =  [ 997 2819  608 1007 1936 2822 3397  553 2073 2074 1513] ( [39.902 40.329 37.823 38.955 38.731 38.96  38.134 40.888 41.316 40.349 40.067] )
Neighs (x-coords) of 3395 =  [1003 3402 2880 1349 3403 1927  599 1407] ( [39.694 39.629 38.645 37.507 37.477 38.79  40.999 40.794] )
Neighs (x-coords) of 3396 =  [2440  369 2645   70 1979 3404  664  846 1235] ( [60.733 60.128 60.128 62.665 62.113 62.058 62.202 64.404 64.042] )
Neighs (x-coords) of 3397 =  [2822  435 2336 2337  608 1007 1936 1513] ( [38.96  36.759 37.305 37.09  37.823 38.955 38.731 40.067] )
Neighs (x-coords) of 3398 =  [ 307 2763 2764 3427   69  372 2505  790 1498 2441 3399 1499] ( [61.429 61.003 62.279 61.324 62.338 63.49  63.149 63.249 62.342 62.456 61.537 63.779] )
Neighs (x-coords) of 3399 =  [1508 2441 3167  686 1504   69  307 2763 3398  733  790 1498] ( [62.228 62.456 60.067 58.982 59.31  62.338 61.429 61.003 62.781 61.57  63.249 62.342] )
Neighs (x-coords) of 3400 =  [1310  860 1559  878 1309 1351   68 3290 3401 1311] ( [48.676 48.336 46.756 47.815 47.258 47.871 49.703 50.88  50.178 51.227] )
Neighs (x-coords) of 3401 =  [ 769 1350 1673  860  831 1351   68 1700 3290 3400 1311 3289   91] ( [50.752 49.027 50.378 48.336 48.401 47.871 49.703 48.964 50.88  49.327 51.227 51.973 51.641] )
Neighs (x-coords) of 3402 =  [1003 3395 3403   67 3387 2791] ( [39.694 39.709 37.477 37.31  38.188 41.695] )
Neighs (x-coords) of 3403 =  [2278 1969 1347 1349 2712   67  323 3387 3032 1003 3395] ( [35.063 35.331 36.39  37.507 36.771 37.31  36.562 38.188 36.576 39.694 39.709] )
Neighs (x-coords) of 3404 =  [  70 1979 2645 3396   39] ( [62.665 62.113 60.128 62.157 60.941] )
Neighs (x-coords) of 3405 =  [  11 1666 1784  623 1785 2417 2978  893 3343  863] ( [67.832 68.13  65.794 65.82  65.203 66.417 66.229 68.238 67.975 68.001] )
Neighs (x-coords) of 3406 =  [  87 3385  170 2987 2988  111] ( [56.678 56.348 56.307 55.706 56.368 59.203] )
Neighs (x-coords) of 3407 =  [ 100 3428 1562 3338  722] ( [35.241 35.077 36.355 36.553 36.745] )
Neighs (x-coords) of 3408 =  [2545  600 1912   76 1338 2544  106 3409] ( [37.564 39.036 39.191 37.394 37.946 38.241 39.878 40.672] )
Neighs (x-coords) of 3409 =  [  60  106 3463  600 1912 3408  834 1913 2962 1372] ( [41.997 39.878 41.539 39.036 39.191 39.335 41.571 39.88  41.838 41.311] )
Neighs (x-coords) of 3410 =  [1032 2077 3413 2939  944] ( [46.503 44.875 46.821 46.27  48.538] )
Neighs (x-coords) of 3411 =  [ 105 1818 3285 3412 1705 2551  169 3277  507 1819 1270 1706] ( [51.567 54.03  50.974 51.196 51.409 51.454 51.562 52.356 53.614 53.268 53.72  51.855] )
Neighs (x-coords) of 3412 =  [ 236 3285 3454  169 3277  507 1819  105 1818 3411] ( [49.1   50.974 50.207 51.562 52.356 53.614 53.268 51.567 54.03  52.425] )
Neighs (x-coords) of 3413 =  [1966 1032 3410  961 2939  944 3070] ( [47.963 46.503 46.993 46.157 46.27  48.538 48.809] )
Neighs (x-coords) of 3414 =  [ 104 3416  998 3026 2743 1123 2067 2105 2718 1909 1037 2118] ( [46.805 46.513 44.02  44.111 45.238 48.054 46.391 47.189 48.185 46.014 47.467 46.859] )
Neighs (x-coords) of 3415 =  [ 107  731 1532 1534 3426 3214 3225 1258  559 2097 3519 3520  141 3043] ( [59.226 58.788 59.666 58.194 60.04  56.597 55.798 57.215 58.609 59.474 58.614 60.077 59.283 58.324] )
Neighs (x-coords) of 3416 =  [ 104 3414  998 3026  902 1123 2752 2753 2893 2067 2718] ( [46.805 46.306 44.02  44.111 46.351 48.054 46.543 46.152 48.356 46.391 48.185] )
Neighs (x-coords) of 3417 =  [1449  103  786 3343] ( [66.617 67.731 67.512 67.975] )
Neighs (x-coords) of 3418 =  [2929 1028 2896 3421] ( [32.93  31.232 33.157 31.087] )
Neighs (x-coords) of 3419 =  [ 102 3420 3343   11 1666] ( [70.503 70.312 67.975 67.832 68.13 ] )
Neighs (x-coords) of 3420 =  [ 102 3419  893  863 1587 1653   11] ( [70.503 70.041 68.238 68.001 69.076 68.741 67.832] )
Neighs (x-coords) of 3421 =  [1028 2896  244 2892 2929 3418] ( [31.232 33.157 31.409 32.099 32.93  31.328] )
Neighs (x-coords) of 3422 =  [ 113 3423  834 1371 1372] ( [44.037 44.582 41.571 41.535 41.311] )
Neighs (x-coords) of 3423 =  [ 113 3422  787 1363  537 2061 2062] ( [44.037 43.61  44.556 44.913 46.642 45.843 46.372] )
Neighs (x-coords) of 3424 =  [ 786 3343   62  516 2041 1449 1784 3377 3417  103  893 1460] ( [67.512 67.975 64.719 65.165 66.021 66.617 65.794 64.707 68.064 67.731 68.238 67.72 ] )
Neighs (x-coords) of 3425 =  [1042 3429 2729 2685 3390 3391 3221  313 2709 2103] ( [43.422 43.904 42.374 41.025 40.356 40.035 42.243 42.794 43.672 42.874] )
Neighs (x-coords) of 3426 =  [ 107  731 1532 1534 3415 2097 3520  141 3043 3044   83 2254 1565  479] ( [59.226 58.788 59.666 58.194 58.538 59.474 60.077 59.283 58.324 59.6   62.091 62.624 61.613 62.137] )
Neighs (x-coords) of 3427 =  [ 307 2763 2764 3398 1504 3443   23 3361  108  927 2362 2441] ( [61.429 61.003 62.279 62.781 59.31  60.041 60.146 60.183 60.978 62.235 62.434 62.456] )
Neighs (x-coords) of 3428 =  [100] ( [35.241] )
Neighs (x-coords) of 3429 =  [1042 3425 2104 2685  825 2103 2367  438] ( [43.422 42.738 42.149 41.025 43.031 42.874 46.091 45.974] )
Neighs (x-coords) of 3430 =  [2279   88 3431 2497  794 1432] ( [29.824 29.761 30.267 31.329 32.279 32.055] )
Neighs (x-coords) of 3431 =  [  88 3430  794 1432 1434 2989] ( [29.761 29.869 32.279 32.055 32.157 30.466] )
Neighs (x-coords) of 3432 =  [ 112 2021 3433  587 2020] ( [50.47  48.894 50.198 49.282 49.828] )
Neighs (x-coords) of 3433 =  [ 112 3432] ( [50.47  50.948] )
Neighs (x-coords) of 3434 =  [1039 3126 3219  915 3121  459 2183 2184] ( [39.632 39.367 37.459 39.969 40.621 41.102 40.914 40.69 ] )
Neighs (x-coords) of 3435 =  [1036 2117 3442  820  539 2265 2266] ( [51.004 48.574 50.61  47.913 50.958 51.263 50.005] )
Neighs (x-coords) of 3436 =  [ 111 2405 3444 1520  910 2454 2457  396 1646  951] ( [59.203 59.694 58.509 57.489 59.274 59.541 59.741 59.437 62.031 61.647] )
Neighs (x-coords) of 3437 =  [3219  227 2557 2558 2094 1039 3434  459] ( [37.459 39.125 39.171 38.823 39.338 39.632 39.922 41.102] )
Neighs (x-coords) of 3438 =  [ 110 3439 2272  211 3092 3093 1061] ( [46.318 46.427 44.897 48.002 48.183 47.039 45.656] )
Neighs (x-coords) of 3439 =  [ 110 3438  155 3282] ( [46.318 45.949 46.445 47.294] )
Neighs (x-coords) of 3440 =  [ 109  474  252 2811 3441 2314 1096] ( [44.221 42.078 42.607 43.076 44.535 42.518 45.971] )
Neighs (x-coords) of 3441 =  [2811  109 3440 1077 2531] ( [43.076 44.221 44.112 46.37  46.408] )
Neighs (x-coords) of 3442 =  [1036 2117 3435  820 1766  673  758 3307 3148 2411   93] ( [51.004 48.574 50.295 47.913 49.54  49.752 49.49  51.185 49.271 51.945 51.763] )
Neighs (x-coords) of 3443 =  [ 880  895 1504 1625 1318 3259   23 1627 3361  149 3258  307 2763 3427] ( [58.17  58.229 59.31  57.559 58.904 60.374 60.146 58.398 60.183 61.105 61.891 61.429 61.003 61.324] )
Neighs (x-coords) of 3444 =  [ 111 3436 1492 1520   87 3385 3406  919  942 3499] ( [59.203 59.416 57.312 57.489 56.678 56.348 57.295 57.814 59.575 60.351] )
Neighs (x-coords) of 3445 =  [2912 3521  179 3288 3138 3585 1107 1098 3602] ( [40.3   41.51  38.847 38.191 39.276 40.202 40.201 39.863 39.426] )
Neighs (x-coords) of 3446 =  [ 449    6 2459 3564 1620  751  925] ( [31.906 32.315 31.543 31.939 34.266 34.155 33.992] )
Neighs (x-coords) of 3447 =  [1020 3549 2894  243 1109 1283  779 1306 2090] ( [57.587 58.353 55.951 55.793 59.011 58.552 57.981 58.264 60.297] )
Neighs (x-coords) of 3448 =  [ 787 1363 1435  834 1372   60 3409 3463] ( [44.556 44.913 45.234 41.571 41.311 41.997 40.672 41.539] )
Neighs (x-coords) of 3449 =  [  36 3476  114 3450 3275 1563 2337  158 1944 3274] ( [33.855 33.13  34.748 34.535 37.588 36.813 37.09  37.427 37.29  37.881] )
Neighs (x-coords) of 3450 =  [ 114 3476 1045 2119   36 3449 3338] ( [34.748 33.13  34.482 33.947 33.855 35.656 36.553] )
Neighs (x-coords) of 3451 =  [1071 2588 2715 3454  104 2105 1037 3025  359 2389 2451  344] ( [49.562 50.706 48.709 50.207 46.805 47.189 47.467 50.515 49.012 48.814 49.974 51.573] )
Neighs (x-coords) of 3452 =  [ 226 2295  509 2322 1154 3155 2333 3453] ( [55.686 53.117 53.062 52.309 55.309 54.611 55.477 55.748] )
Neighs (x-coords) of 3453 =  [2333 1154  226 3452  390] ( [55.477 55.309 55.686 54.821 57.857] )
Neighs (x-coords) of 3454 =  [1071 2588 2715 3451 2952 1037 3285  236 3412  344 2590 2533   80] ( [49.562 50.706 48.709 49.42  48.205 47.467 50.974 49.1   51.196 51.573 51.531 52.529 52.124] )
Neighs (x-coords) of 3455 =  [ 116 3456  700 1378 1379  932 2378 1106 1132 2778 2781 1297  788] ( [53.002 53.358 51.03  50.709 50.387 50.746 50.746 53.091 53.123 52.655 54.031 54.74  55.101] )
Neighs (x-coords) of 3456 =  [ 116 3455 2781 1886  439 2365  578 1888 1297  788 1293 1735] ( [53.002 52.863 54.031 52.356 52.018 52.562 52.598 53.062 54.74  55.101 54.688 55.066] )
Neighs (x-coords) of 3457 =  [ 115 1337 3458 1525 2681  141 3043 3044] ( [57.836 58.805 57.414 57.205 56.678 59.283 58.324 59.6  ] )
Neighs (x-coords) of 3458 =  [1258 3231 1079 1253 1525  334 2681 2688  141 3043 3044  115 1337] ( [57.215 54.96  57.091 56.449 57.205 55.964 56.678 56.253 59.283 58.324 59.6   57.836 58.805] )
Neighs (x-coords) of 3459 =  [2760 3484 3352 3462  194 3474  652 1985  310 2747 1001] ( [48.306 46.337 44.304 45.151 46.638 45.822 48.031 47.756 46.415 46.909 46.112] )
Neighs (x-coords) of 3460 =  [1259  195 3461  607 1939 1726 1487 1112 1590  753 1940 3139] ( [60.092 57.431 56.579 56.716 56.289 56.884 58.657 59.291 59.819 59.    57.615 58.387] )
Neighs (x-coords) of 3461 =  [ 195 2800 2347  294  335 2680  607 1939  630 1726 3460] ( [57.431 56.405 53.977 56.437 55.37  55.782 56.716 56.289 56.498 56.884 58.067] )
Neighs (x-coords) of 3462 =  [3601 3065   27 3352 3459  310 1001] ( [42.872 43.684 44.149 44.304 46.386 46.415 46.112] )
Neighs (x-coords) of 3463 =  [  60  106 3409  834 1372  447 2463 2464] ( [41.997 39.878 40.672 41.571 41.311 41.223 40.342 41.497] )
Neighs (x-coords) of 3464 =  [1068 3603   12 3546 3554 2349] ( [38.948 39.11  37.718 37.895 38.389 39.421] )
Neighs (x-coords) of 3465 =  [  33 3466  992 1535  424 1703  987 2997 1254 2481 1143 3187  811] ( [40.731 41.058 38.247 38.52  38.888 40.166 40.893 41.432 42.374 39.534 41.538 41.126 42.512] )
Neighs (x-coords) of 3466 =  [  33 3465 1535 2257 3147 3203 1143 3170 3187  347] ( [40.731 40.482 38.52  39.267 42.277 41.939 41.538 42.413 41.126 43.042] )
Neighs (x-coords) of 3467 =  [  39 3468   70 3404 1715] ( [60.941 60.417 62.665 62.058 61.01 ] )
Neighs (x-coords) of 3468 =  [ 199  782 1255 3051 1687 1712  770   39 3467] ( [58.011 60.292 59.989 58.242 59.953 59.831 59.485 60.941 61.846] )
Neighs (x-coords) of 3469 =  [3572   57  768 1063 1496 3504 1622] ( [45.269 44.6   48.218 46.537 48.217 46.165 49.964] )
Neighs (x-coords) of 3470 =  [ 228 2553 3165   38  642 1842 1843 3566 3471] ( [60.166 59.292 59.075 60.258 57.98  58.271 58.469 58.101 61.017] )
Neighs (x-coords) of 3471 =  [2690 3319   38 3165 3470   95 2532] ( [62.501 62.477 60.258 59.075 59.887 63.151 60.754] )
Neighs (x-coords) of 3472 =  [3054   37 3473] ( [58.999 57.435 56.595] )
Neighs (x-coords) of 3473 =  [  37 1017 2535] ( [57.435 54.825 54.654] )
Neighs (x-coords) of 3474 =  [ 194 2044 2102 1302    2 1280   94 3320  524 1985 2155 3459] ( [46.638 47.961 46.408 43.778 43.794 44.159 45.692 46.283 45.5   47.756 45.584 46.386] )
Neighs (x-coords) of 3475 =  [  41 1065 3477  357 2595 1996 3582   23 2594  399 2479 3362  731 1532] ( [57.597 58.612 59.306 57.117 56.521 56.075 57.067 60.146 57.99  58.919 58.14  60.035 58.788 59.666] )
Neighs (x-coords) of 3476 =  [ 114 3450   36 3449] ( [34.748 34.535 33.855 35.656] )
Neighs (x-coords) of 3477 =  [  41 1065 3475 3582   23 2594 3361 1680  870 1679 3362 3526 1532 2602] ( [57.597 58.612 58.188 57.067 60.146 57.99  60.183 58.999 59.674 60.134 60.035 58.396 59.666 62.054] )
Neighs (x-coords) of 3478 =  [  35 3479  794 1434  746 3205 1589 1827] ( [34.309 33.756 32.279 32.157 31.536 32.449 35.992 34.787] )
Neighs (x-coords) of 3479 =  [  35 3478  746 3205  337 2672 1543 1589 2357] ( [34.309 33.898 31.536 32.449 31.782 31.469 33.065 35.992 34.709] )
Neighs (x-coords) of 3480 =  [  34  983 1142 3175 2867 3481  412] ( [46.564 45.243 42.96  43.465 45.605 46.354 46.737] )
Neighs (x-coords) of 3481 =  [2727  983 3321 2867 2717   34 3480 1737 2326] ( [48.354 45.243 45.103 45.605 47.016 46.564 45.809 48.289 45.466] )
Neighs (x-coords) of 3482 =  [ 191 3511 3512 1068 3464 3603  430 2361 2349   51] ( [41.597 41.874 42.03  38.948 38.078 39.11  39.601 39.76  39.421 39.604] )
Neighs (x-coords) of 3483 =  [  36 1073 3476  658 1952] ( [33.855 32.408 33.13  32.35  33.142] )
Neighs (x-coords) of 3484 =  [2760 3459 2325 1280  194 2044 3474   94 2059 3320 1278 1001] ( [48.306 46.386 45.381 44.159 46.638 47.961 45.822 45.692 48.471 46.283 45.566 46.112] )
Neighs (x-coords) of 3485 =  [ 193 1685 2751 3486  423 2488 2487 1412 1251  305] ( [37.108 38.829 39.285 37.073 34.757 35.226 35.037 37.414 37.102 40.061] )
Neighs (x-coords) of 3486 =  [ 193 1685 3485 2488  405 2422  406 2420] ( [37.108 38.829 37.12  35.226 35.956 35.798 36.173 36.975] )
Neighs (x-coords) of 3487 =  [3488  548 2280   30  197 3364   25  407 1046 2418  358] ( [46.258 48.066 47.593 45.686 46.725 47.556 46.676 49.674 49.933 49.077 49.739] )
Neighs (x-coords) of 3488 =  [3487  921 2425 2430  457 2189  548 2280   30] ( [47.641 44.651 44.208 44.616 45.339 45.366 48.066 47.593 45.686] )
Neighs (x-coords) of 3489 =  [ 185  871 1555  723 1566 1568 1085  995 3490 1588  538  387 2086 2624  131 3038] ( [53.054 53.933 51.167 50.842 50.691 50.845 51.344 54.476 52.595 54.322 53.533 52.951 53.635 53.276 55.237 55.203] )
Neighs (x-coords) of 3490 =  [ 995 1550 1675 2472 2701  687 1555  723 1566 1568  263 2871  185 3489  131] ( [54.476 53.974 51.715 51.387 51.48  51.384 51.167 50.842 50.691 50.845 54.225 53.649 53.054 53.062 55.237] )
Neighs (x-coords) of 3491 =  [ 939 1099 2922  867 1669 1681 1999 2925 3495  728 1585] ( [55.439 55.47  55.07  53.453 53.242 53.811 55.271 56.105 55.25  58.275 58.401] )
Neighs (x-coords) of 3492 =  [ 183  253 2810 1628 2317 2769 3372] ( [51.335 48.166 48.344 49.118 50.778 48.785 50.41 ] )
Neighs (x-coords) of 3493 =  [2000 2317  183 3492 1027  654 1959] ( [53.762 50.778 51.335 50.495 53.684 53.722 52.907] )
Neighs (x-coords) of 3494 =  [ 936 3506 2565 3369   83 2254 2566 1009 1450   65] ( [65.761 65.944 62.586 63.562 62.091 62.624 62.769 64.574 64.984 64.058] )
Neighs (x-coords) of 3495 =  [1960  867 1669 1681 1999  939 3491  483 1855] ( [54.342 53.453 53.242 53.811 55.271 55.439 56.153 54.55  54.952] )
Neighs (x-coords) of 3496 =  [ 718 1485 1486  841 1369  225 3545 1397 1404  182 3503  231 2966 3055] ( [37.066 36.587 37.977 34.835 35.233 36.112 35.983 34.959 35.203 37.168 37.382 39.03  38.862 36.58 ] )
Neighs (x-coords) of 3497 =  [ 181 3498 3499 3502 3213  166] ( [61.759 61.297 60.351 59.636 61.552 62.167] )
Neighs (x-coords) of 3498 =  [ 181 3497  942 3499 3502  166] ( [61.759 62.458 59.575 60.351 59.636 62.167] )
Neighs (x-coords) of 3499 =  [ 919  942 3502 3444 1646  181 3497 3498] ( [57.814 59.575 59.636 58.509 62.031 61.759 62.458 61.297] )
Neighs (x-coords) of 3500 =  [ 180 3501 2584 1630 2823  266  468  346 1339  544 2290] ( [53.557 52.937 54.214 53.512 54.081 54.348 52.819 54.841 57.281 56.367 56.294] )
Neighs (x-coords) of 3501 =  [ 180 3500  314 2584 2696 1630  468 2256] ( [53.557 54.41  51.732 54.214 52.2   53.512 52.819 52.388] )
Neighs (x-coords) of 3502 =  [2151  942 3499 3444  181 3497 3498] ( [57.744 59.575 60.351 58.509 61.759 62.458 61.297] )
Neighs (x-coords) of 3503 =  [ 182 1136 2765 1078  841 1369 3545 1397 2762 1758  231 2966 3496 3141] ( [37.168 37.604 38.362 35.945 34.835 35.233 35.983 34.959 36.909 38.144 39.03  38.862 37.07  39.815] )
Neighs (x-coords) of 3504 =  [1063 1496 3571 3572   57 1246 3469  768] ( [46.537 48.217 44.163 45.269 44.6   44.697 47.036 48.218] )
Neighs (x-coords) of 3505 =  [ 186 3514  956 1440 2486 3233] ( [64.604 65.09  61.584 62.963 63.324 61.261] )
Neighs (x-coords) of 3506 =  [ 936 3494 3369 1450   65 3368   16] ( [65.761 64.859 63.562 64.984 64.058 63.828 67.254] )
Neighs (x-coords) of 3507 =  [ 291  930 2806 2807 3510 3253 1949 1675  538 2087  595  647 1748] ( [52.705 52.574 52.464 53.67  52.675 50.61  52.055 51.715 53.533 52.907 55.358 55.234 54.705] )
Neighs (x-coords) of 3508 =  [ 192 3311 3509] ( [57.009 54.413 56.92 ] )
Neighs (x-coords) of 3509 =  [2786  282 2812 2813  192 3508 1108 2730] ( [55.463 56.914 56.109 57.269 57.009 56.324 56.331 56.416] )
Neighs (x-coords) of 3510 =  [ 930 2806 3507  151 3253  538 2087] ( [52.574 52.464 53.021 49.958 50.61  53.533 52.907] )
Neighs (x-coords) of 3511 =  [ 191 3482 3512 2349  589 2017  965 2032 1115 3191] ( [41.597 39.537 42.03  39.421 43.1   42.688 42.549 42.817 44.145 44.366] )
Neighs (x-coords) of 3512 =  [ 191 3482 3511 2962 2196 2215  965 1115 3191 3194  969 1312] ( [41.597 39.537 41.874 41.838 39.784 40.615 42.549 44.145 44.366 43.925 42.56  44.097] )
Neighs (x-coords) of 3513 =  [ 145  190 3515 1000 2593 1654 2492 3186  926 1392] ( [43.235 44.902 45.423 42.239 41.72  45.078 42.876 43.452 45.599 46.825] )
Neighs (x-coords) of 3514 =  [  15  186 3505 3559] ( [66.121 64.604 63.863 66.381] )
Neighs (x-coords) of 3515 =  [ 145  190 3513  926 1392 3516 1659 3517] ( [43.235 44.902 44.243 45.599 46.825 46.939 45.949 45.52 ] )
Neighs (x-coords) of 3516 =  [3515  159 1659 3271 3272 3517  189  678 2162] ( [45.423 47.601 45.949 47.913 46.925 45.52  46.3   48.447 48.491] )
Neighs (x-coords) of 3517 =  [ 145 3515 3149 3186 3516 1659] ( [43.235 45.423 43.424 43.452 46.939 45.949] )
Neighs (x-coords) of 3518 =  [ 933 3523  387 2623  543] ( [51.306 50.467 52.951 52.252 54.225] )
Neighs (x-coords) of 3519 =  [ 188 3066 3520 1258 1079  224 3059  107 3415] ( [59.502 58.094 60.077 57.215 57.091 58.789 59.503 59.226 58.538] )
Neighs (x-coords) of 3520 =  [ 188 3519 3059  107 3415 3426 1479 1565] ( [59.502 58.614 59.503 59.226 58.538 60.04  61.254 61.613] )
Neighs (x-coords) of 3521 =  [2912 3445 3138 2729 3522  187 1107 3112 3135 2639  368  624 1782] ( [40.3   39.691 39.276 42.374 40.828 41.235 40.201 42.274 40.59  43.543 42.951 43.588 44.113] )
Neighs (x-coords) of 3522 =  [ 120  251 2334 2913 3128  415 2436 2912 3521  187 1107 2437 2639  368] ( [42.323 40.068 39.598 40.153 41.684 40.201 39.476 40.3   41.51  41.235 40.201 39.848 43.543 42.951] )
Neighs (x-coords) of 3523 =  [ 933 2106 2623] ( [51.306 50.605 52.252] )
Neighs (x-coords) of 3524 =  [  40 3525  240  123 2903 3020 1444] ( [50.288 49.494 48.424 49.751 49.179 49.428 53.141] )
Neighs (x-coords) of 3525 =  [  40 3524  240  594 1876 2903] ( [50.288 50.715 48.424 47.612 48.072 49.179] )
Neighs (x-coords) of 3526 =  [ 224 3059 2323 3582 1850  477 1679   41 1065 3477 1534] ( [58.789 59.503 56.805 57.067 55.78  57.718 60.134 57.597 58.612 59.306 58.194] )
Neighs (x-coords) of 3527 =  [ 184 1945 3381 3534   13 1537 3037 1139 3031 2098  576 3085] ( [51.341 51.49  49.637 50.074 50.401 50.419 49.257 53.709 51.722 51.745 52.243 51.621] )
Neighs (x-coords) of 3528 =  [  14 3529] ( [57.383 56.934] )
Neighs (x-coords) of 3529 =  [  14 3528  923 1468  911] ( [57.383 56.684 56.926 56.948 58.138] )
Neighs (x-coords) of 3530 =  [ 807 1082 1422 3533  404 2426 2427 1055 2632 2646  767] ( [58.989 59.784 58.143 60.432 56.829 56.626 56.753 58.375 57.825 59.271 59.313] )
Neighs (x-coords) of 3531 =  [  18 1345  271 2828 2829 3532  606] ( [64.961 63.53  65.881 66.321 66.389 64.853 65.279] )
Neighs (x-coords) of 3532 =  [ 271 1341 2828 2829 1040 1345 1088 1234   18 3531  606  977] ( [65.881 63.691 66.321 66.389 63.018 63.53  62.679 62.807 64.961 65.42  65.279 67.743] )
Neighs (x-coords) of 3533 =  [ 807 1082 3530 2646  767 1515 1519  206] ( [58.989 59.784 58.937 59.271 59.313 59.981 59.366 61.478] )
Neighs (x-coords) of 3534 =  [ 154 3268  240 3284   43 2902 3576   13 2903 3527  990 3031] ( [48.999 49.433 48.424 48.068 47.368 47.723 48.116 50.401 49.179 50.98  51.522 51.722] )
Neighs (x-coords) of 3535 =  [ 649 1770 3120   30  197 3543 3357   25  532] ( [43.6   43.899 43.173 45.686 46.725 45.761 46.129 46.676 45.55 ] )
Neighs (x-coords) of 3536 =  [  44 2817 3537  863 1653 1666] ( [69.005 67.344 68.374 68.001 68.741 68.13 ] )
Neighs (x-coords) of 3537 =  [  44 2817 3536  258  268 2884  984 2975 1653 1666  331 2671 1116 2885] ( [69.005 67.344 69.68  66.396 66.392 66.12  66.589 66.077 68.741 68.13  68.359 68.109 69.412 66.861] )
Neighs (x-coords) of 3538 =  [1086 2493 2268 3541  506] ( [49.668 49.51  47.2   49.355 52.593] )
Neighs (x-coords) of 3539 =  [  31  285 2698 1680  870 2837 3540 2069] ( [60.162 60.501 59.673 58.999 59.674 62.284 60.886 62.024] )
Neighs (x-coords) of 3540 =  [ 955 2834 2837  851 1610   31  285 3539 1269 1830] ( [62.904 63.442 62.284 59.33  60.056 60.162 60.501 60.046 61.204 62.055] )
Neighs (x-coords) of 3541 =  [ 510 2268 1086] ( [46.869 47.2   49.668] )
Neighs (x-coords) of 3542 =  [  56 3544  870 1679 3550] ( [61.441 61.612 59.674 60.134 62.751] )
Neighs (x-coords) of 3543 =  [  30  649 1770 3535 1038  796 1441 3294 1439 2173] ( [45.686 43.6   43.899 45.418 45.491 47.266 46.526 45.974 47.767 45.96 ] )
Neighs (x-coords) of 3544 =  [  56 1569 3542 1679 3059 2565  982 1565] ( [61.441 63.007 61.673 60.134 59.503 62.586 62.525 61.613] )
Neighs (x-coords) of 3545 =  [ 865 1661 1078 3562  841 1369 1397 1758 3094  182 3503 1485] ( [35.619 36.284 35.945 35.019 34.835 35.233 34.959 38.144 36.717 37.168 37.382 36.587] )
Neighs (x-coords) of 3546 =  [  12 3554  783 1398 1421 2384 1068 3464   76 2544 2474  455 2196] ( [37.718 38.389 36.015 35.803 35.556 35.543 38.948 38.078 37.394 38.241 37.818 39.867 39.784] )
Neighs (x-coords) of 3547 =  [2886  564 1861    7 3548 1860 1262 2668 1066] ( [44.104 42.346 42.317 44.206 43.786 42.561 46.75  46.237 46.33 ] )
Neighs (x-coords) of 3548 =  [   7  564 1861 1860 3547] ( [44.206 42.346 42.317 42.561 44.853] )
Neighs (x-coords) of 3549 =  [1020 3447  332 2687 1109 1283] ( [57.587 57.829 56.393 56.701 59.011 58.552] )
Neighs (x-coords) of 3550 =  [ 904 1516 3551  954   56 3542 2011  620] ( [63.011 60.951 62.781 60.809 61.441 61.673 64.964 64.941] )
Neighs (x-coords) of 3551 =  [ 904 1516 3550  954 2860 1482] ( [63.011 60.951 62.751 60.809 62.651 60.896] )
Neighs (x-coords) of 3552 =  [   8 3553 2559 2578 1011 1809 2478  274 2840 3334 1811] ( [34.744 33.936 32.616 32.572 36.276 36.242 34.526 34.1   34.761 36.538 37.152] )
Neighs (x-coords) of 3553 =  [   8 3552  348 1049 2559 2578 1354 2369 1809 2100  274 2840] ( [34.744 34.875 32.024 31.71  32.616 32.572 32.256 33.382 36.242 34.432 34.1   34.761] )
Neighs (x-coords) of 3554 =  [  12 3546 1068 3464  401 2474 2475 2802  455 2196] ( [37.718 37.895 38.948 38.078 37.761 37.818 36.849 38.129 39.867 39.784] )
Neighs (x-coords) of 3555 =  [1050 1689 3345 3557  752 3142 1418] ( [41.3   40.133 38.976 40.828 40.389 40.659 43.35 ] )
Neighs (x-coords) of 3556 =  [   9 3563  583 1989 1990 1822 3244 1041 2113] ( [37.674 37.891 34.535 35.485 34.472 39.309 37.652 38.775 38.591] )
Neighs (x-coords) of 3557 =  [  99 3345  650 1757 2126 1050 3555  622  752 3141] ( [38.342 38.976 38.747 38.213 40.501 41.3   41.173 39.74  40.389 39.815] )
Neighs (x-coords) of 3558 =  [ 671 1868   15 3559] ( [63.801 64.073 66.121 66.381] )
Neighs (x-coords) of 3559 =  [  15  186 3514 3558] ( [66.121 64.604 65.09  65.818] )
Neighs (x-coords) of 3560 =  [  10 1303 3561  152 3250 2779  892 1302  321 2716 2717] ( [44.48  42.981 44.068 44.51  44.934 44.981 43.82  43.778 47.177 46.994 47.016] )
Neighs (x-coords) of 3561 =  [  10 1303 3560 1067 2174 2574 2779  892 1302] ( [44.48  42.981 45.193 42.662 44.884 42.9   44.981 43.82  43.778] )
Neighs (x-coords) of 3562 =  [ 656 1078 1955 1956  267 2820 2821  841 1369 1389 3545] ( [35.165 35.945 34.442 35.679 32.561 33.122 32.399 34.835 35.233 34.854 35.983] )
Neighs (x-coords) of 3563 =  [   9 3556  666 1975 1983 1822 3244  495 1821] ( [37.674 37.128 38.456 37.977 39.37  39.309 37.652 39.626 40.054] )
Neighs (x-coords) of 3564 =  [   6 2459  449 3446 1620] ( [32.315 31.543 31.906 32.411 34.266] )
Neighs (x-coords) of 3565 =  [2056   55 1919 2057] ( [36.422 36.606 36.744 37.78 ] )
Neighs (x-coords) of 3566 =  [ 527 2147 2148  119 3129  868 1671 1091 1547 3589 2553] ( [59.798 59.331 59.964 56.88  57.008 56.698 55.842 57.32  55.34  57.318 59.292] )
Neighs (x-coords) of 3567 =  [  47 3574 1121 1538  293 1542  714 2079 2808  326 2665] ( [51.939 52.263 50.57  51.112 51.138 50.271 50.574 53.566 51.949 53.208 52.532] )
Neighs (x-coords) of 3568 =  [  46 1731 2979 2980  138 1490 1733  209] ( [48.099 48.153 50.532 50.665 50.623 48.842 48.699 48.962] )
Neighs (x-coords) of 3569 =  [ 209 1141 2738 2741 3106   46 3568 3099 2204 2979  138 1490  712 1491] ( [48.962 51.291 51.26  51.446 49.633 48.099 48.387 48.129 46.544 50.532 50.623 48.842 49.428 48.825] )
Neighs (x-coords) of 3570 =  [1054 3002 3573  723  944 1568 3070 1982 2107 3073] ( [50.882 48.937 51.292 50.842 48.538 50.845 48.809 49.365 51.157 49.021] )
Neighs (x-coords) of 3571 =  [1717 3572  633 1732  725   57  742 3176 2637 1241] ( [42.925 45.269 42.054 42.228 44.538 44.6   42.524 43.185 46.018 45.762] )
Neighs (x-coords) of 3572 =  [3571   57  353 2636 2637 3469 1241 1063] ( [44.163 44.6   46.949 46.959 46.018 47.036 45.762 46.537] )
Neighs (x-coords) of 3573 =  [ 172 1054 3002 3570 3003 1899 2858] ( [48.734 50.882 48.937 50.897 49.201 53.642 51.544] )
Neighs (x-coords) of 3574 =  [  47  319 2721 3567 1121 1542 2969 2064  557] ( [51.939 54.202 53.751 51.708 50.57  50.271 52.054 52.674 53.597] )
Neighs (x-coords) of 3575 =  [  45  632 1719   48 2132 2581 2878 3583 3594 2971 3586 2972] ( [46.677 48.288 47.837 45.365 44.184 43.98  45.623 47.24  45.959 46.134 45.475 45.998] )
Neighs (x-coords) of 3576 =  [  43 2902 3577  353 2636  996 3291 3534   13  123 2903 3020 3019] ( [47.368 47.723 46.643 46.949 46.959 48.377 46.131 50.074 50.401 49.751 49.179 49.428 49.168] )
Neighs (x-coords) of 3577 =  [  43 2902 3576  725 1574 1575  353 2636 2637 2190] ( [47.368 47.723 48.116 44.538 44.758 44.817 46.949 46.959 46.018 45.554] )
Neighs (x-coords) of 3578 =  [1059 3581 2999  201 1398  572 1895 1896 2774] ( [34.451 35.414 32.432 32.992 35.803 35.824 34.927 35.76  33.485] )
Neighs (x-coords) of 3579 =  [ 347 2589 1254 2581  811 1257 1333   42 3580 3586  465 2203] ( [43.042 43.035 42.374 43.98  42.512 43.136 43.948 44.321 44.181 45.475 46.563 46.568] )
Neighs (x-coords) of 3580 =  [  42  272 2846 1254 1143 3170  811 1257 3579 1947  465] ( [44.321 45.378 44.504 42.374 41.538 42.413 42.512 43.136 44.425 44.897 46.563] )
Neighs (x-coords) of 3581 =  [1059 3578  201 1896 1011 2775 1153 1423] ( [34.451 34.284 32.992 35.76  36.276 34.784 37.223 37.666] )
Neighs (x-coords) of 3582 =  [1996 2323  566 1850 1866  477   41 1065 3475 3477 3526] ( [56.075 56.805 55.52  55.78  55.209 57.718 57.597 58.612 58.188 59.306 58.396] )
Neighs (x-coords) of 3583 =  [3594   48   45  632 3575 3586  333 2203 2684  628 1490 1733] ( [45.959 45.365 46.677 48.288 46.226 45.475 48.364 46.568 47.649 48.607 48.842 48.699] )
Neighs (x-coords) of 3584 =  [1637 3565 2056   55 1465 2057 1917  598] ( [38.814 35.675 36.422 36.606 39.26  37.78  37.859 38.521] )
Neighs (x-coords) of 3585 =  [2685 3391  179 3064 1101 2912 3445 1098 3220 3221 3602] ( [41.025 40.035 38.847 37.44  40.291 40.3   39.691 39.863 41.455 42.243 39.426] )
Neighs (x-coords) of 3586 =  [  48 2581 1257 3579 3583 3594   45 3575] ( [45.365 43.98  43.136 44.425 47.24  45.959 46.677 46.226] )
Neighs (x-coords) of 3587 =  [ 640 1792 1858   95  733  790 1498 1508 3319   54 3588 3318  757 1499] ( [65.579 64.681 65.513 63.151 61.57  63.249 62.342 62.228 62.477 63.295 62.547 63.841 66.093 63.779] )
Neighs (x-coords) of 3588 =  [  54 2532   95  733  790 1508 3471 1505  508 3598 1792] ( [63.295 60.754 63.151 61.57  63.249 62.228 61.017 60.791 63.563 62.563 64.681] )
Neighs (x-coords) of 3589 =  [ 595 1091 1547  995  119 3129 1922  131  527 2147 2148 3566] ( [55.358 57.32  55.34  54.476 56.88  57.008 56.008 55.237 59.798 59.331 59.964 58.101] )
Neighs (x-coords) of 3590 =  [  53  305  885 2759 3591 2577 1307] ( [42.265 40.061 40.932 39.755 42.341 42.105 41.473] )
Neighs (x-coords) of 3591 =  [  53  305  885 2759 3590 1307  245 2909 1689 2574 2625] ( [42.265 40.061 40.932 39.755 42.266 41.473 41.108 42.069 40.133 42.9   44.163] )
Neighs (x-coords) of 3592 =  [  52 1698  427 2397 1000 2219 3593 2593  862 1684] ( [40.06  42.114 39.922 40.84  42.239 40.374 39.588 41.72  42.624 42.659] )
Neighs (x-coords) of 3593 =  [ 503 1000 2219 2218  427 2397 2398   52 3592] ( [40.015 42.239 40.374 39.059 39.922 40.84  39.416 40.06  40.816] )
Neighs (x-coords) of 3594 =  [2873 3583   48 1731   45 3575 3586  628] ( [47.465 47.24  45.365 48.153 46.677 46.226 45.475 48.607] )
Neighs (x-coords) of 3595 =  [ 920 2007 1095 3098 2022 3597  385] ( [37.082 38.983 36.283 36.302 36.855 36.392 37.117] )
Neighs (x-coords) of 3596 =  [  51 3324 3603 3316 3482] ( [39.604 41.512 39.11  40.594 39.537] )
Neighs (x-coords) of 3597 =  [2420  406 1095 3098  656 1955 1956 2022  920 2007] ( [36.975 36.173 36.283 36.302 35.165 34.442 35.679 36.855 37.082 38.983] )
Neighs (x-coords) of 3598 =  [  50  950 2990  228   54 2532 3588 3599 2993] ( [62.669 62.52  63.477 60.166 63.295 60.754 62.547 61.785 62.418] )
Neighs (x-coords) of 3599 =  [ 228  527 2147 2148 2532   50  950] ( [60.166 59.798 59.331 59.964 60.754 62.669 62.52 ] )
Neighs (x-coords) of 3600 =  [   2 3601   49  135 3008 2158   17  531 2159 1633   27] ( [43.794 42.872 42.188 40.243 40.81  42.147 41.873 41.478 41.966 43.203 44.149] )
Neighs (x-coords) of 3601 =  [   2 3600   49  139 2976 2977   17  704  908 1280 3065   27 3352] ( [43.794 42.682 42.188 40.948 41.103 40.192 41.873 43.323 42.997 44.159 43.684 44.149 44.304] )
Neighs (x-coords) of 3602 =  [1098 3220 3221  179 1918  222 1917 3064  598 3585 3445] ( [39.863 41.455 42.243 38.847 38.096 36.858 37.859 37.44  38.521 40.202 39.691] )
Neighs (x-coords) of 3603 =  [1068 3464   97 3482   51] ( [38.948 38.078 38.762 39.537 39.604] )
Neighs (x-coords) of 3604 =  [ 452 2521  382 3154 1823  889] ( [48.164 45.569 44.906 47.517 47.86  47.061] )
