Neighs (x-coords) of 0 =  [527 534 421 414 415 424 425 459 430] ( [25.933 25.544 24.783 25.819 26.938 26.467 27.174 27.277 27.404] )
Neighs (x-coords) of 1 =  [  8  18 826 825 827  19 841   9 880 881  35   7 828 829 830 854] ( [51.396 53.656 51.399 50.789 50.932 53.951 53.863 53.482 53.428 52.961 53.983 52.771 52.167 52.316 53.769 54.528] )
Neighs (x-coords) of 2 =  [ 33  19 841   3  29  32] ( [54.373 53.951 53.863 55.338 55.954 54.372] )
Neighs (x-coords) of 3 =  [ 29  31 846   2  33  27] ( [55.954 55.297 54.208 54.804 54.373 57.297] )
Neighs (x-coords) of 4 =  [ 16  34  35 833 851   6 834 838 835 837 840   5] ( [53.588 53.964 53.983 52.072 51.624 52.546 52.536 52.314 53.621 55.626 54.345 54.85 ] )
Neighs (x-coords) of 5 =  [852 853 836   4  16  34   6 834 838 835 842] ( [55.246 54.617 52.922 52.912 53.588 53.964 52.546 52.536 52.314 53.621 54.722] )
Neighs (x-coords) of 6 =  [834 838 836   4  16  34 833 851  32 842   5 852] ( [52.536 52.314 52.922 52.912 53.588 53.964 52.072 51.624 54.372 54.722 54.85  55.246] )
Neighs (x-coords) of 7 =  [828 829 830 825 827   9 881   1   8  18  35 854] ( [52.167 52.316 53.769 50.789 50.932 53.482 52.961 52.838 51.396 53.656 53.983 54.528] )
Neighs (x-coords) of 8 =  [  1  18 826 825 827   9 880 881   7 828] ( [52.838 53.656 51.399 50.789 50.932 53.482 53.428 52.961 52.771 52.167] )
Neighs (x-coords) of 9 =  [880 881 825 841   1   8  18 826   7 828 830] ( [53.428 52.961 50.789 53.863 52.838 51.396 53.656 51.399 52.771 52.167 53.769] )
Neighs (x-coords) of 10 =  [ 26  27 848  28 847  37] ( [58.023 57.297 57.799 57.394 57.995 61.852] )
Neighs (x-coords) of 11 =  [ 10  26  17  37 876  15] ( [59.303 58.023 62.562 61.852 62.096 62.484] )
Neighs (x-coords) of 12 =  [878  17  37  15  14 249  13] ( [65.505 62.562 61.852 62.484 63.823 64.334 63.837] )
Neighs (x-coords) of 13 =  [153 294  17  37  15 877  12 878] ( [64.442 64.997 62.562 61.852 62.484 61.921 64.473 65.505] )
Neighs (x-coords) of 14 =  [249  17  37 876  15 250  12 878] ( [64.334 62.562 61.852 62.096 62.484 64.746 64.473 65.505] )
Neighs (x-coords) of 15 =  [877  17  37  11  12  14  13] ( [61.921 62.562 61.852 60.578 64.473 63.823 63.837] )
Neighs (x-coords) of 16 =  [  4  34  35 833 851 836   6 834 838 835  32 842 837 840   5 852] ( [52.912 53.964 53.983 52.072 51.624 52.922 52.546 52.536 52.314 53.621 54.372 54.722 55.626 54.345 54.85  55.246] )
Neighs (x-coords) of 17 =  [ 37 876  15  11  12  14 249] ( [61.852 62.096 62.484 60.578 64.473 63.823 64.334] )
Neighs (x-coords) of 18 =  [  1   8 826 827  19 841   9 880  34  35   7 829 830  33  32 854] ( [52.838 51.396 51.399 50.932 53.951 53.863 53.482 53.428 53.964 53.983 52.771 52.316 53.769 54.373 54.372 54.528] )
Neighs (x-coords) of 19 =  [841 880   1  18 826  34  35   2  33] ( [53.863 53.428 52.838 53.656 51.399 53.964 53.983 54.804 54.373] )
Neighs (x-coords) of 20 =  [124 126 683 695  22 687 700 684 688  21  76 673] ( [53.273 53.009 51.195 52.491 50.554 49.684 51.059 50.552 50.276 51.911 51.736 52.814] )
Neighs (x-coords) of 21 =  [ 76 128 672 673 686  22 687 700 684 883  20 126] ( [51.736 53.925 51.972 52.814 50.827 50.554 49.684 51.059 50.552 53.558 51.419 53.009] )
Neighs (x-coords) of 22 =  [687 700 686 684 688  21  76 672  20 126] ( [49.684 51.059 50.827 50.552 50.276 51.911 51.736 51.972 51.419 53.009] )
Neighs (x-coords) of 23 =  [678 679 762 822  25  75 129 677 693  24 674] ( [58.006 57.93  55.241 56.687 55.861 56.398 55.261 56.728 56.591 57.205 57.942] )
Neighs (x-coords) of 24 =  [674 676 822 675 763  25  75 129 693  23 678] ( [57.942 57.733 56.687 56.537 55.275 55.861 56.398 55.261 56.591 57.326 58.006] )
Neighs (x-coords) of 25 =  [ 75 129 677 883 128 762 822 675 763  24 674  23] ( [56.398 55.261 56.728 53.558 53.925 55.241 56.687 56.537 55.275 57.205 57.942 57.326] )
Neighs (x-coords) of 26 =  [ 10  27 848  30  29  31  28 847] ( [59.303 57.297 57.799 56.008 55.954 55.297 57.394 57.995] )
Neighs (x-coords) of 27 =  [ 10  26 848  30   3  29  31] ( [59.303 58.023 57.799 56.008 55.338 55.954 55.297] )
Neighs (x-coords) of 28 =  [ 30  36  29  31 847  10  26] ( [56.008 55.429 55.954 55.297 57.995 59.303 58.023] )
Neighs (x-coords) of 29 =  [  3  31 846  30   2  28  26  27] ( [55.338 55.297 54.208 56.008 54.804 57.394 58.023 57.297] )
Neighs (x-coords) of 30 =  [ 74  36  29  31 846  28 847  26] ( [54.96  55.429 55.954 55.297 54.208 57.394 57.995 58.023] )
Neighs (x-coords) of 31 =  [  3  29 846  30  36  28  26] ( [55.338 55.954 54.208 56.008 55.429 57.394 58.023] )
Neighs (x-coords) of 32 =  [842  19 836  18  16  34  35   6   2  33] ( [54.722 53.951 52.922 53.656 53.588 53.964 53.983 52.546 54.804 54.373] )
Neighs (x-coords) of 33 =  [  2  19 841  18  34  35   3  32] ( [54.804 53.951 53.863 53.656 53.964 53.983 55.338 54.372] )
Neighs (x-coords) of 34 =  [  4  16  35 833 851  19 836  18   6 835  33  32 842 837 840   5] ( [52.912 53.588 53.983 52.072 51.624 53.951 52.922 53.656 52.546 53.621 54.373 54.372 54.722 55.626 54.345 54.85 ] )
Neighs (x-coords) of 35 =  [  4  16  34 833  19   1  18   7 829 830 835  33  32] ( [52.912 53.588 53.964 52.072 53.951 52.838 53.656 52.771 52.316 53.769 53.621 54.373 54.372] )
Neighs (x-coords) of 36 =  [ 74 125  30  31 846  28] ( [54.96  54.567 56.008 55.297 54.208 57.394] )
Neighs (x-coords) of 37 =  [ 17 876  10  15 877  11  12  14] ( [62.562 62.096 59.303 62.484 61.921 60.578 64.473 63.823] )
Neighs (x-coords) of 38 =  [ 64  65  55  58 872  59 871  60] ( [69.429 68.306 70.765 71.933 69.914 71.737 71.552 73.076] )
Neighs (x-coords) of 39 =  [57 72 49 56 65 54 73] ( [64.595 65.455 63.85  64.857 68.306 67.078 66.725] )
Neighs (x-coords) of 40 =  [ 42  44  45  41  43  48 775  46  51] ( [61.271 60.025 59.924 62.008 60.91  62.911 62.973 61.599 63.064] )
Neighs (x-coords) of 41 =  [ 43  48 773  44  45  40  42 775] ( [60.91  62.911 60.856 60.025 59.924 62.157 61.271 62.973] )
Neighs (x-coords) of 42 =  [ 40  44  45 772 792  41  43 775  46  50  51 776  52 764 766 813] ( [62.157 60.025 59.924 59.148 59.668 62.008 60.91  62.973 61.599 60.687 63.064 60.667 61.403 62.094 60.386 63.774] )
Neighs (x-coords) of 43 =  [ 41  48 773 818 811  44  45  47  40] ( [62.008 62.911 60.856 60.071 58.624 60.025 59.924 58.817 62.157] )
Neighs (x-coords) of 44 =  [ 45  47 141 772 816 817 792  41  43  40  42  46  50] ( [59.924 58.817 57.817 59.148 57.299 58.335 59.668 62.008 60.91  62.157 61.271 61.599 60.687] )
Neighs (x-coords) of 45 =  [ 44  47 141 772 816 817  53 818 152 809 811 820  41  43 773  40] ( [60.025 58.817 57.817 59.148 57.299 58.335 59.43  60.071 58.016 57.684 58.624 60.025 62.008 60.91  60.856 62.157] )
Neighs (x-coords) of 46 =  [ 50  51 776 791  44 772 792  40  42 775  52 764 765 766 812 813] ( [60.687 63.064 60.667 61.057 60.025 59.148 59.668 62.157 61.271 62.973 61.403 62.094 61.584 60.386 63.276 63.774] )
Neighs (x-coords) of 47 =  [ 44  45 141 772 816 817 810 815  53 818 819 152 809 811 820  43] ( [60.025 59.924 57.817 59.148 57.299 58.335 57.139 57.061 59.43  60.071 58.642 58.016 57.684 58.624 60.025 60.91 ] )
Neighs (x-coords) of 48 =  [ 41  43 773  40 775  49] ( [62.008 60.91  60.856 62.157 62.973 63.85 ] )
Neighs (x-coords) of 49 =  [ 56  41  48  57 781  39] ( [64.857 62.008 62.911 64.595 63.671 66.164] )
Neighs (x-coords) of 50 =  [ 46  51 776 791  44 772 792  42  52 765 766 812] ( [61.599 63.064 60.667 61.057 60.025 59.148 59.668 61.271 61.403 61.584 60.386 63.276] )
Neighs (x-coords) of 51 =  [ 46  50 776 791  40  42 775  52 764 765 812 813] ( [61.599 60.687 60.667 61.057 62.157 61.271 62.973 61.403 62.094 61.584 63.276 63.774] )
Neighs (x-coords) of 52 =  [764 765 766 792  42  46  50  51 791 812] ( [62.094 61.584 60.386 59.668 61.271 61.599 60.687 63.064 61.057 63.276] )
Neighs (x-coords) of 53 =  [818 819 810 815 152 811 820  45  47 141 817] ( [60.071 58.642 57.139 57.061 58.016 58.624 60.025 59.924 58.817 57.817 58.335] )
Neighs (x-coords) of 54 =  [ 73 780  57  72  39  56  65 779] ( [66.725 67.462 64.595 65.455 66.164 64.857 68.306 66.463] )
Neighs (x-coords) of 55 =  [ 58  62 867 872 882  38  64  59  60] ( [71.933 71.873 70.277 69.914 69.972 70.638 69.429 71.737 73.076] )
Neighs (x-coords) of 56 =  [ 49  48  57  72 781  39  54  73] ( [63.85  62.911 64.595 65.455 63.671 66.164 67.078 66.725] )
Neighs (x-coords) of 57 =  [ 72 781 294  39  49  56  54] ( [65.455 63.671 64.997 66.164 63.85  64.857 67.078] )
Neighs (x-coords) of 58 =  [ 55  62  67  68 867 872 882 869  38 824  59  60  66 865 866 870] ( [70.765 71.873 70.989 71.295 70.277 69.914 69.972 71.912 70.638 71.399 71.737 73.076 73.287 73.755 73.927 74.01 ] )
Neighs (x-coords) of 59 =  [871  55  58  38  64  60  61  63  69 857] ( [71.552 70.765 71.933 70.638 69.429 73.076 72.988 74.155 74.18  73.153] )
Neighs (x-coords) of 60 =  [ 66 865 866 870  55  58  62  38  59  61  63 821  71] ( [73.287 73.755 73.927 74.01  70.765 71.933 71.873 70.638 71.737 72.988 74.155 75.603 75.529] )
Neighs (x-coords) of 61 =  [ 63  69  70 857  55  58  38  59 871  60 870 856 858 860 821  71] ( [74.155 74.18  74.04  73.153 70.765 71.933 70.638 71.737 71.552 73.076 74.01  73.967 74.152 73.341 75.603 75.529] )
Neighs (x-coords) of 62 =  [ 55  58  67  68 867 872 882 869 823 868 824 864  60  66 865 866] ( [70.765 71.933 70.989 71.295 70.277 69.914 69.972 71.912 70.942 71.273 71.399 73.218 73.076 73.287 73.755 73.927] )
Neighs (x-coords) of 63 =  [ 61  69  70 855 857  59 871  60 870 856 858 859 860 821  71 788] ( [72.988 74.18  74.04  74.915 73.153 71.737 71.552 73.076 74.01  73.967 74.152 75.089 73.341 75.603 75.529 75.664] )
Neighs (x-coords) of 64 =  [ 38  65  54  55 872  59] ( [70.638 68.306 67.078 70.765 69.914 71.737] )
Neighs (x-coords) of 65 =  [ 39  54  73 780 779  38] ( [66.164 67.078 66.725 67.462 66.463 70.638] )
Neighs (x-coords) of 66 =  [ 60 865 866 870 869 823 868  58  62  67  68 824] ( [73.076 73.755 73.927 74.01  71.912 70.942 71.273 71.933 71.873 70.989 71.295 71.399] )
Neighs (x-coords) of 67 =  [ 58  62  68 867 882 823 868 824 864  66] ( [71.933 71.873 71.295 70.277 69.972 70.942 71.273 71.399 73.218 73.287] )
Neighs (x-coords) of 68 =  [ 58  62  67 867 872 882 869 823 868 864  66] ( [71.933 71.873 70.989 70.277 69.914 69.972 71.912 70.942 71.273 73.218 73.287] )
Neighs (x-coords) of 69 =  [ 61  63  70 855 857  59 871 858 859 860 821  71] ( [72.988 74.155 74.04  74.915 73.153 71.737 71.552 74.152 75.089 73.341 75.603 75.529] )
Neighs (x-coords) of 70 =  [ 61  63  69 855 857 856 859 860  71 788] ( [72.988 74.155 74.18  74.915 73.153 73.967 75.089 73.341 75.529 75.664] )
Neighs (x-coords) of 71 =  [788 789  60 870 856  61  63  69  70 855 858 859] ( [75.664 76.347 73.076 74.01  73.967 72.988 74.155 74.18  74.04  74.915 74.152 75.089] )
Neighs (x-coords) of 72 =  [ 57 781 153 294  39  56  54  73] ( [64.595 63.671 64.442 64.997 66.164 64.857 67.078 66.725] )
Neighs (x-coords) of 73 =  [ 54 780 294  57  72  39  56] ( [67.078 67.462 64.997 64.595 65.455 66.164 64.857] )
Neighs (x-coords) of 74 =  [125 127 693 124 695  30] ( [54.567 55.565 56.591 53.273 52.491 56.008] )
Neighs (x-coords) of 75 =  [ 25 129 677 883 128 762 822 675 763 127 693  24 674 676  23 678] ( [55.861 55.261 56.728 53.558 53.925 55.241 56.687 56.537 55.275 55.565 56.591 57.205 57.942 57.733 57.326 58.006] )
Neighs (x-coords) of 76 =  [ 21 128 672 673 686  22 687 700 684 688 883  20 124 126 683 695] ( [51.911 53.925 51.972 52.814 50.827 50.554 49.684 51.059 50.552 50.276 53.558 51.419 53.273 53.009 51.195 52.491] )
Neighs (x-coords) of 77 =  [ 94  95 732  82 736 737 738  81 749 750 751 109 752  83 715 748] ( [10.239 10.205 10.002  7.944  7.133  8.198  7.58   8.636  7.809  8.283 10.17  11.183  9.038  9.786 11.466  9.413] )
Neighs (x-coords) of 78 =  [ 84  85 739 740 741 733  86 734 735 743 744  94 732  92 111 742] ( [ 9.918 10.985 10.557 11.097 11.974  8.693  8.655  8.195  8.016  9.345 10.887 10.239 10.002 10.668 11.683  9.394] )
Neighs (x-coords) of 79 =  [ 80 109 110 111 715 731] ( [13.038 11.183 11.831 11.683 11.466 12.372] )
Neighs (x-coords) of 80 =  [ 79 110 704 104 106 108] ( [12.564 11.831 11.595 14.878 13.531 12.623] )
Neighs (x-coords) of 81 =  [749  82 736 738 750  77  95 109 752  83 715 748] ( [ 7.809  7.944  7.133  7.58   8.283  9.17  10.205 11.183  9.038  9.786 11.466  9.413] )
Neighs (x-coords) of 82 =  [736 737 738  81 749 750 751  77  94  95 732 752] ( [ 7.133  8.198  7.58   8.636  7.809  8.283 10.17   9.17  10.239 10.205 10.002  9.038] )
Neighs (x-coords) of 83 =  [748 753  82 736 737  81 749 751  77  95] ( [ 9.413 10.607  7.944  7.133  8.198  8.636  7.809 10.17   9.17  10.205] )
Neighs (x-coords) of 84 =  [ 78  85 739 741  86 734 735 743 744  92 111 742] ( [10.079 10.985 10.557 11.974  8.655  8.195  8.016  9.345 10.887 10.668 11.683  9.394] )
Neighs (x-coords) of 85 =  [ 78  84 739 740 741 733  86 734 743 744] ( [10.079  9.918 10.557 11.097 11.974  8.693  8.655  8.195  9.345 10.887] )
Neighs (x-coords) of 86 =  [734 735 733  78  84  85 739 740 743  94 732  92] ( [ 8.195  8.016  8.693 10.079  9.918 10.985 10.557 11.097  9.345 10.239 10.002 10.668] )
Neighs (x-coords) of 87 =  [103 706 104 105 705  88] ( [15.273 15.63  14.878 14.309 14.613 17.768] )
Neighs (x-coords) of 88 =  [ 87 103 442 707 410 443] ( [16.571 15.273 19.257 18.533 19.893 18.963] )
Neighs (x-coords) of 89 =  [442 446 707  90 113 709] ( [19.257 20.453 18.533 21.461 21.968 21.973] )
Neighs (x-coords) of 90 =  [ 93 113 134 661 663  89] ( [21.237 21.968 23.253 23.804 20.177 20.927] )
Neighs (x-coords) of 91 =  [135 664 663 112  93 113 114] ( [23.66  21.309 20.177 23.142 21.237 21.968 23.844] )
Neighs (x-coords) of 92 =  [109 110 111 733  86 735  78  84  85 740 741 744  94  95 732 742] ( [11.183 11.831 11.683  8.693  8.655  8.016 10.079  9.918 10.985 11.097 11.974 10.887 10.239 10.205 10.002  9.394] )
Neighs (x-coords) of 93 =  [ 90 113 114 134 663  91 664] ( [21.461 21.968 23.844 23.253 20.177 21.846 21.309] )
Neighs (x-coords) of 94 =  [ 77  95 732 733  86 735  82 737 738  78  92 109 110] ( [ 9.17  10.205 10.002  8.693  8.655  8.016  7.944  8.198  7.58  10.079 10.668 11.183 11.831] )
Neighs (x-coords) of 95 =  [ 77  94 732  82 737 738  81 750 751  92 109 110 111  83 715 748] ( [ 9.17  10.239 10.002  7.944  8.198  7.58   8.636  8.283 10.17  10.668 11.183 11.831 11.683  9.786 11.466  9.413] )
Neighs (x-coords) of 96 =  [704 151 418 107 108 105] ( [11.595 11.01   9.94  12.973 12.623 14.309] )
Neighs (x-coords) of 97 =  [416 439 724  98 423 728 713 716  99 722 726 727] ( [ 9.194  9.582 11.482  8.962 10.026 10.738  9.32   9.241  9.101 11.635  9.433  9.496] )
Neighs (x-coords) of 98 =  [714 445 793 725  97 416 439 724 713 716  99 726] ( [ 7.876  7.95   7.087  8.012 11.125  9.194  9.582 11.482  9.32   9.241  9.101  9.433] )
Neighs (x-coords) of 99 =  [722 726 727  98 714 725  97 416 439 713] ( [11.635  9.433  9.496  8.962  7.876  8.012 11.125  9.194  9.582  9.32 ] )
Neighs (x-coords) of 100 =  [719 720 711 729 721 718 712 101 102 304] ( [5.751 4.529 5.987 5.297 5.303 5.596 7.142 6.055 6.87  6.57 ] )
Neighs (x-coords) of 101 =  [102 304 710 717 100 720 711 729 721 718 441 445] ( [6.87  6.57  7.682 6.876 5.466 4.529 5.987 5.297 5.303 5.596 7.819 7.95 ] )
Neighs (x-coords) of 102 =  [101 304 710 717 100 719 720 711 729 448 640 712] ( [6.055 6.57  7.682 6.876 5.466 5.751 4.529 5.987 5.297 8.753 8.59  7.142] )
Neighs (x-coords) of 103 =  [ 87 706 104 106 107 108 105 705] ( [16.571 15.63  14.878 13.531 12.973 12.623 14.309 14.613] )
Neighs (x-coords) of 104 =  [106 107 108  80 105  87 103] ( [13.531 12.973 12.623 13.038 14.309 16.571 15.273] )
Neighs (x-coords) of 105 =  [705  96 104 106 107 108  87] ( [14.613 11.986 14.878 13.531 12.973 12.623 16.571] )
Neighs (x-coords) of 106 =  [104 107 108 704  79  80 105 103] ( [14.878 12.973 12.623 11.595 12.564 13.038 14.309 15.273] )
Neighs (x-coords) of 107 =  [104 106 108 704  96 151 105 705] ( [14.878 13.531 12.623 11.595 11.986 11.01  14.309 14.613] )
Neighs (x-coords) of 108 =  [104 106 107 704  96  80 105] ( [14.878 13.531 12.973 11.595 11.986 13.038 14.309] )
Neighs (x-coords) of 109 =  [ 92 110 111  81  77  94  95 715 748] ( [10.668 11.831 11.683  8.636  9.17  10.239 10.205 11.466  9.413] )
Neighs (x-coords) of 110 =  [ 92 109 111  94  95 715 731  79] ( [10.668 11.183 11.683 10.239 10.205 11.466 12.372 12.564] )
Neighs (x-coords) of 111 =  [ 92 109 110  78  84 744  94  95 742 731] ( [10.668 11.183 11.831 10.079  9.918 10.887 10.239 10.205  9.394 12.372] )
Neighs (x-coords) of 112 =  [ 91 135 664  93 113 114 134 136] ( [21.846 23.66  21.309 21.237 21.968 23.844 23.253 24.191] )
Neighs (x-coords) of 113 =  [ 90  93 114 134 661 663  89  91] ( [21.461 21.237 23.844 23.253 23.804 20.177 20.927 21.846] )
Neighs (x-coords) of 114 =  [ 93 113 134 661  91 135 112] ( [21.237 21.968 23.253 23.804 21.846 23.66  23.142] )
Neighs (x-coords) of 115 =  [120 121 130 646 117 119 645 116] ( [42.107 40.879 44.484 44.375 43.533 44.785 42.661 45.742] )
Neighs (x-coords) of 116 =  [118 644 130 646 115 117 119 122] ( [45.841 46.793 44.484 44.375 43.365 43.533 44.785 46.889] )
Neighs (x-coords) of 117 =  [119 645 120 130 115 305 116] ( [44.785 42.661 42.107 44.484 43.365 45.013 45.742] )
Neighs (x-coords) of 118 =  [116 644 130 115 117 119 305] ( [45.742 46.793 44.484 43.365 43.533 44.785 45.013] )
Neighs (x-coords) of 119 =  [117 645 130 115 305 116 118 644] ( [43.533 42.661 44.484 43.365 45.013 45.742 45.841 46.793] )
Neighs (x-coords) of 120 =  [121 149 130 646 115 117] ( [40.879 39.656 44.484 44.375 43.365 43.533] )
Neighs (x-coords) of 121 =  [120 133 149 650 147 652] ( [42.107 39.17  39.656 39.836 38.847 39.219] )
Neighs (x-coords) of 122 =  [123 130 646 116 118 644] ( [48.016 44.484 44.375 45.742 45.841 46.793] )
Neighs (x-coords) of 123 =  [122 116 602 218 220 221] ( [46.889 45.742 49.068 49.727 49.251 50.076] )
Neighs (x-coords) of 124 =  [ 20 126 683 695  76 128 129  74 125] ( [51.419 53.009 51.195 52.491 51.736 53.925 55.261 54.96  54.567] )
Neighs (x-coords) of 125 =  [ 74 127 693 128 124 126 695 129] ( [54.96  55.565 56.591 53.925 53.273 53.009 52.491 55.261] )
Neighs (x-coords) of 126 =  [ 20 124 683 695 686  22 688 883  21  76 128 672 673 685 129 125] ( [51.419 53.273 51.195 52.491 50.827 50.554 50.276 53.558 51.911 51.736 53.925 51.972 52.814 52.268 55.261 54.567] )
Neighs (x-coords) of 127 =  [ 74 125 693 128 124 126  75 129 676] ( [54.96  54.567 56.591 53.925 53.273 53.009 56.398 55.261 57.733] )
Neighs (x-coords) of 128 =  [ 21  76 672 673 883 124 126 762 763  25  75 129 125] ( [51.911 51.736 51.972 52.814 53.558 53.273 53.009 55.241 55.275 55.861 56.398 55.261 54.567] )
Neighs (x-coords) of 129 =  [ 25  75 677 883 128 124 126 762 675 763 125 127 693  24 676  23] ( [55.861 56.398 56.728 53.558 53.925 53.273 53.009 55.241 56.537 55.275 54.567 55.565 56.591 57.205 57.733 57.326] )
Neighs (x-coords) of 130 =  [646 120 115 117 119 122 116] ( [44.375 42.107 43.365 43.533 44.785 46.889 45.742] )
Neighs (x-coords) of 131 =  [132 139 657 142 150 668] ( [35.691 32.383 32.961 33.014 32.229 32.673] )
Neighs (x-coords) of 132 =  [131 142 146 148 651 145] ( [34.375 33.014 37.044 37.881 37.503 37.614] )
Neighs (x-coords) of 133 =  [121 149 650 146 148 651 145] ( [40.879 39.656 39.836 37.044 37.881 37.503 37.614] )
Neighs (x-coords) of 134 =  [ 90  93 113 114 661  91 112] ( [21.461 21.237 21.968 23.844 23.804 21.846 23.142] )
Neighs (x-coords) of 135 =  [ 91 664 112 114 327 136] ( [21.846 21.309 23.142 23.844 24.667 24.191] )
Neighs (x-coords) of 136 =  [326 831 135 112 325 327] ( [23.915 22.956 23.66  23.142 25.89  24.667] )
Neighs (x-coords) of 137 =  [138 139 657 658 143 142 140] ( [30.307 32.383 32.961 30.591 29.006 33.014 30.923] )
Neighs (x-coords) of 138 =  [137 139 658 143 144 142 140 150] ( [31.058 32.383 30.591 29.006 27.712 33.014 30.923 32.229] )
Neighs (x-coords) of 139 =  [137 138 657 658 142 140 150] ( [31.058 30.307 32.961 30.591 33.014 30.923 32.229] )
Neighs (x-coords) of 140 =  [150 656 668 143 137 138 139] ( [32.229 30.335 32.673 29.006 31.058 30.307 32.383] )
Neighs (x-coords) of 141 =  [ 44  45  47 772 816 817 810 815  53 819 152 809] ( [60.025 59.924 58.817 59.148 57.299 58.335 57.139 57.061 59.43  58.642 58.016 57.684] )
Neighs (x-coords) of 142 =  [137 138 139 657 140 150 668 131] ( [31.058 30.307 32.383 32.961 30.923 32.229 32.673 34.375] )
Neighs (x-coords) of 143 =  [144 323 137 138 658 140] ( [27.712 26.4   31.058 30.307 30.591 30.923] )
Neighs (x-coords) of 144 =  [143 317 839 323 325 832] ( [29.006 25.551 25.846 26.4   25.89  26.486] )
Neighs (x-coords) of 145 =  [147 653 132 146 148 133 149] ( [38.847 37.056 35.691 37.044 37.881 39.17  39.656] )
Neighs (x-coords) of 146 =  [148 651 131 132 145 147 653 133] ( [37.881 37.503 34.375 35.691 37.614 38.847 37.056 39.17 ] )
Neighs (x-coords) of 147 =  [145 653 146 148 121 133 149] ( [37.614 37.056 37.044 37.881 40.879 39.17  39.656] )
Neighs (x-coords) of 148 =  [146 651 132 145 147 133 149] ( [37.044 37.503 35.691 37.614 38.847 39.17  39.656] )
Neighs (x-coords) of 149 =  [120 121 133 650 146 148 145 147] ( [42.107 40.879 39.17  39.836 37.044 37.881 37.614 38.847] )
Neighs (x-coords) of 150 =  [140 656 668 137 138 139 142] ( [30.923 30.335 32.673 31.058 30.307 32.383 33.014] )
Neighs (x-coords) of 151 =  [418 423 728 448 640  96] ( [ 9.94  10.026 10.738  8.753  8.59  11.986] )
Neighs (x-coords) of 152 =  [809 811 810 815  53 818 819  45  47 141 816] ( [57.684 58.624 57.139 57.061 59.43  60.071 58.642 59.924 58.817 57.817 57.299] )
Neighs (x-coords) of 153 =  [ 13 294  15 877  12 878] ( [63.837 64.997 62.484 61.921 64.473 65.505] )
Neighs (x-coords) of 154 =  [579 169 186 467 566 182 171 576 577 580] ( [60.632 58.052 59.285 57.875 58.216 59.697 58.911 59.778 58.524 60.181] )
Neighs (x-coords) of 155 =  [571 572 575 156 187 568 570 157 564 565 185] ( [61.464 60.346 60.78  58.098 59.37  57.89  58.236 59.123 59.944 59.021 59.667] )
Neighs (x-coords) of 156 =  [187 568 569 570 157 565 573 184 185 585 155 572] ( [59.37  57.89  57.228 58.236 59.123 59.021 58.207 58.97  59.667 57.882 60.569 60.346] )
Neighs (x-coords) of 157 =  [564 565 573 156 187 568 569 185 155 571 572] ( [59.944 59.021 58.207 58.098 59.37  57.89  57.228 59.667 60.569 61.464 60.346] )
Neighs (x-coords) of 158 =  [174 176 544 175 545 159] ( [66.793 67.501 68.567 65.462 64.851 68.168] )
Neighs (x-coords) of 159 =  [283 158 174 284 536 269] ( [68.954 67.455 66.793 68.475 67.4   70.324] )
Neighs (x-coords) of 160 =  [284 536 161 165 268 270] ( [68.475 67.4   68.205 67.543 69.326 70.691] )
Neighs (x-coords) of 161 =  [165 163 549 160 167 268] ( [67.543 66.165 65.659 68.772 68.177 69.326] )
Neighs (x-coords) of 162 =  [538 163 549 164 168 167 165] ( [64.35  66.165 65.659 66.064 65.304 68.177 67.543] )
Neighs (x-coords) of 163 =  [549 162 538 164 167 161 165] ( [65.659 65.438 64.35  66.064 68.177 68.205 67.543] )
Neighs (x-coords) of 164 =  [168 170 162 538 163 167 165 166] ( [65.304 64.576 65.438 64.35  66.165 68.177 67.543 67.45 ] )
Neighs (x-coords) of 165 =  [161 162 163 549 164 160 167 166] ( [68.205 65.438 66.165 65.659 66.064 68.772 68.177 67.45 ] )
Neighs (x-coords) of 166 =  [560 162 163 164 168 167 165] ( [67.967 65.438 66.165 66.064 65.304 68.177 67.543] )
Neighs (x-coords) of 167 =  [162 163 164 161 165 166 560] ( [65.438 66.165 66.064 68.205 67.543 67.45  67.967] )
Neighs (x-coords) of 168 =  [164 170 162 538 259 166] ( [66.064 64.576 65.438 64.35  63.882 67.45 ] )
Neighs (x-coords) of 169 =  [186 467 566 567 182 184 585 171 577 580 578 154] ( [59.285 57.875 58.216 57.153 59.697 58.97  57.882 58.911 58.524 60.181 58.143 60.441] )
Neighs (x-coords) of 170 =  [164 168 261 797 260 798] ( [66.064 65.304 62.639 62.212 64.385 65.298] )
Neighs (x-coords) of 171 =  [576 577 580 567 169 186 467 182 578 154 581] ( [59.778 58.524 60.181 57.153 58.052 59.285 57.875 59.697 58.143 60.441 61.359] )
Neighs (x-coords) of 172 =  [180 181 183 563 548 188] ( [60.844 61.421 60.798 61.272 61.336 63.748] )
Neighs (x-coords) of 173 =  [553 613 277 189 279 557 614 561 227 552 589] ( [73.416 73.167 70.808 71.034 71.784 71.746 70.159 70.474 72.503 73.577 73.108] )
Neighs (x-coords) of 174 =  [158 176 544 179 175 177 545 178] ( [67.455 67.501 68.567 65.573 65.462 64.9   64.851 66.915] )
Neighs (x-coords) of 175 =  [177 545 179 188 178 158 174] ( [64.9   64.851 65.573 63.748 66.915 67.455 66.793] )
Neighs (x-coords) of 176 =  [158 174 544 179 175 177 178] ( [67.455 66.793 68.567 65.573 65.462 64.9   66.915] )
Neighs (x-coords) of 177 =  [175 545 172 179 188 543 178 174] ( [65.462 64.851 62.572 65.573 63.748 65.044 66.915 66.793] )
Neighs (x-coords) of 178 =  [281 179 543 175 177 280 174 176] ( [67.662 65.573 65.044 65.462 64.9   68.345 66.793 67.501] )
Neighs (x-coords) of 179 =  [188 543 175 177 178 281 174] ( [63.748 65.044 65.462 64.9   66.915 67.662 66.793] )
Neighs (x-coords) of 180 =  [172 181 183 186 182 184 185 576 581] ( [62.572 61.421 60.798 59.285 59.697 58.97  59.667 59.778 61.359] )
Neighs (x-coords) of 181 =  [172 180 183 182 184 185 563 548] ( [62.572 60.844 60.798 59.697 58.97  59.667 61.272 61.336] )
Neighs (x-coords) of 182 =  [184 185 585 567 169 186 566 171 576 578 154 579 180 181 183 581] ( [58.97  59.667 57.882 57.153 58.052 59.285 58.216 58.911 59.778 58.143 60.441 60.632 60.844 61.421 60.798 61.359] )
Neighs (x-coords) of 183 =  [172 180 181 187 564 182 184 185 155 571] ( [62.572 60.844 61.421 59.37  59.944 59.697 58.97  59.667 60.569 61.464] )
Neighs (x-coords) of 184 =  [182 185 585 567 156 187 569 570 169 186 566 180 181] ( [59.697 59.667 57.882 57.153 58.098 59.37  57.228 58.236 58.052 59.285 58.216 60.844 61.421] )
Neighs (x-coords) of 185 =  [182 184 585 156 187 569 570 157 564 573 155 571 575 180 181 183] ( [59.697 58.97  57.882 58.098 59.37  57.228 58.236 59.123 59.944 58.207 60.569 61.464 60.78  60.844 61.421 60.798] )
Neighs (x-coords) of 186 =  [169 467 566 567 182 184 585 171 576 577 580 578 154 579 180 581] ( [58.052 57.875 58.216 57.153 59.697 58.97  57.882 58.911 59.778 58.524 60.181 58.143 60.441 60.632 60.844 61.359] )
Neighs (x-coords) of 187 =  [156 568 569 570 157 564 565 573 184 185 585 155 571 572 575 183] ( [58.098 57.89  57.228 58.236 59.123 59.944 59.021 58.207 58.97  59.667 57.882 60.569 61.464 60.346 60.78  60.798] )
Neighs (x-coords) of 188 =  [179 543 172 181 175 177] ( [65.573 65.044 62.572 61.421 65.462 64.9  ] )
Neighs (x-coords) of 189 =  [279 557 588 616 277 614 561 173 227 552 589] ( [71.784 71.746 70.341 71.776 70.808 70.159 70.474 72.871 72.503 73.577 73.108] )
Neighs (x-coords) of 190 =  [627 211 213 191 212 636 208] ( [58.893 57.047 55.804 56.775 55.631 56.679 58.194] )
Neighs (x-coords) of 191 =  [212 223 211 213 636 208 190] ( [55.631 54.35  57.047 55.804 56.679 58.194 58.021] )
Neighs (x-coords) of 192 =  [210 225 226 305 197 195 489 481 193] ( [46.061 46.554 45.939 45.013 45.264 45.6   45.429 46.894 45.92 ] )
Neighs (x-coords) of 193 =  [196 520 195 192 210 226 504 207 194 198 199] ( [45.708 45.606 45.6   45.655 46.061 45.939 47.223 45.807 45.243 45.978 45.391] )
Neighs (x-coords) of 194 =  [198 199 200 494 202 203 201 226 193 207 209] ( [45.978 45.391 44.445 44.387 43.927 44.879 43.683 45.939 45.92  45.807 46.251] )
Neighs (x-coords) of 195 =  [489 197 192 210 226 193 196] ( [45.429 45.264 45.655 46.061 45.939 45.92  45.708] )
Neighs (x-coords) of 196 =  [193 520 195 489 192 210 226 504] ( [45.92  45.606 45.6   45.429 45.655 46.061 45.939 47.223] )
Neighs (x-coords) of 197 =  [119 305 195 489 481 192 210] ( [44.785 45.013 45.6   45.429 46.894 45.655 46.061] )
Neighs (x-coords) of 198 =  [194 199 203 226 193 196 520 504 207 204 205] ( [45.243 45.391 44.879 45.939 45.92  45.708 45.606 47.223 45.807 46.545 46.234] )
Neighs (x-coords) of 199 =  [194 198 200 202 203 201 226 193 207 204 205] ( [45.243 45.978 44.445 43.927 44.879 43.683 45.939 45.92  45.807 46.545 46.234] )
Neighs (x-coords) of 200 =  [494 202 203 201 500 207 465 194] ( [44.387 43.927 44.879 43.683 42.884 45.807 46.324 45.243] )
Neighs (x-coords) of 201 =  [500 510 200 494 202 203 194] ( [42.884 43.367 44.445 44.387 43.927 44.879 45.243] )
Neighs (x-coords) of 202 =  [203 200 692 201 500 510 194 199] ( [44.879 44.445 44.977 43.683 42.884 43.367 45.243 45.391] )
Neighs (x-coords) of 203 =  [202 200 692 201 510 194 198 199 204 205] ( [43.927 44.445 44.977 43.683 43.367 45.243 45.978 45.391 46.545 46.234] )
Neighs (x-coords) of 204 =  [205 206 508 203 193 520 504 198] ( [46.234 45.338 46.688 44.879 45.92  45.606 47.223 45.978] )
Neighs (x-coords) of 205 =  [204 206 508 203 692 504 198] ( [46.545 45.338 46.688 44.879 44.977 47.223 45.978] )
Neighs (x-coords) of 206 =  [204 205 508 202 203 692 510 198] ( [46.545 46.234 46.688 43.927 44.879 44.977 43.367 45.978] )
Neighs (x-coords) of 207 =  [209 465 200 494 210 224 225 226 193 194 198] ( [46.251 46.324 44.445 44.387 46.061 46.588 46.554 45.939 45.92  45.243 45.978] )
Neighs (x-coords) of 208 =  [214 211 213 592 191 212 190 627] ( [59.432 57.047 55.804 57.148 56.775 55.631 58.021 58.893] )
Neighs (x-coords) of 209 =  [207 465 494 210 224 225 226 480] ( [45.807 46.324 44.387 46.061 46.588 46.554 45.939 46.898] )
Neighs (x-coords) of 210 =  [192 224 225 226 197 195 481 193 196 207] ( [45.655 46.588 46.554 45.939 45.264 45.6   46.894 45.92  45.708 45.807] )
Neighs (x-coords) of 211 =  [213 592 593 677 191 212 208 214] ( [55.804 57.148 54.929 56.728 56.775 55.631 58.194 59.432] )
Neighs (x-coords) of 212 =  [191 223 222 211 213 593 636 208] ( [56.775 54.35  53.131 57.047 55.804 54.929 56.679 58.194] )
Neighs (x-coords) of 213 =  [211 592 593 677 191 212 223 208] ( [57.047 57.148 54.929 56.728 56.775 55.631 54.35  58.194] )
Neighs (x-coords) of 214 =  [208 211 592 190 627 215] ( [58.194 57.047 57.148 58.021 58.893 60.623] )
Neighs (x-coords) of 215 =  [261 263 797 208 214 248] ( [62.639 61.915 62.212 58.194 59.432 62.509] )
Neighs (x-coords) of 216 =  [218 220 221 602 612 217 219] ( [49.727 49.251 50.076 49.068 51.448 51.818 51.247] )
Neighs (x-coords) of 217 =  [219 222 216 218 220 221 612 605] ( [51.247 53.131 51.026 49.727 49.251 50.076 51.448 51.748] )
Neighs (x-coords) of 218 =  [216 220 221 123 602 612 217] ( [51.026 49.251 50.076 48.016 49.068 51.448 51.818] )
Neighs (x-coords) of 219 =  [217 222 216 218 220 221 606] ( [51.818 53.131 51.026 49.727 49.251 50.076 49.776] )
Neighs (x-coords) of 220 =  [216 218 221 122 123 602 606 217] ( [51.026 49.727 50.076 46.889 48.016 49.068 49.776 51.818] )
Neighs (x-coords) of 221 =  [216 218 220 123 606 217 219] ( [51.026 49.727 49.251 48.016 49.776 51.818 51.247] )
Neighs (x-coords) of 222 =  [217 219 216 612 605 212] ( [51.818 51.247 51.026 51.448 51.748 55.631] )
Neighs (x-coords) of 223 =  [191 212 217 222 213 593] ( [56.775 55.631 51.818 53.131 55.804 54.929] )
Neighs (x-coords) of 224 =  [210 225 226 481 480 207 209] ( [46.061 46.554 45.939 46.894 46.898 45.807 46.251] )
Neighs (x-coords) of 225 =  [192 210 224 226 197 481 480 207] ( [45.655 46.061 46.588 45.939 45.264 46.894 46.898 45.807] )
Neighs (x-coords) of 226 =  [192 210 224 225 195 193 196 207 209 194 198] ( [45.655 46.061 46.588 46.554 45.6   45.92  45.708 45.807 46.251 45.243 45.978] )
Neighs (x-coords) of 227 =  [552 589 626 616 276 277 189 279 557 588 173 553] ( [73.577 73.108 71.419 71.776 70.658 70.808 71.034 71.784 71.746 70.341 72.871 73.416] )
Neighs (x-coords) of 228 =  [631 621 229 278 282 554 638 630 555 626 629] ( [69.794 67.436 68.967 68.986 67.514 68.461 67.132 69.491 69.977 71.419 70.889] )
Neighs (x-coords) of 229 =  [278 282 554 556 628 638 630 228 555 626 629 274] ( [68.986 67.514 68.461 68.437 66.881 67.132 69.491 69.846 69.977 71.419 70.889 69.534] )
Neighs (x-coords) of 230 =  [247 264 528 234 242 525 231 232 558 245 235] ( [76.804 76.731 74.998 77.021 75.885 76.191 77.444 77.207 77.493 76.986 76.507] )
Neighs (x-coords) of 231 =  [232 240 499 509 523 234 237 492 495 230 247 264 233 245] ( [77.207 76.577 77.371 78.045 75.691 77.021 76.355 77.05  75.433 77.196 76.804 76.731 76.946 76.986] )
Neighs (x-coords) of 232 =  [231 240 499 509 523 528 234 242 525 558 230 247 264 245 241 513] ( [77.444 76.577 77.371 78.045 75.691 74.998 77.021 75.885 76.191 77.493 77.196 76.804 76.731 76.986 78.332 79.138] )
Neighs (x-coords) of 233 =  [238 245 530 761 531 231 509 237 492 493 495 264 529 498 497 239] ( [76.042 76.986 76.513 76.457 75.073 77.444 78.045 76.355 77.05  76.143 75.433 76.731 75.878 79.014 78.352 78.374] )
Neighs (x-coords) of 234 =  [242 525 526 532 528 512 231 232 240 499 509 523 558 230 241 513] ( [75.885 76.191 75.621 78.208 74.998 76.339 77.444 77.207 76.577 77.371 78.045 75.691 77.493 77.196 78.332 79.138] )
Neighs (x-coords) of 235 =  [236 558 230 247 264 761] ( [76.348 77.493 77.196 76.804 76.731 76.457] )
Neighs (x-coords) of 236 =  [235 517 246 247 266 267] ( [76.507 74.036 74.935 76.804 76.181 77.294] )
Neighs (x-coords) of 237 =  [492 493 495 531 231 509 233 238 245 529 498 497] ( [77.05  76.143 75.433 75.073 77.444 78.045 76.946 76.042 76.986 75.878 79.014 78.352] )
Neighs (x-coords) of 238 =  [233 245 530 761 531 237 493 495 264 529 497 239] ( [76.946 76.986 76.513 76.457 75.073 76.355 76.143 75.433 76.731 75.878 78.352 78.374] )
Neighs (x-coords) of 239 =  [496 237 492 493 233 238 245 530 529 498] ( [78.813 76.355 77.05  76.143 76.946 76.042 76.986 76.513 75.878 79.014] )
Neighs (x-coords) of 240 =  [231 232 499 509 523 528 512 234 242 526 532 241] ( [77.444 77.207 77.371 78.045 75.691 74.998 76.339 77.021 75.885 75.621 78.208 78.332] )
Neighs (x-coords) of 241 =  [513 533 512 234 242 525 526 532 232 240] ( [79.138 78.626 76.339 77.021 75.885 76.191 75.621 78.208 77.207 76.577] )
Neighs (x-coords) of 242 =  [234 525 526 532 528 512 232 240 523 558 230 241] ( [77.021 76.191 75.621 78.208 74.998 76.339 77.207 76.577 75.691 77.493 77.196 78.332] )
Neighs (x-coords) of 243 =  [246 285 286 517 266 244 265 267] ( [74.935 72.473 73.6   74.036 76.181 75.922 77.178 77.294] )
Neighs (x-coords) of 244 =  [265 267 296 243 246 286 266] ( [77.178 77.294 78.228 74.806 74.935 73.6   76.181] )
Neighs (x-coords) of 245 =  [233 238 530 761 531 231 232 509 237 492 495 230 247 264 498 239] ( [76.946 76.042 76.513 76.457 75.073 77.444 77.207 78.045 76.355 77.05  75.433 77.196 76.804 76.731 79.014 78.374] )
Neighs (x-coords) of 246 =  [243 286 517 266 236 244 265] ( [74.806 73.6   74.036 76.181 76.348 75.922 77.178] )
Neighs (x-coords) of 247 =  [230 264 231 232 558 245 761 235] ( [77.196 76.731 77.444 77.207 77.493 76.986 76.457 76.507] )
Neighs (x-coords) of 248 =  [215 261 263 796 258 260 262] ( [60.623 62.639 61.915 61.971 64.351 64.385 63.767] )
Neighs (x-coords) of 249 =  [ 14  17 876 250 254  12] ( [63.823 62.562 62.096 64.746 65.015 64.473] )
Neighs (x-coords) of 250 =  [254 256 252 804  14 249] ( [65.015 66.092 64.164 63.435 63.823 64.334] )
Neighs (x-coords) of 251 =  [252 253 255 257 805 804 254] ( [64.164 65.119 66.223 64.842 63.49  63.435 65.015] )
Neighs (x-coords) of 252 =  [251 253 255 805 804 250 254] ( [64.201 65.119 66.223 63.49  63.435 64.746 65.015] )
Neighs (x-coords) of 253 =  [251 252 255 257 805 258 254 256] ( [64.201 64.164 66.223 64.842 63.49  64.351 65.015 66.092] )
Neighs (x-coords) of 254 =  [250 256 251 252 253 255 804 249] ( [64.746 66.092 64.201 64.164 65.119 66.223 63.435 64.334] )
Neighs (x-coords) of 255 =  [251 252 253 257 254 256 803] ( [64.201 64.164 65.119 64.842 65.015 66.092 67.158] )
Neighs (x-coords) of 256 =  [250 254 251 252 253 255 803] ( [64.746 65.015 64.201 64.164 65.119 66.223 67.158] )
Neighs (x-coords) of 257 =  [251 253 255 805 258 262] ( [64.201 65.119 66.223 63.49  64.351 63.767] )
Neighs (x-coords) of 258 =  [260 262 798 248 796 253] ( [64.385 63.767 65.298 62.509 61.971 65.119] )
Neighs (x-coords) of 259 =  [248 261 263 797 168 170 260 262] ( [62.509 62.639 61.915 62.212 65.304 64.576 64.385 63.767] )
Neighs (x-coords) of 260 =  [258 262 798 248 261 263 170] ( [64.351 63.767 65.298 62.509 62.639 61.915 64.576] )
Neighs (x-coords) of 261 =  [215 263 797 248 170 260 262] ( [60.623 61.915 62.212 62.509 64.576 64.385 63.767] )
Neighs (x-coords) of 262 =  [258 260 798 248 261 263 796 259] ( [64.351 64.385 65.298 62.509 62.639 61.915 61.971 63.882] )
Neighs (x-coords) of 263 =  [215 261 797 214 248 796 260 262] ( [60.623 62.639 62.212 59.432 62.509 61.971 64.385 63.767] )
Neighs (x-coords) of 264 =  [230 247 531 231 232 233 238 245 530 761] ( [77.196 76.804 75.073 77.444 77.207 76.946 76.042 76.986 76.513 76.457] )
Neighs (x-coords) of 265 =  [244 267 296 516 243 246 266 518] ( [75.922 77.294 78.228 78.261 74.806 74.935 76.181 75.816] )
Neighs (x-coords) of 266 =  [517 243 246 235 236 244 265 267] ( [74.036 74.806 74.935 76.507 76.348 75.922 77.178 77.294] )
Neighs (x-coords) of 267 =  [244 265 296 516 243 246 266] ( [75.922 77.178 78.228 78.261 74.806 74.935 76.181] )
Neighs (x-coords) of 268 =  [270 603 283 160 284 536 161 269] ( [70.691 71.382 68.954 68.772 68.475 67.4   68.205 70.324] )
Neighs (x-coords) of 269 =  [271 604 159 283 284 268 270] ( [71.194 70.725 68.168 68.954 68.475 69.326 70.691] )
Neighs (x-coords) of 270 =  [268 603 283 160 284 269 271] ( [69.326 71.382 68.954 68.772 68.475 70.324 71.194] )
Neighs (x-coords) of 271 =  [269 604 283 284 268 270 603 285] ( [70.324 70.725 68.954 68.475 69.326 70.691 71.382 72.473] )
Neighs (x-coords) of 272 =  [273 621 278 282 628 590 280 274 275 276] ( [69.149 67.436 68.986 67.514 66.881 68.551 68.345 69.534 70.055 70.658] )
Neighs (x-coords) of 273 =  [272 590 281 280 274 275 276 277] ( [69.022 68.551 67.662 68.345 69.534 70.055 70.658 70.808] )
Neighs (x-coords) of 274 =  [275 276 277 621 229 278 282 556 628 590 272 273 228 631 555 626] ( [70.055 70.658 70.808 67.436 68.967 68.986 67.514 68.437 66.881 68.551 69.022 69.149 69.846 69.794 69.977 71.419] )
Neighs (x-coords) of 275 =  [274 276 277 272 273 280 279 614 561] ( [69.534 70.658 70.808 69.022 69.149 68.345 71.784 70.159 70.474] )
Neighs (x-coords) of 276 =  [274 275 277 229 278 272 273 555 626 629 616 279 613] ( [69.534 70.055 70.808 68.967 68.986 69.022 69.149 69.977 71.419 70.889 71.776 71.784 73.167] )
Neighs (x-coords) of 277 =  [274 275 276 272 273 626 616 189 279 588 614 561 173 553 613 227] ( [69.534 70.055 70.658 69.022 69.149 71.419 71.776 71.034 71.784 70.341 70.159 70.474 72.871 73.416 73.167 72.503] )
Neighs (x-coords) of 278 =  [229 282 554 556 628 638 621 590 272 630 228 631 555 626 629 274] ( [68.967 67.514 68.461 68.437 66.881 67.132 67.436 68.551 69.022 69.491 69.846 69.794 69.977 71.419 70.889 69.534] )
Neighs (x-coords) of 279 =  [189 557 588 626 616 275 276 277 614 561 173 553 613 227 552 589] ( [71.034 71.746 70.341 71.419 71.776 70.055 70.658 70.808 70.159 70.474 72.871 73.416 73.167 72.503 73.577 73.108] )
Neighs (x-coords) of 280 =  [590 272 273 178 281 275] ( [68.551 69.022 69.149 66.915 67.662 70.055] )
Neighs (x-coords) of 281 =  [178 179 543 273 280 176] ( [66.915 65.573 65.044 69.149 68.345 67.501] )
Neighs (x-coords) of 282 =  [229 278 554 556 628 638 621 590 272 630 228 631] ( [68.967 68.986 68.461 68.437 66.881 67.132 67.436 68.551 69.022 69.491 69.846 69.794] )
Neighs (x-coords) of 283 =  [159 158 284 536 269 271 604 268] ( [68.168 67.455 68.475 67.4   70.324 71.194 70.725 69.326] )
Neighs (x-coords) of 284 =  [160 536 159 283 269 271 268] ( [68.772 67.4   68.168 68.954 70.324 71.194 69.326] )
Neighs (x-coords) of 285 =  [243 286 269 271 604 270] ( [74.806 73.6   70.324 71.194 70.725 70.691] )
Neighs (x-coords) of 286 =  [243 246 285 271 517 244] ( [74.806 74.935 72.473 71.194 74.036 75.922] )
Neighs (x-coords) of 287 =  [288 303 463 290 289 293 299 486 292] ( [80.18  79.257 79.798 80.989 81.021 80.845 79.334 78.882 81.684] )
Neighs (x-coords) of 288 =  [287 303 463 296 290 464 289 292] ( [80.305 79.257 79.798 78.228 80.989 81.049 81.021 81.684] )
Neighs (x-coords) of 289 =  [293 299 485 486 287 288 463 290 482 473 292 297 298 474 484 291] ( [80.845 79.334 78.8   78.882 80.305 80.18  79.798 80.989 81.076 81.021 81.684 81.57  81.415 82.503 82.604 81.948] )
Neighs (x-coords) of 290 =  [464 287 288 303 300 477 479 289 292 295] ( [81.049 80.305 80.18  79.257 81.252 81.269 80.235 81.021 81.684 82.238] )
Neighs (x-coords) of 291 =  [301 461 476 487 287 288 290 289 293 473 292 295 298] ( [82.377 82.908 83.102 81.415 80.305 80.18  80.989 81.021 80.845 81.021 81.684 82.238 81.415] )
Neighs (x-coords) of 292 =  [295 302 471 287 288 290 464 300 477 479 289 291 301 461 476 487] ( [82.238 83.613 83.518 80.305 80.18  80.989 81.049 81.252 81.269 80.235 81.021 81.948 82.377 82.908 83.102 81.415] )
Neighs (x-coords) of 293 =  [289 299 468 485 486 287 463 482 473 472 483 297 298 474 484 291] ( [81.021 79.334 79.2   78.8   78.882 80.305 79.798 81.076 81.021 81.14  81.57  81.57  81.415 82.503 82.604 81.948] )
Neighs (x-coords) of 294 =  [ 13 153  57  72 781  73] ( [63.837 64.442 64.595 65.455 63.671 66.725] )
Neighs (x-coords) of 295 =  [292 302 471 290 464 300 477 479 470 478 291 301 461 476 487 475] ( [81.684 83.613 83.518 80.989 81.049 81.252 81.269 80.235 84.05  81.525 81.948 82.377 82.908 83.102 81.415 82.721] )
Neighs (x-coords) of 296 =  [244 265 267 516 518 288] ( [75.922 77.178 77.294 78.261 75.816 80.18 ] )
Neighs (x-coords) of 297 =  [298 474 484 482 289 293 299 468 486 472] ( [81.415 82.503 82.604 81.076 81.021 80.845 79.334 79.2   78.882 81.14 ] )
Neighs (x-coords) of 298 =  [297 474 484 289 293 299 468 485 473 472 483 291] ( [81.57  82.503 82.604 81.021 80.845 79.334 79.2   78.8   81.021 81.14  81.57  81.948] )
Neighs (x-coords) of 299 =  [289 293 468 485 486 287 463 482 473 472 483 297] ( [81.021 80.845 79.2   78.8   78.882 80.305 79.798 81.076 81.021 81.14  81.57  81.57 ] )
Neighs (x-coords) of 300 =  [477 479 290 464 292 295 302 471 470 478 301 487] ( [81.269 80.235 80.989 81.049 81.684 82.238 83.613 83.518 84.05  81.525 82.377 81.415] )
Neighs (x-coords) of 301 =  [291 461 476 487 300 479 292 295 302 470 478 475] ( [81.948 82.908 83.102 81.415 81.252 80.235 81.684 82.238 83.613 84.05  81.525 82.721] )
Neighs (x-coords) of 302 =  [292 295 471 300 477 470 478 301 476 475] ( [81.684 82.238 83.518 81.252 81.269 84.05  81.525 82.377 83.102 82.721] )
Neighs (x-coords) of 303 =  [287 288 463 265 296 290] ( [80.305 80.18  79.798 77.178 78.228 80.989] )
Neighs (x-coords) of 304 =  [101 102 710 717 100 719 720 711 729 721 718 448 640 712 441 445] ( [6.055 6.87  7.682 6.876 5.466 5.751 4.529 5.987 5.297 5.303 5.596 8.753 8.59  7.142 7.819 7.95 ] )
Neighs (x-coords) of 305 =  [117 119 645 118 644 197] ( [43.533 44.785 42.661 45.841 46.793 45.264] )
Neighs (x-coords) of 306 =  [359 362 367 768 771 808 770 371 785 786 787] ( [9.005 6.587 7.669 8.885 6.504 5.989 5.614 7.781 6.317 8.033 7.335] )
Neighs (x-coords) of 307 =  [308 336 648 338 335 315] ( [24.447 24.098 23.361 23.515 24.419 24.493] )
Neighs (x-coords) of 308 =  [307 336 313 844 316 843] ( [24.335 24.098 23.592 22.717 25.44  25.946] )
Neighs (x-coords) of 309 =  [311 347 348 349 654 690 691 694 313 844 642 696 698 312 845 643] ( [23.821 23.917 23.113 21.684 23.856 21.111 21.181 21.684 23.592 22.717 23.509 22.464 22.744 24.66  24.503 24.966] )
Neighs (x-coords) of 310 =  [312 329 689 845 849 680 314 316 843 408 669 670 671 328 682 850] ( [24.66  26.89  26.753 24.503 26.235 26.479 25.694 25.44  25.946 28.134 29.109 27.974 28.158 27.477 28.431 27.867] )
Neighs (x-coords) of 311 =  [309 347 348 349 654 690 694 313 844 696 314 316 312 845 315 643] ( [23.128 23.917 23.113 21.684 23.856 21.111 21.684 23.592 22.717 22.464 25.694 25.44  24.66  24.503 24.493 24.966] )
Neighs (x-coords) of 312 =  [310 689 845 313 309 311 347 654 314 316 315 643] ( [27.018 26.753 24.503 23.592 23.128 23.821 23.917 23.856 25.694 25.44  24.493 24.966] )
Neighs (x-coords) of 313 =  [844 309 311 348 696 314 316 312 308] ( [22.717 23.128 23.821 23.113 22.464 25.694 25.44  24.66  24.447] )
Neighs (x-coords) of 314 =  [316 843 313 311 680 310 312 329 689 845 849 315 408 670 671 328] ( [25.44  25.946 23.592 23.821 26.479 27.018 24.66  26.89  26.753 24.503 26.235 24.493 28.134 27.974 28.158 27.477] )
Neighs (x-coords) of 315 =  [313 844 311 314 316 843 312 307] ( [23.592 22.717 23.821 25.694 25.44  25.946 24.66  24.335] )
Neighs (x-coords) of 316 =  [314 843 313 311 310 312 308 315 408 670] ( [25.694 25.946 23.592 23.821 27.018 24.66  24.447 24.493 28.134 27.974] )
Neighs (x-coords) of 317 =  [324 839 342 326 323 325 327] ( [24.336 25.846 23.584 23.915 26.4   25.89  24.667] )
Neighs (x-coords) of 318 =  [436 411 562 319 384 417] ( [21.057 20.955 20.35  19.721 19.01  21.837] )
Neighs (x-coords) of 319 =  [384 356 610 318 436 357] ( [19.01  17.66  17.097 20.43  21.057 19.603] )
Neighs (x-coords) of 320 =  [321 607 356 395 384 322 357] ( [17.046 17.067 17.66  15.942 19.01  18.941 19.603] )
Neighs (x-coords) of 321 =  [320 607 356 610 395 406 384 322] ( [17.632 17.067 17.66  17.097 15.942 15.083 19.01  18.941] )
Neighs (x-coords) of 322 =  [357 393 537 356 320 321 607 384] ( [19.603 19.552 20.633 17.66  17.632 17.046 17.067 19.01 ] )
Neighs (x-coords) of 323 =  [325 327 326 317 324 839 832 143] ( [25.89  24.667 23.915 25.551 24.336 25.846 26.486 29.006] )
Neighs (x-coords) of 324 =  [317 839 342 355 326 831 323 325] ( [25.551 25.846 23.584 22.788 23.915 22.956 26.4   25.89 ] )
Neighs (x-coords) of 325 =  [323 327 326 317 324 832 136] ( [26.4   24.667 23.915 25.551 24.336 26.486 24.191] )
Neighs (x-coords) of 326 =  [831 342 317 324 323 325 327] ( [22.956 23.584 25.551 24.336 26.4   25.89  24.667] )
Neighs (x-coords) of 327 =  [323 325 326 831 135 317 324 832] ( [26.4   25.89  23.915 22.956 23.66  25.551 24.336 26.486] )
Neighs (x-coords) of 328 =  [682 850 314 310 312 329 689 849 408 669 671] ( [28.431 27.867 25.694 27.018 24.66  26.89  26.753 26.235 28.134 29.109 28.158] )
Neighs (x-coords) of 329 =  [310 689 849 680 314 408 669 670 328 682] ( [27.018 26.753 26.235 26.479 25.694 28.134 29.109 27.974 27.477 28.431] )
Neighs (x-coords) of 330 =  [600 344 353 617 618 331 632 633 591 615 340] ( [16.869 18.013 17.522 16.457 18.052 17.078 17.438 16.068 18.346 18.439 20.468] )
Neighs (x-coords) of 331 =  [620 632 633 330 600 344 353 550 617 591 341 447] ( [17.018 17.438 16.068 17.911 16.869 18.013 17.522 17.688 16.457 18.346 19.453 19.828] )
Neighs (x-coords) of 332 =  [334 655 699 433 756 412 437 453 665 760 757 333 381 407 660 667] ( [23.747 23.242 21.2   23.195 22.655 23.597 23.096 21.621 23.543 21.554 24.238 24.205 24.767 24.785 25.46  24.626] )
Neighs (x-coords) of 333 =  [381 659 455 332 334 655 458 407] ( [24.767 25.144 23.993 23.931 23.747 23.242 24.154 24.785] )
Neighs (x-coords) of 334 =  [332 655 699 756 437 458 333 381 407] ( [23.931 23.242 21.2   22.655 23.096 24.154 24.205 24.767 24.785] )
Neighs (x-coords) of 335 =  [338 339 343 337 455 307 336] ( [23.515 23.386 23.082 23.95  23.993 24.335 24.098] )
Neighs (x-coords) of 336 =  [307 308 648 338 339 343 337 335] ( [24.335 24.447 23.361 23.515 23.386 23.082 23.95  24.419] )
Neighs (x-coords) of 337 =  [455 647 338 339 343 335 336 458] ( [23.993 23.139 23.515 23.386 23.082 24.419 24.098 24.154] )
Neighs (x-coords) of 338 =  [339 343 438 648 337 335 307] ( [23.386 23.082 22.312 23.361 23.95  24.419 24.335] )
Neighs (x-coords) of 339 =  [338 343 438 647 337 455 335] ( [23.515 23.082 22.312 23.139 23.95  23.993 24.419] )
Neighs (x-coords) of 340 =  [341 583 330 344 618 615 447 352 354 539 541 454 413] ( [19.453 20.284 17.911 18.013 18.052 18.439 19.828 21.855 22.653 21.077 21.392 21.703 22.058] )
Neighs (x-coords) of 341 =  [340 583 330 344 353 550 618 331 620 632 591 615 447 582 454 413] ( [20.468 20.284 17.911 18.013 17.522 17.688 18.052 17.078 17.018 17.438 18.346 18.439 19.828 19.186 21.703 22.058] )
Neighs (x-coords) of 342 =  [355 388 326 831 317 324] ( [22.788 22.05  23.915 22.956 25.551 24.336] )
Neighs (x-coords) of 343 =  [338 339 438 440 648 647 337 335] ( [23.515 23.386 22.312 21.688 23.361 23.139 23.95  24.419] )
Neighs (x-coords) of 344 =  [353 550 617 618 330 600 331 620 632 633 591 615 340 341 583 447] ( [17.522 17.688 16.457 18.052 17.911 16.869 17.078 17.018 17.438 16.068 18.346 18.439 20.468 19.453 20.284 19.828] )
Neighs (x-coords) of 345 =  [413 449 586 447 582 346] ( [22.058 21.095 23.096 19.828 19.186 21.533] )
Neighs (x-coords) of 346 =  [419 584 411 562 345 449] ( [22.305 22.631 20.955 20.35  21.324 21.095] )
Neighs (x-coords) of 347 =  [309 311 348 349 654 691 694 642 698 312 845 643] ( [23.128 23.821 23.113 21.684 23.856 21.181 21.684 23.509 22.744 24.66  24.503 24.966] )
Neighs (x-coords) of 348 =  [309 311 347 349 690 691 313 844 642 696 698 643] ( [23.128 23.821 23.917 21.684 21.111 21.181 23.592 22.717 23.509 22.464 22.744 24.966] )
Neighs (x-coords) of 349 =  [309 311 347 348 654 690 691 694 642 696] ( [23.128 23.821 23.917 23.113 23.856 21.111 21.181 21.684 23.509 22.464] )
Neighs (x-coords) of 350 =  [352 354 539 540 546 547 351 454 413 586 637 542] ( [21.855 22.653 21.077 22.516 24.047 22.865 23.58  21.703 22.058 23.096 24.323 24.245] )
Neighs (x-coords) of 351 =  [454 350 352 354 540 541 546 635 637 542] ( [21.703 23.507 21.855 22.653 22.516 21.392 24.047 23.003 24.323 24.245] )
Neighs (x-coords) of 352 =  [350 354 539 540 541 546 340 583 547 635 351 454] ( [23.507 22.653 21.077 22.516 21.392 24.047 20.468 20.284 22.865 23.003 23.58  21.703] )
Neighs (x-coords) of 353 =  [344 550 617 618 330 600 331 620 633 615 341] ( [18.013 17.688 16.457 18.052 17.911 16.869 17.078 17.018 16.068 18.439 19.453] )
Neighs (x-coords) of 354 =  [350 352 539 540 541 546 340 583 547 635 351 454 413 586 637 542] ( [23.507 21.855 21.077 22.516 21.392 24.047 20.468 20.284 22.865 23.003 23.58  21.703 22.058 23.096 24.323 24.245] )
Neighs (x-coords) of 355 =  [342 388 391 386 875 873] ( [23.584 22.05  22.307 21.025 20.753 23.   ] )
Neighs (x-coords) of 356 =  [610 395 320 321 319 384 322] ( [17.097 15.942 17.632 17.046 19.721 19.01  18.941] )
Neighs (x-coords) of 357 =  [322 393 537 356 320 321 319] ( [18.941 19.552 20.633 17.66  17.632 17.046 19.721] )
Neighs (x-coords) of 358 =  [514 382 522 524 515 368 401 507 639 397] ( [13.667 14.431 14.098 13.545 14.267 16.483 15.352 17.136 16.057 15.911] )
Neighs (x-coords) of 359 =  [306 362 367 768 771 774 371 373 786 787 806 767] ( [7.314 6.587 7.669 8.885 6.504 6.849 7.781 8.916 8.033 7.335 9.912 9.317] )
Neighs (x-coords) of 360 =  [490 501 399 460 400 641 502 364 402 491 794 361] ( [19.797 18.433 17.242 18.035 17.589 17.383 20.093 18.226 18.732 19.941 19.018 19.897] )
Neighs (x-coords) of 361 =  [503 505 400 462 795 360 490 502 364 402 491] ( [19.662 20.805 17.589 17.219 17.901 19.257 19.797 20.093 18.226 18.732 19.941] )
Neighs (x-coords) of 362 =  [306 359 367 768 771 774 770 371 785 787] ( [7.314 9.005 7.669 8.885 6.504 6.849 5.614 7.781 6.317 7.335] )
Neighs (x-coords) of 363 =  [372 801 365 374 376 378] ( [ 8.834 11.819  9.974 12.534 12.174 12.982] )
Neighs (x-coords) of 364 =  [402 491 794 398 400 641 462 795 360 501 361 503] ( [18.732 19.941 19.018 16.834 17.589 17.383 17.219 17.901 19.257 18.433 19.897 19.662] )
Neighs (x-coords) of 365 =  [806 807 370 372 373 363] ( [ 9.912  7.567  7.603  8.834  8.916 11.09 ] )
Neighs (x-coords) of 366 =  [394 778 861 790 405 862 863 383 783 784 777 782 808 807 369 370] ( [3.971 4.005 5.17  3.    4.96  3.944 5.639 4.928 5.688 3.951 4.05  5.005 5.989 7.567 6.48  7.603] )
Neighs (x-coords) of 367 =  [306 359 362 768 771 774 808 770 380 371 373 785 786 787 806 767] ( [7.314 9.005 6.587 8.885 6.504 6.849 5.989 5.614 6.67  7.781 8.916 6.317 8.033 7.335 9.912 9.317] )
Neighs (x-coords) of 368 =  [401 506 507 639 382 522 521 515 358 397 399 460] ( [15.352 17.076 17.136 16.057 14.431 14.098 14.97  14.267 14.566 15.911 17.242 18.035] )
Neighs (x-coords) of 369 =  [370 380 405 863 383 783 366 394 778 861 777 782 808 807 371 372] ( [7.603 6.67  4.96  5.639 4.928 5.688 5.111 3.971 4.005 5.17  4.05  5.005 5.989 7.567 7.781 8.834] )
Neighs (x-coords) of 370 =  [369 380 863 783 366 807 371 372 373] ( [6.48  6.67  5.639 5.688 5.111 7.567 7.781 8.834 8.916] )
Neighs (x-coords) of 371 =  [372 373 808 770 369 370 380 785 786 306 359 362 367 774 806 767] ( [8.834 8.916 5.989 5.614 6.48  7.603 6.67  6.317 8.033 7.314 9.005 6.587 7.669 6.849 9.912 9.317] )
Neighs (x-coords) of 372 =  [371 373 807 369 370 380 363 365] ( [ 7.781  8.916  7.567  6.48   7.603  6.67  11.09   9.974] )
Neighs (x-coords) of 373 =  [371 372 369 370 380 359 367 365 806 767] ( [7.781 8.834 6.48  7.603 6.67  9.005 7.669 9.974 9.912 9.317] )
Neighs (x-coords) of 374 =  [375 377 404 801 363 376 378] ( [13.795 14.659 14.259 11.819 11.09  12.174 12.982] )
Neighs (x-coords) of 375 =  [374 377 404 801 403 376 378 379] ( [12.534 14.659 14.259 11.819 14.829 12.174 12.982 14.236] )
Neighs (x-coords) of 376 =  [378 379 799 801 363 365 374 375] ( [12.982 14.236 12.636 11.819 11.09   9.974 12.534 13.795] )
Neighs (x-coords) of 377 =  [374 375 404 376 378 379 800] ( [12.534 13.795 14.259 12.174 12.982 14.236 15.707] )
Neighs (x-coords) of 378 =  [376 379 799 363 374 375 377] ( [12.174 14.236 12.636 11.09  12.534 13.795 14.659] )
Neighs (x-coords) of 379 =  [376 378 799 374 375 377 800 395] ( [12.174 12.982 12.636 12.534 13.795 14.659 15.707 15.942] )
Neighs (x-coords) of 380 =  [369 370 366 394 778 777 808 770 371 372 373 785] ( [6.48  7.603 5.111 3.971 4.005 4.05  5.989 5.614 7.781 8.834 8.916 6.317] )
Neighs (x-coords) of 381 =  [333 659 332 334 458 703 407 450 457] ( [24.205 25.144 23.931 23.747 24.154 24.778 24.785 24.872 25.223] )
Neighs (x-coords) of 382 =  [522 524 521 515 358 514 466 368 401 506 639] ( [14.098 13.545 14.97  14.267 14.566 13.667 13.976 16.483 15.352 17.076 16.057] )
Neighs (x-coords) of 383 =  [783 784 790 405 862 863 366 394 777 782] ( [5.688 3.951 3.    4.96  3.944 5.639 5.111 3.971 4.05  5.005] )
Neighs (x-coords) of 384 =  [319 356 610 320 321 318 322 357] ( [19.721 17.66  17.097 17.632 17.046 20.43  18.941 19.603] )
Neighs (x-coords) of 385 =  [386 387 879 392 875 390 388] ( [21.025 20.727 19.538 20.078 20.753 21.729 22.05 ] )
Neighs (x-coords) of 386 =  [385 387 879 875 390 355 388] ( [20.368 20.727 19.538 20.753 21.729 22.788 22.05 ] )
Neighs (x-coords) of 387 =  [385 386 879 393 392 390 874 388] ( [20.368 21.025 19.538 19.552 20.078 21.729 22.042 22.05 ] )
Neighs (x-coords) of 388 =  [342 355 391 385 386 387 875 390] ( [23.584 22.788 22.307 20.368 21.025 20.727 20.753 21.729] )
Neighs (x-coords) of 389 =  [396 398 400 524 514 403 466 401 397] ( [15.549 16.834 17.589 13.545 13.667 14.829 13.976 15.352 15.911] )
Neighs (x-coords) of 390 =  [874 392 385 386 387 873 388] ( [22.042 20.078 20.368 21.025 20.727 23.    22.05 ] )
Neighs (x-coords) of 391 =  [355 388 385 386 387 390 874] ( [22.788 22.05  20.368 21.025 20.727 21.729 22.042] )
Neighs (x-coords) of 392 =  [322 393 385 387 879 390] ( [18.941 19.552 20.368 20.727 19.538 21.729] )
Neighs (x-coords) of 393 =  [322 357 537 320 607 392] ( [18.941 19.603 20.633 17.632 17.067 20.078] )
Neighs (x-coords) of 394 =  [366 778 861 790 405 862 383 784 777 782 808 369] ( [5.111 4.005 5.17  3.    4.96  3.944 4.928 3.951 4.05  5.005 5.989 6.48 ] )
Neighs (x-coords) of 395 =  [406 379 356 610 320 321] ( [15.083 14.236 17.66  17.097 17.632 17.046] )
Neighs (x-coords) of 396 =  [389 398 400 403 466 404 397 399] ( [15.056 16.834 17.589 14.829 13.976 14.259 15.911 17.242] )
Neighs (x-coords) of 397 =  [399 460 519 382 524 521 358 514 466 368 401 506 507 389 396 398] ( [17.242 18.035 15.185 14.431 13.545 14.97  14.566 13.667 13.976 16.483 15.352 17.076 17.136 15.056 15.549 16.834] )
Neighs (x-coords) of 398 =  [389 396 400 403 397 399 462 795 364] ( [15.056 15.549 17.589 14.829 15.911 17.242 17.219 17.901 18.226] )
Neighs (x-coords) of 399 =  [397 460 368 401 506 507 389 396 398 400 360 490 501] ( [15.911 18.035 16.483 15.352 17.076 17.136 15.056 15.549 16.834 17.589 19.257 19.797 18.433] )
Neighs (x-coords) of 400 =  [389 396 398 397 399 460 641 462 795 360 490 501 502 364 402 361] ( [15.056 15.549 16.834 15.911 17.242 18.035 17.383 17.219 17.901 19.257 19.797 18.433 20.093 18.226 18.732 19.897] )
Neighs (x-coords) of 401 =  [368 506 507 639 382 522 524 521 515 358 514 466 397 399 460 519] ( [16.483 17.076 17.136 16.057 14.431 14.098 13.545 14.97  14.267 14.566 13.667 13.976 15.911 17.242 18.035 15.185] )
Neighs (x-coords) of 402 =  [364 491 794 399 460 398 400 641 462 795 360 490 501 502 361 503] ( [18.226 19.941 19.018 17.242 18.035 16.834 17.589 17.383 17.219 17.901 19.257 19.797 18.433 20.093 19.897 19.662] )
Neighs (x-coords) of 403 =  [466 375 404 389 396 398] ( [13.976 13.795 14.259 15.056 15.549 16.834] )
Neighs (x-coords) of 404 =  [374 375 377 801 403 396] ( [12.534 13.795 14.659 11.819 14.829 15.549] )
Neighs (x-coords) of 405 =  [862 863 790 383 783 784 366 394 778 861 807] ( [3.944 5.639 3.    4.928 5.688 3.951 5.111 3.971 4.005 5.17  7.567] )
Neighs (x-coords) of 406 =  [395 377 378 379 799 800] ( [15.942 14.659 12.982 14.236 12.636 15.707] )
Neighs (x-coords) of 407 =  [660 667 332 334 412 437 665 746 333 381 431 450 457] ( [25.46  24.626 23.931 23.747 23.597 23.096 23.543 23.727 24.205 24.767 24.781 24.872 25.223] )
Neighs (x-coords) of 408 =  [669 670 671 680 314 316 843 310 329 328 682 850] ( [29.109 27.974 28.158 26.479 25.694 25.44  25.946 27.018 26.89  27.477 28.431 27.867] )
Neighs (x-coords) of 409 =  [435 456 595 599 622 596 597 488 424 444 598 601 619 425 459 623] ( [29.371 27.289 27.902 29.408 30.053 26.861 26.473 26.281 26.467 28.704 29.227 27.912 29.079 27.174 27.277 29.91 ] )
Neighs (x-coords) of 410 =  [426 443 708  88 442 446 432] ( [20.932 18.963 19.786 17.768 19.257 20.453 21.183] )
Neighs (x-coords) of 411 =  [562 318 436 346 419 422 417] ( [20.35  20.43  21.057 21.533 22.305 21.594 21.837] )
Neighs (x-coords) of 412 =  [437 453 665 666 760 701 433 332 758 757 407 660] ( [23.096 21.621 23.543 22.979 21.554 21.018 23.195 23.931 22.762 24.238 24.785 25.46 ] )
Neighs (x-coords) of 413 =  [345 449 586 340 341 447 350 354 547 454] ( [21.324 21.095 23.096 20.468 19.453 19.828 23.507 22.653 22.865 21.703] )
Neighs (x-coords) of 414 =  [415 424 452 421 488   0 527 425] ( [26.938 26.467 23.688 24.783 26.281 26.235 25.933 27.174] )
Neighs (x-coords) of 415 =  [414 424   0 527 534 428 587 425 459 511 594 625 430 451 608 611] ( [25.819 26.467 26.235 25.933 25.544 26.185 25.594 27.174 27.277 27.187 29.105 27.698 27.404 28.276 27.709 29.137] )
Neighs (x-coords) of 416 =  [ 97 439 724 448 441 445 793  98 714 725 418 423 728 716  99 722] ( [11.125  9.582 11.482  8.753  7.819  7.95   7.087  8.962  7.876  8.012  9.94  10.026 10.738  9.241  9.101 11.635] )
Neighs (x-coords) of 417 =  [420 574 411 318 436 419 452] ( [22.628 21.867 20.955 20.43  21.057 22.305 23.688] )
Neighs (x-coords) of 418 =  [151 423 728 448 640 441 445  96] ( [11.01  10.026 10.738  8.753  8.59   7.819  7.95  11.986] )
Neighs (x-coords) of 419 =  [346 584 411 436 452 422 417] ( [21.533 22.631 20.955 21.057 23.688 21.594 21.837] )
Neighs (x-coords) of 420 =  [417 574 411 436 419 584 452 422] ( [21.837 21.867 20.955 21.057 22.305 22.631 23.688 21.594] )
Neighs (x-coords) of 421 =  [488 452 420 414 424   0] ( [26.281 23.688 22.628 25.819 26.467 26.235] )
Neighs (x-coords) of 422 =  [411 562 436 345 346 419 584 417] ( [20.955 20.35  21.057 21.324 21.533 22.305 22.631 21.837] )
Neighs (x-coords) of 423 =  [151 418 728 448 441 445  97 416 439 724] ( [11.01   9.94  10.738  8.753  7.819  7.95  11.125  9.194  9.582 11.482] )
Neighs (x-coords) of 424 =  [414 415 421 488   0 444 601 409 425] ( [25.819 26.938 24.783 26.281 26.235 28.704 27.912 28.133 27.174] )
Neighs (x-coords) of 425 =  [459 623 414 415 424   0 409 435 619 511 594 625 430] ( [27.277 29.91  25.819 26.938 26.467 26.235 28.133 29.371 29.079 27.187 29.105 27.698 27.404] )
Neighs (x-coords) of 426 =  [410 443 708 442 446 709 432 440] ( [19.893 18.963 19.786 19.257 20.453 21.973 21.183 21.688] )
Neighs (x-coords) of 427 =  [730 755 746 759 381 659 703 429 431 450 457 754] ( [24.646 27.018 23.727 23.385 24.767 25.144 24.778 26.744 24.781 24.872 25.223 27.05 ] )
Neighs (x-coords) of 428 =  [535 587 415 527 534 625 430 451 608 609 434] ( [26.513 25.594 26.938 25.933 25.544 27.698 27.404 28.276 27.709 28.637 28.289] )
Neighs (x-coords) of 429 =  [431 450 457 702 754 703 427 730 755 745] ( [24.781 24.872 25.223 25.368 27.05  24.778 24.458 24.646 27.018 24.921] )
Neighs (x-coords) of 430 =  [451 608 609 611 415   0 527 534 428 535 587 425 511 594 625 434] ( [28.276 27.709 28.637 29.137 26.938 26.235 25.933 25.544 26.185 26.513 25.594 27.174 27.187 29.105 27.698 28.289] )
Neighs (x-coords) of 431 =  [429 450 457 702 746 759 407 660 427 730 755 745] ( [26.744 24.872 25.223 25.368 23.727 23.385 24.785 25.46  24.458 24.646 27.018 24.921] )
Neighs (x-coords) of 432 =  [440  89 442 446 410 426 443] ( [21.688 20.927 19.257 20.453 19.893 20.932 18.963] )
Neighs (x-coords) of 433 =  [756 701 332 655 699 758 412 437 453 666 757] ( [22.655 21.018 23.931 23.242 21.2   22.762 23.597 23.096 21.621 22.979 24.238] )
Neighs (x-coords) of 434 =  [624 415 428 535 587 425 511 594 625 430 451 609] ( [28.724 26.938 26.185 26.513 25.594 27.174 27.187 29.105 27.698 27.404 28.276 28.637] )
Neighs (x-coords) of 435 =  [409 456 595 599 622 596 444 598 619 425 459 623] ( [28.133 27.289 27.902 29.408 30.053 26.861 28.704 29.227 29.079 27.174 27.277 29.91 ] )
Neighs (x-coords) of 436 =  [318 411 562 319 419 422 417 420] ( [20.43  20.955 20.35  19.721 22.305 21.594 21.837 22.628] )
Neighs (x-coords) of 437 =  [412 453 665 666 760 701 433 756 332 334 655 699 758 757 407 660] ( [23.597 21.621 23.543 22.979 21.554 21.018 23.195 22.655 23.931 23.747 23.242 21.2   22.762 24.238 24.785 25.46 ] )
Neighs (x-coords) of 438 =  [338 339 343 426 440 648] ( [23.515 23.386 23.082 20.932 21.688 23.361] )
Neighs (x-coords) of 439 =  [ 97 416 724 445 793  98 714 725 423 728 713 716  99 722 726 727] ( [11.125  9.194 11.482  7.95   7.087  8.962  7.876  8.012 10.026 10.738  9.32   9.241  9.101 11.635  9.433  9.496] )
Neighs (x-coords) of 440 =  [432 410 426 708 709 343] ( [21.183 19.893 20.932 19.786 21.973 23.082] )
Neighs (x-coords) of 441 =  [445 793 100 719 721 718 448 640 712 101 102 304 710 717 418 423] ( [ 7.95   7.087  5.466  5.751  5.303  5.596  8.753  8.59   7.142  6.055  6.87   6.57   7.682  6.876  9.94  10.026] )
Neighs (x-coords) of 442 =  [ 89 446 707  88 410 426 443] ( [20.927 20.453 18.533 17.768 19.893 20.932 18.963] )
Neighs (x-coords) of 443 =  [410 426 708  87  88 442 446 707] ( [19.893 20.932 19.786 16.571 17.768 19.257 20.453 18.533] )
Neighs (x-coords) of 444 =  [598 601 597 488 424 409 435 456 595 599 622 459] ( [29.227 27.912 26.473 26.281 26.467 28.133 29.371 27.289 27.902 29.408 30.053 27.277] )
Neighs (x-coords) of 445 =  [441 793 718 448 101 304 717  98 714 418 423 416 439] ( [ 7.819  7.087  5.596  8.753  6.055  6.57   6.876  8.962  7.876  9.94  10.026  9.194  9.582] )
Neighs (x-coords) of 446 =  [ 89 442 707 410 426 443  90 709] ( [20.927 19.257 18.533 19.893 20.932 18.963 21.461 21.973] )
Neighs (x-coords) of 447 =  [582 344 331 620 632 340 341 454 345 413] ( [19.186 18.013 17.078 17.018 17.438 20.468 19.453 21.703 21.324 22.058] )
Neighs (x-coords) of 448 =  [640 712 102 304 441 445 151 418 423] ( [ 8.59   7.142  6.87   6.57   7.819  7.95  11.01   9.94  10.026] )
Neighs (x-coords) of 449 =  [345 413 586 340 341 447 582 454] ( [21.324 22.058 23.096 20.468 19.453 19.828 19.186 21.703] )
Neighs (x-coords) of 450 =  [429 431 457 702 754 332 334 746 759 333 381 659 703 407 660 427] ( [26.744 24.781 25.223 25.368 27.05  23.931 23.747 23.727 23.385 24.205 24.767 25.144 24.778 24.785 25.46  24.458] )
Neighs (x-coords) of 451 =  [430 608 609 611 415 527 534 428 535 594 434] ( [27.404 27.709 28.637 29.137 26.938 25.933 25.544 26.185 26.513 29.105 28.289] )
Neighs (x-coords) of 452 =  [419 584 417 420 574 421] ( [22.305 22.631 21.837 22.628 21.867 24.783] )
Neighs (x-coords) of 453 =  [412 437 665 666 760 701 433 756 332 699] ( [23.597 23.096 23.543 22.979 21.554 21.018 23.195 22.655 23.931 21.2  ] )
Neighs (x-coords) of 454 =  [351 340 341 583 447 350 352 354 539 541 547 635 413 449 586 542] ( [23.58  20.468 19.453 20.284 19.828 23.507 21.855 22.653 21.077 21.392 22.865 23.003 22.058 21.095 23.096 24.245] )
Neighs (x-coords) of 455 =  [337 647 339 335 458 649] ( [23.95  23.139 23.386 24.419 24.154 25.016] )
Neighs (x-coords) of 456 =  [409 435 595 599 622 596 597 444 601 619] ( [28.133 29.371 27.902 29.408 30.053 26.861 26.473 28.704 27.912 29.079] )
Neighs (x-coords) of 457 =  [429 431 450 702 754 746 759 381 659 703 407 660 427 730 755 745] ( [26.744 24.781 24.872 25.368 27.05  23.727 23.385 24.767 25.144 24.778 24.785 25.46  24.458 24.646 27.018 24.921] )
Neighs (x-coords) of 458 =  [337 455 334 655 333 381] ( [23.95  23.993 23.747 23.242 24.205 24.767] )
Neighs (x-coords) of 459 =  [425 623 596 597 488 414 415 424   0 444 598 601 409 435 456 619] ( [27.174 29.91  26.861 26.473 26.281 25.819 26.938 26.467 26.235 28.704 29.227 27.912 28.133 29.371 27.289 29.079] )
Neighs (x-coords) of 460 =  [397 399 368 401 506 507 400 360 490 501] ( [15.911 17.242 16.483 15.352 17.076 17.136 17.589 19.257 19.797 18.433] )
Neighs (x-coords) of 461 =  [291 301 476 289 293 473 292 295 298 474] ( [81.948 82.377 83.102 81.021 80.845 81.021 81.684 82.238 81.415 82.503] )
Neighs (x-coords) of 462 =  [795 403 396 398 400 364 402 361] ( [17.901 14.829 15.549 16.834 17.589 18.226 18.732 19.897] )
Neighs (x-coords) of 463 =  [287 288 303 482 289 293 299] ( [80.305 80.18  79.257 81.076 81.021 80.845 79.334] )
Neighs (x-coords) of 464 =  [290 288 303 300 477 479 292 295] ( [80.989 80.18  79.257 81.252 81.269 80.235 81.684 82.238] )
Neighs (x-coords) of 465 =  [207 209 200 494 224 480] ( [45.807 46.251 44.445 44.387 46.588 46.898] )
Neighs (x-coords) of 466 =  [403 382 524 514 401 397 389] ( [14.829 14.431 13.545 13.667 15.352 15.911 15.056] )
Neighs (x-coords) of 467 =  [169 186 566 567 171 577 580 154] ( [58.052 59.285 58.216 57.153 58.911 58.524 60.181 60.441] )
Neighs (x-coords) of 468 =  [293 299 485 486 472 483 297] ( [80.845 79.334 78.8   78.882 81.14  81.57  81.57 ] )
Neighs (x-coords) of 469 =  [292 295 302 471 470 301 461] ( [81.684 82.238 83.613 83.518 84.05  82.377 82.908] )
Neighs (x-coords) of 470 =  [478 300 295 302 471 301 475] ( [81.525 81.252 82.238 83.613 83.518 82.377 82.721] )
Neighs (x-coords) of 471 =  [292 295 302 464 300 477 470] ( [81.684 82.238 83.613 81.049 81.252 81.269 84.05 ] )
Neighs (x-coords) of 472 =  [293 299 468 473 483 297 298] ( [80.845 79.334 79.2   81.021 81.57  81.57  81.415] )
Neighs (x-coords) of 473 =  [289 293 299 485 472 298 474 291 461] ( [81.021 80.845 79.334 78.8   81.14  81.415 82.503 81.948 82.908] )
Neighs (x-coords) of 474 =  [297 298 484 289 293 473 472 483 291] ( [81.57  81.415 82.604 81.021 80.845 81.021 81.14  81.57  81.948] )
Neighs (x-coords) of 475 =  [300 295 302 470 478 301 476] ( [81.252 82.238 83.613 84.05  81.525 82.377 83.102] )
Neighs (x-coords) of 476 =  [291 301 461 487 292 295 302 475] ( [81.948 82.377 82.908 81.415 81.684 82.238 83.613 82.721] )
Neighs (x-coords) of 477 =  [300 479 290 464 292 295 302 471] ( [81.252 80.235 80.989 81.049 81.684 82.238 83.613 83.518] )
Neighs (x-coords) of 478 =  [470 300 477 479 295 302 301 487] ( [84.05  81.252 81.269 80.235 82.238 83.613 82.377 81.415] )
Neighs (x-coords) of 479 =  [300 477 290 464 292 295 478 301] ( [81.252 81.269 80.989 81.049 81.684 82.238 81.525 82.377] )
Neighs (x-coords) of 480 =  [481 224 225 209] ( [46.894 46.588 46.554 46.251] )
Neighs (x-coords) of 481 =  [197 192 210 224 225] ( [45.264 45.655 46.061 46.588 46.554] )
Neighs (x-coords) of 482 =  [463 289 293 299 486 483 297] ( [79.798 81.021 80.845 79.334 78.882 81.57  81.57 ] )
Neighs (x-coords) of 483 =  [482 293 299 468 472 297 298 474] ( [81.076 80.845 79.334 79.2   81.14  81.57  81.415 82.503] )
Neighs (x-coords) of 484 =  [297 298 474 482 289 293] ( [81.57  81.415 82.503 81.076 81.021 80.845] )
Neighs (x-coords) of 485 =  [289 293 299 468 486 473] ( [81.021 80.845 79.334 79.2   78.882 81.021] )
Neighs (x-coords) of 486 =  [289 293 299 468 485 287 463 482] ( [81.021 80.845 79.334 79.2   78.8   80.305 79.798 81.076] )
Neighs (x-coords) of 487 =  [291 301 476 300 479 473 292 295 478] ( [81.948 82.377 83.102 81.252 80.235 81.021 81.684 82.238 81.525] )
Neighs (x-coords) of 488 =  [421 597 414 424 444 598 601 409] ( [24.783 26.473 25.819 26.467 28.704 29.227 27.912 28.133] )
Neighs (x-coords) of 489 =  [195 197 192 196] ( [45.6   45.264 45.655 45.708] )
Neighs (x-coords) of 490 =  [360 501 399 460 400 502 402 491 361] ( [19.257 18.433 17.242 18.035 17.589 20.093 18.732 19.941 19.897] )
Neighs (x-coords) of 491 =  [364 402 794 641 360 490 501 361] ( [18.226 18.732 19.018 17.383 19.257 19.797 18.433 19.897] )
Neighs (x-coords) of 492 =  [237 493 495 231 509 233 245 498] ( [76.355 76.143 75.433 77.444 78.045 76.946 76.986 79.014] )
Neighs (x-coords) of 493 =  [237 492 495 233 238 529 497] ( [76.355 77.05  75.433 76.946 76.042 75.878 78.352] )
Neighs (x-coords) of 494 =  [200 201 500 207 209 465] ( [44.445 43.683 42.884 45.807 46.251 46.324] )
Neighs (x-coords) of 495 =  [237 492 493 552 589 531 231 233 238] ( [76.355 77.05  76.143 73.577 73.108 75.073 77.444 76.946 76.042] )
Neighs (x-coords) of 496 =  [239 233 238 245 530 498] ( [78.374 76.946 76.042 76.986 76.513 79.014] )
Neighs (x-coords) of 497 =  [237 493 233 238 530 529 498 239] ( [76.355 76.143 76.946 76.042 76.513 75.878 79.014 78.374] )
Neighs (x-coords) of 498 =  [231 509 237 492 233 245 497 239] ( [77.444 78.045 76.355 77.05  76.946 76.986 78.352 78.374] )
Neighs (x-coords) of 499 =  [231 232 240 509 523 512 234 241] ( [77.444 77.207 76.577 78.045 75.691 76.339 77.021 78.332] )
Neighs (x-coords) of 500 =  [201 510 200 494] ( [43.683 43.367 44.445 44.387] )
Neighs (x-coords) of 501 =  [360 490 399 460 400 641 364 402] ( [19.257 19.797 17.242 18.035 17.589 17.383 18.226 18.732] )
Neighs (x-coords) of 502 =  [400 360 490 402 361 503] ( [17.589 19.257 19.797 18.732 19.897 19.662] )
Neighs (x-coords) of 503 =  [361 505 400 462 795 502 364 402] ( [19.897 20.805 17.589 17.219 17.901 20.093 18.226 18.732] )
Neighs (x-coords) of 504 =  [193 196 520 198 204 205] ( [45.92  45.708 45.606 45.978 46.545 46.234] )
Neighs (x-coords) of 505 =  [361 503 360 490 502 364 402 491] ( [19.897 19.662 19.257 19.797 20.093 18.226 18.732 19.941] )
Neighs (x-coords) of 506 =  [368 401 507 639 382 521 397 399] ( [16.483 15.352 17.136 16.057 14.431 14.97  15.911 17.242] )
Neighs (x-coords) of 507 =  [368 401 506 639 515 358 397 399 460] ( [16.483 15.352 17.076 16.057 14.267 14.566 15.911 17.242 18.035] )
Neighs (x-coords) of 508 =  [204 205 206 692] ( [46.545 46.234 45.338 44.977] )
Neighs (x-coords) of 509 =  [231 232 240 499 523 234 237 492 233 245] ( [77.444 77.207 76.577 77.371 75.691 77.021 76.355 77.05  76.946 76.986] )
Neighs (x-coords) of 510 =  [201 500 202 203 692] ( [43.683 42.884 43.927 44.879 44.977] )
Neighs (x-coords) of 511 =  [594 625 596 415 409 435 619 425 459 430] ( [29.105 27.698 26.861 26.938 28.133 29.371 29.079 27.174 27.277 27.404] )
Neighs (x-coords) of 512 =  [234 242 526 532 240 499 523] ( [77.021 75.885 75.621 78.208 76.577 77.371 75.691] )
Neighs (x-coords) of 513 =  [241 533 234 532 232 240] ( [78.332 78.626 77.021 78.208 77.207 76.577] )
Neighs (x-coords) of 514 =  [358 382 524 515 466 401 397 519] ( [14.566 14.431 13.545 14.267 13.976 15.352 15.911 15.185] )
Neighs (x-coords) of 515 =  [382 522 358 514 368 401 507 639] ( [14.431 14.098 14.566 13.667 16.483 15.352 17.136 16.057] )
Neighs (x-coords) of 516 =  [265 267 296 266] ( [77.178 77.294 78.228 76.181] )
Neighs (x-coords) of 517 =  [243 246 286 266] ( [74.806 74.935 73.6   76.181] )
Neighs (x-coords) of 518 =  [243 286 244 265] ( [74.806 73.6   75.922 77.178] )
Neighs (x-coords) of 519 =  [397 515 358 514 368 401] ( [15.911 14.267 14.566 13.667 16.483 15.352] )
Neighs (x-coords) of 520 =  [193 196 195 489 504 198] ( [45.92  45.708 45.6   45.429 47.223 45.978] )
Neighs (x-coords) of 521 =  [382 522 524 368 401 506] ( [14.431 14.098 13.545 16.483 15.352 17.076] )
Neighs (x-coords) of 522 =  [382 524 521 515 358 368 401] ( [14.431 13.545 14.97  14.267 14.566 16.483 15.352] )
Neighs (x-coords) of 523 =  [231 232 240 499 509 528 553 512 234] ( [77.444 77.207 76.577 77.371 78.045 74.998 73.416 76.339 77.021] )
Neighs (x-coords) of 524 =  [382 522 521 358 514 466 401 397] ( [14.431 14.098 14.97  14.566 13.667 13.976 15.352 15.911] )
Neighs (x-coords) of 525 =  [234 242 526 528 232 558 230 241] ( [77.021 75.885 75.621 74.998 77.207 77.493 77.196 78.332] )
Neighs (x-coords) of 526 =  [234 242 525 532 528 512 240] ( [77.021 75.885 76.191 78.208 74.998 76.339 76.577] )
Neighs (x-coords) of 527 =  [  0 534 421 414 415 428 430 451] ( [26.235 25.544 24.783 25.819 26.938 26.185 27.404 28.276] )
Neighs (x-coords) of 528 =  [234 242 525 526 232 240 523] ( [77.021 75.885 76.191 75.621 77.207 76.577 75.691] )
Neighs (x-coords) of 529 =  [531 237 493 233 238 530 497] ( [75.073 76.355 76.143 76.946 76.042 76.513 78.352] )
Neighs (x-coords) of 530 =  [233 238 245 761 531 264 529 497 239] ( [76.946 76.042 76.986 76.457 75.073 76.731 75.878 78.352 78.374] )
Neighs (x-coords) of 531 =  [552 237 495 264 233 238 245 530 761] ( [73.577 76.355 75.433 76.731 76.946 76.042 76.986 76.513 76.457] )
Neighs (x-coords) of 532 =  [234 242 526 512 240 241 513] ( [77.021 75.885 75.621 76.339 76.577 78.332 79.138] )
Neighs (x-coords) of 533 =  [241 513 234 242 525 532 232 558] ( [78.332 79.138 77.021 75.885 76.191 78.208 77.207 77.493] )
Neighs (x-coords) of 534 =  [  0 527 415 428 535 587 430 451] ( [26.235 25.933 26.938 26.185 26.513 25.594 27.404 28.276] )
Neighs (x-coords) of 535 =  [428 587 534 625 430 451 609 434] ( [26.185 25.594 25.544 27.698 27.404 28.276 28.637 28.289] )
Neighs (x-coords) of 536 =  [160 284 159 283] ( [68.772 68.475 68.168 68.954] )
Neighs (x-coords) of 537 =  [322 357 393 319] ( [18.941 19.603 19.552 19.721] )
Neighs (x-coords) of 538 =  [162 163 549 164] ( [65.438 66.165 65.659 66.064] )
Neighs (x-coords) of 539 =  [350 352 354 540 541 615 340 583 547] ( [23.507 21.855 22.653 22.516 21.392 18.439 20.468 20.284 22.865] )
Neighs (x-coords) of 540 =  [350 352 354 539 541 546 351] ( [23.507 21.855 22.653 21.077 21.392 24.047 23.58 ] )
Neighs (x-coords) of 541 =  [352 354 539 540 340 583 635 351] ( [21.855 22.653 21.077 22.516 20.468 20.284 23.003 23.58 ] )
Neighs (x-coords) of 542 =  [350 354 546 547 351 454 413 586 637] ( [23.507 22.653 24.047 22.865 23.58  21.703 22.058 23.096 24.323] )
Neighs (x-coords) of 543 =  [179 188 177 178] ( [65.573 63.748 64.9   66.915] )
Neighs (x-coords) of 544 =  [158 174 176 178] ( [67.455 66.793 67.501 66.915] )
Neighs (x-coords) of 545 =  [175 177 188 158] ( [65.462 64.9   63.748 67.455] )
Neighs (x-coords) of 546 =  [350 352 354 540 547 351 637] ( [23.507 21.855 22.653 22.516 22.865 23.58  24.323] )
Neighs (x-coords) of 547 =  [350 352 354 539 546 454 413 586] ( [23.507 21.855 22.653 21.077 24.047 21.703 22.058 23.096] )
Neighs (x-coords) of 548 =  [186 182 171 576 172 180 181] ( [59.285 59.697 58.911 59.778 62.572 60.844 61.421] )
Neighs (x-coords) of 549 =  [163 162 538 161] ( [66.165 65.438 64.35  68.205] )
Neighs (x-coords) of 550 =  [344 353 617 618 331 620] ( [18.013 17.522 16.457 18.052 17.078 17.018] )
Neighs (x-coords) of 551 =  [275 277 189 279 614 561 173 553] ( [70.055 70.808 71.034 71.784 70.159 70.474 72.871 73.416] )
Neighs (x-coords) of 552 =  [227 589 189 279 557 173 553 613 551 531] ( [72.503 73.108 71.034 71.784 71.746 72.871 73.416 73.167 72.435 75.073] )
Neighs (x-coords) of 553 =  [173 613 277 279 227 552 551] ( [72.871 73.167 70.808 71.784 72.503 73.577 72.435] )
Neighs (x-coords) of 554 =  [229 278 282 556 628 638 630 228] ( [68.967 68.986 67.514 68.437 66.881 67.132 69.491 69.846] )
Neighs (x-coords) of 555 =  [626 629 229 278 554 556 228 616 274] ( [71.419 70.889 68.967 68.986 68.461 68.437 69.846 71.776 69.534] )
Neighs (x-coords) of 556 =  [229 278 282 554 628 555] ( [68.967 68.986 67.514 68.461 66.881 69.977] )
Neighs (x-coords) of 557 =  [189 279 588 561 173 227 552] ( [71.034 71.784 70.341 70.474 72.871 72.503 73.577] )
Neighs (x-coords) of 558 =  [234 242 525 232 230 247 235] ( [77.021 75.885 76.191 77.207 77.196 76.804 76.507] )
Neighs (x-coords) of 559 =  [167 161 165 166] ( [68.177 68.205 67.543 67.45 ] )
Neighs (x-coords) of 560 =  [166 164 168 167] ( [67.45  66.064 65.304 68.177] )
Neighs (x-coords) of 561 =  [275 277 189 279 557 588 614 173] ( [70.055 70.808 71.034 71.784 71.746 70.341 70.159 72.871] )
Neighs (x-coords) of 562 =  [411 318 436 346] ( [20.955 20.43  21.057 21.533] )
Neighs (x-coords) of 563 =  [187 157 564 185 571 172 181] ( [59.37  59.123 59.944 59.667 61.464 62.572 61.421] )
Neighs (x-coords) of 564 =  [157 565 573 187 185 155 571 183] ( [59.123 59.021 58.207 59.37  59.667 60.569 61.464 60.798] )
Neighs (x-coords) of 565 =  [157 564 573 156 187 568 155] ( [59.123 59.944 58.207 58.098 59.37  57.89  60.569] )
Neighs (x-coords) of 566 =  [169 186 467 567 570 182 184 585 154] ( [58.052 59.285 57.875 57.153 58.236 59.697 58.97  57.882 60.441] )
Neighs (x-coords) of 567 =  [169 186 467 566 182 184 585 171 577] ( [58.052 59.285 57.875 58.216 59.697 58.97  57.882 58.911 58.524] )
Neighs (x-coords) of 568 =  [156 187 569 570 157 565 573 155] ( [58.098 59.37  57.228 58.236 59.123 59.021 58.207 60.569] )
Neighs (x-coords) of 569 =  [156 187 568 570 157 573 184 185] ( [58.098 59.37  57.89  58.236 59.123 58.207 58.97  59.667] )
Neighs (x-coords) of 570 =  [156 187 568 569 566 184 185 585 155 572] ( [58.098 59.37  57.89  57.228 58.216 58.97  59.667 57.882 60.569 60.346] )
Neighs (x-coords) of 571 =  [155 572 575 187 157 564 185 183] ( [60.569 60.346 60.78  59.37  59.123 59.944 59.667 60.798] )
Neighs (x-coords) of 572 =  [155 571 575 156 187 568 570 157] ( [60.569 61.464 60.78  58.098 59.37  57.89  58.236 59.123] )
Neighs (x-coords) of 573 =  [157 564 565 156 187 568 569] ( [59.123 59.944 59.021 58.098 59.37  57.89  57.228] )
Neighs (x-coords) of 574 =  [417 420 318 436] ( [21.837 22.628 20.43  21.057] )
Neighs (x-coords) of 575 =  [155 571 572 156 187 570] ( [60.569 61.464 60.346 58.098 59.37  58.236] )
Neighs (x-coords) of 576 =  [171 577 186 182 578 154 180 581] ( [58.911 58.524 59.285 59.697 58.143 60.441 60.844 61.359] )
Neighs (x-coords) of 577 =  [171 576 580 567 169 186 467 578] ( [58.911 59.778 60.181 57.153 58.052 59.285 57.875 58.143] )
Neighs (x-coords) of 578 =  [567 169 186 182 171 576] ( [57.153 58.052 59.285 59.697 58.911 59.778] )
Neighs (x-coords) of 579 =  [154 169 186 467 566 182 580] ( [60.441 58.052 59.285 57.875 58.216 59.697 60.181] )
Neighs (x-coords) of 580 =  [171 577 169 186 467 154 579] ( [58.911 58.524 58.052 59.285 57.875 60.441 60.632] )
Neighs (x-coords) of 581 =  [186 182 171 576 580 154 579 180] ( [59.285 59.697 58.911 59.778 60.181 60.441 60.632 60.844] )
Neighs (x-coords) of 582 =  [447 344 331 620 632 341 345] ( [19.828 18.013 17.078 17.018 17.438 19.453 21.324] )
Neighs (x-coords) of 583 =  [340 341 344 353 618 615 352 354 539 541 635] ( [20.468 19.453 18.013 17.522 18.052 18.439 21.855 22.653 21.077 21.392 23.003] )
Neighs (x-coords) of 584 =  [346 419 452 422] ( [21.533 22.305 23.688 21.594] )
Neighs (x-coords) of 585 =  [182 184 185 567 156 187 569 570 169 186] ( [59.697 58.97  59.667 57.153 58.098 59.37  57.228 58.236 58.052 59.285] )
Neighs (x-coords) of 586 =  [345 413 449 350 354 547 454 542] ( [21.324 22.058 21.095 23.507 22.653 22.865 21.703 24.245] )
Neighs (x-coords) of 587 =  [428 535 415 534 625 430] ( [26.185 26.513 26.938 25.544 27.698 27.404] )
Neighs (x-coords) of 588 =  [189 279 557 616 277 561 227] ( [71.034 71.784 71.746 71.776 70.808 70.474 72.503] )
Neighs (x-coords) of 589 =  [227 552 616 189 279 557 588 173 613] ( [72.503 73.577 71.776 71.034 71.784 71.746 70.341 72.871 73.167] )
Neighs (x-coords) of 590 =  [621 278 282 272 273 280] ( [67.436 68.986 67.514 69.022 69.149 68.345] )
Neighs (x-coords) of 591 =  [615 330 600 344 331 632] ( [18.439 17.911 16.869 18.013 17.078 17.438] )
Neighs (x-coords) of 592 =  [211 213 593 208] ( [57.047 55.804 54.929 58.194] )
Neighs (x-coords) of 593 =  [211 213 592 673 762 212] ( [57.047 55.804 57.148 52.814 55.241 55.631] )
Neighs (x-coords) of 594 =  [511 625 415 619 425 623 430 451 611 434] ( [27.187 27.698 26.938 29.079 27.174 29.91  27.404 28.276 29.137 28.289] )
Neighs (x-coords) of 595 =  [409 435 456 599 622 596 597 444] ( [28.133 29.371 27.289 29.408 30.053 26.861 26.473 28.704] )
Neighs (x-coords) of 596 =  [597 409 435 456 595 619 459] ( [26.473 28.133 29.371 27.289 27.902 29.079 27.277] )
Neighs (x-coords) of 597 =  [596 488 444 601 409 456 595] ( [26.861 26.281 28.704 27.912 28.133 27.289 27.902] )
Neighs (x-coords) of 598 =  [444 601 488 409 435 599 459] ( [28.704 27.912 26.281 28.133 29.371 29.408 27.277] )
Neighs (x-coords) of 599 =  [409 435 456 595 622 444 598] ( [28.133 29.371 27.289 27.902 30.053 28.704 29.227] )
Neighs (x-coords) of 600 =  [330 344 353 617 331 633 591] ( [17.911 18.013 17.522 16.457 17.078 16.068 18.346] )
Neighs (x-coords) of 601 =  [444 598 597 488 424 409 456 599] ( [28.704 29.227 26.473 26.281 26.467 28.133 27.289 29.408] )
Neighs (x-coords) of 602 =  [123 216 218 220] ( [48.016 51.026 49.727 49.251] )
Neighs (x-coords) of 603 =  [268 270 160 271] ( [69.326 70.691 68.772 71.194] )
Neighs (x-coords) of 604 =  [269 271 159 283] ( [70.324 71.194 68.168 68.954] )
Neighs (x-coords) of 605 =  [221 606 217 219 222] ( [50.076 49.776 51.818 51.247 53.131] )
Neighs (x-coords) of 606 =  [123 220 221 219] ( [48.016 49.251 50.076 51.247] )
Neighs (x-coords) of 607 =  [320 321 395 322] ( [17.632 17.046 15.942 18.941] )
Neighs (x-coords) of 608 =  [430 451 609 611 415   0 527 534] ( [27.404 28.276 28.637 29.137 26.938 26.235 25.933 25.544] )
Neighs (x-coords) of 609 =  [430 451 608 611 428 535 434] ( [27.404 28.276 27.709 29.137 26.185 26.513 28.289] )
Neighs (x-coords) of 610 =  [356 395 321 319] ( [17.66  15.942 17.046 19.721] )
Neighs (x-coords) of 611 =  [430 451 608 609 415 594 434] ( [27.404 28.276 27.709 28.637 26.938 29.105 28.289] )
Neighs (x-coords) of 612 =  [602 216 218 217] ( [49.068 51.026 49.727 51.818] )
Neighs (x-coords) of 613 =  [173 553 626 616 276 277 279 227 552] ( [72.871 73.416 71.419 71.776 70.658 70.808 71.784 72.503 73.577] )
Neighs (x-coords) of 614 =  [273 280 275 277 189 279 561 173] ( [69.149 68.345 70.055 70.808 71.034 71.784 70.474 72.871] )
Neighs (x-coords) of 615 =  [591 330 600 344 353 618 340 341 583] ( [18.346 17.911 16.869 18.013 17.522 18.052 20.468 19.453 20.284] )
Neighs (x-coords) of 616 =  [555 626 276 277 189 279 588 613 227] ( [69.977 71.419 70.658 70.808 71.034 71.784 70.341 73.167 72.503] )
Neighs (x-coords) of 617 =  [344 353 550 618 330 600 331 620] ( [18.013 17.522 17.688 18.052 17.911 16.869 17.078 17.018] )
Neighs (x-coords) of 618 =  [344 353 550 617 330 615 340 341] ( [18.013 17.522 17.688 16.457 17.911 18.439 20.468 19.453] )
Neighs (x-coords) of 619 =  [596 409 435 456 595 622 425 459 623 511] ( [26.861 28.133 29.371 27.289 27.902 30.053 27.174 27.277 29.91  27.187] )
Neighs (x-coords) of 620 =  [331 632 633 344 353 550 617 341 447] ( [17.078 17.438 16.068 18.013 17.522 17.688 16.457 19.453 19.828] )
Neighs (x-coords) of 621 =  [278 282 628 638 590 272 228 631] ( [68.986 67.514 66.881 67.132 68.551 69.022 69.846 69.794] )
Neighs (x-coords) of 622 =  [409 435 456 595 599 444 619] ( [28.133 29.371 27.289 27.902 29.408 28.704 29.079] )
Neighs (x-coords) of 623 =  [425 459 444 598 409 435 622 619] ( [27.174 27.277 28.704 29.227 28.133 29.371 30.053 29.079] )
Neighs (x-coords) of 624 =  [434 428 535 594 625 430 451 609] ( [28.289 26.185 26.513 29.105 27.698 27.404 28.276 28.637] )
Neighs (x-coords) of 625 =  [511 594 415 428 535 587 425 430 434] ( [27.187 29.105 26.938 26.185 26.513 25.594 27.174 27.404 28.289] )
Neighs (x-coords) of 626 =  [555 629 229 278 228 616 274 276 277 279 613] ( [69.977 70.889 68.967 68.986 69.846 71.776 69.534 70.658 70.808 71.784 73.167] )
Neighs (x-coords) of 627 =  [190 191 636 208] ( [58.021 56.775 56.679 58.194] )
Neighs (x-coords) of 628 =  [229 278 282 554 556 638 621 272] ( [68.967 68.986 67.514 68.461 68.437 67.132 67.436 69.022] )
Neighs (x-coords) of 629 =  [555 626 229 278 630 228 631 274] ( [69.977 71.419 68.967 68.986 69.491 69.846 69.794 69.534] )
Neighs (x-coords) of 630 =  [229 278 282 554 638 228 631] ( [68.967 68.986 67.514 68.461 67.132 69.846 69.794] )
Neighs (x-coords) of 631 =  [228 621 278 282 630 629] ( [69.846 67.436 68.986 67.514 69.491 70.889] )
Neighs (x-coords) of 632 =  [331 620 633 330 344 591 341 447] ( [17.078 17.018 16.068 17.911 18.013 18.346 19.453 19.828] )
Neighs (x-coords) of 633 =  [331 620 632 330 600 344 353] ( [17.078 17.018 17.438 17.911 16.869 18.013 17.522] )
Neighs (x-coords) of 634 =  [350 354 635 351 454 586 637] ( [23.507 22.653 23.003 23.58  21.703 23.096 24.323] )
Neighs (x-coords) of 635 =  [583 352 354 541 351 454 637] ( [20.284 21.855 22.653 21.392 23.58  21.703 24.323] )
Neighs (x-coords) of 636 =  [191 212 223 190] ( [56.775 55.631 54.35  58.021] )
Neighs (x-coords) of 637 =  [350 352 354 540 546 635 351 542] ( [23.507 21.855 22.653 22.516 24.047 23.003 23.58  24.245] )
Neighs (x-coords) of 638 =  [229 278 282 554 628 621 630] ( [68.967 68.986 67.514 68.461 66.881 67.436 69.491] )
Neighs (x-coords) of 639 =  [368 401 506 507 382 522 515] ( [16.483 15.352 17.076 17.136 14.431 14.098 14.267] )
Neighs (x-coords) of 640 =  [448 712 719 102 304 441 151] ( [ 8.753  7.142  5.751  6.87   6.57   7.819 11.01 ] )
Neighs (x-coords) of 641 =  [400 795 360 501 364 402 491] ( [17.589 17.901 19.257 18.433 18.226 18.732 19.941] )
Neighs (x-coords) of 642 =  [309 347 348 349 654 691 698] ( [23.128 23.917 23.113 21.684 23.856 21.181 22.744] )
Neighs (x-coords) of 643 =  [309 311 347 348 654 642 312 689 845] ( [23.128 23.821 23.917 23.113 23.856 23.509 24.66  26.753 24.503] )
Neighs (x-coords) of 644 =  [116 118 119 305] ( [45.742 45.841 44.785 45.013] )
Neighs (x-coords) of 645 =  [117 119 120 115] ( [43.533 44.785 42.107 43.365] )
Neighs (x-coords) of 646 =  [130 120 115 122] ( [44.484 42.107 43.365 46.889] )
Neighs (x-coords) of 647 =  [339 343 438 337] ( [23.386 23.082 22.312 23.95 ] )
Neighs (x-coords) of 648 =  [338 343 438 307] ( [23.515 23.082 22.312 24.335] )
Neighs (x-coords) of 649 =  [337 455 335 307] ( [23.95  23.993 24.419 24.335] )
Neighs (x-coords) of 650 =  [121 133 149 148] ( [40.879 39.17  39.656 37.881] )
Neighs (x-coords) of 651 =  [146 148 132 133] ( [37.044 37.881 35.691 39.17 ] )
Neighs (x-coords) of 652 =  [145 147 653 121] ( [37.614 38.847 37.056 40.879] )
Neighs (x-coords) of 653 =  [145 147 132 146] ( [37.614 38.847 35.691 37.044] )
Neighs (x-coords) of 654 =  [309 311 347 349 694 642 312 845] ( [23.128 23.821 23.917 21.684 21.684 23.509 24.66  24.503] )
Neighs (x-coords) of 655 =  [332 334 699 433 756 437 458] ( [23.931 23.747 21.2   23.195 22.655 23.096 24.154] )
Neighs (x-coords) of 656 =  [140 150 668 143] ( [30.923 32.229 32.673 29.006] )
Neighs (x-coords) of 657 =  [137 139 658 142] ( [31.058 32.383 30.591 33.014] )
Neighs (x-coords) of 658 =  [137 138 139 657] ( [31.058 30.307 32.383 32.961] )
Neighs (x-coords) of 659 =  [333 381 458 703 450 457 754] ( [24.205 24.767 24.154 24.778 24.872 25.223 27.05 ] )
Neighs (x-coords) of 660 =  [407 667 332 412 437 665 431 450 457 702] ( [24.785 24.626 23.931 23.597 23.096 23.543 24.781 24.872 25.223 25.368] )
Neighs (x-coords) of 661 =  [ 90 113 114 134] ( [21.461 21.968 23.844 23.253] )
Neighs (x-coords) of 662 =  [135 112 114 134] ( [23.66  23.142 23.844 23.253] )
Neighs (x-coords) of 663 =  [ 91 664  90  93] ( [21.846 21.309 21.461 21.237] )
Neighs (x-coords) of 664 =  [ 91 135 663 112] ( [21.846 23.66  20.177 23.142] )
Neighs (x-coords) of 665 =  [412 437 453 666 760 332 746 407 660] ( [23.597 23.096 21.621 22.979 21.554 23.931 23.727 24.785 25.46 ] )
Neighs (x-coords) of 666 =  [412 437 453 665 701 433 758] ( [23.597 23.096 21.621 23.543 21.018 23.195 22.762] )
Neighs (x-coords) of 667 =  [407 660 433 332 758 412 437 665 666] ( [24.785 25.46  23.195 23.931 22.762 23.597 23.096 23.543 22.979] )
Neighs (x-coords) of 668 =  [140 150 656 142] ( [30.923 32.229 30.335 33.014] )
Neighs (x-coords) of 669 =  [408 670 671 310 329 328 682 850] ( [28.134 27.974 28.158 27.018 26.89  27.477 28.431 27.867] )
Neighs (x-coords) of 670 =  [408 669 671 680 314 316 843 310 329] ( [28.134 29.109 28.158 26.479 25.694 25.44  25.946 27.018 26.89 ] )
Neighs (x-coords) of 671 =  [408 669 670 314 316 843 310 328] ( [28.134 29.109 27.974 25.694 25.44  25.946 27.018 27.477] )
Neighs (x-coords) of 672 =  [ 21  76 128 673 686  22 687 700 883] ( [51.911 51.736 53.925 52.814 50.827 50.554 49.684 51.059 53.558] )
Neighs (x-coords) of 673 =  [ 21  76 128 672 700 883  20 126 685] ( [51.911 51.736 53.925 51.972 51.059 53.558 51.419 53.009 52.268] )
Neighs (x-coords) of 674 =  [ 24 676 822 675 763  25  75  23] ( [57.205 57.733 56.687 56.537 55.275 55.861 56.398 57.326] )
Neighs (x-coords) of 675 =  [763  25  75 129  24 674] ( [55.275 55.861 56.398 55.261 57.205 57.942] )
Neighs (x-coords) of 676 =  [ 24 674 675  75 129 127 693  23] ( [57.205 57.942 56.537 56.398 55.261 55.565 56.591 57.326] )
Neighs (x-coords) of 677 =  [ 25  75 129 762 211 213  23 678] ( [55.861 56.398 55.261 55.241 57.047 55.804 57.326 58.006] )
Neighs (x-coords) of 678 =  [ 23 679 762 822  25  75 677  24] ( [57.326 57.93  55.241 56.687 55.861 56.398 56.728 57.205] )
Neighs (x-coords) of 679 =  [ 23 678  75 129 677 127 693  24] ( [57.326 58.006 56.398 55.261 56.728 55.565 56.591 57.205] )
Neighs (x-coords) of 680 =  [314 310 329 849 408 670] ( [25.694 27.018 26.89  26.235 28.134 27.974] )
Neighs (x-coords) of 681 =  [314 310 689 408 669 671 328] ( [25.694 27.018 26.753 28.134 29.109 28.158 27.477] )
Neighs (x-coords) of 682 =  [328 850 310 329 689 408 669] ( [27.477 27.867 27.018 26.89  26.753 28.134 29.109] )
Neighs (x-coords) of 683 =  [ 20 124 126 695  22 684 688  76] ( [51.419 53.273 53.009 52.491 50.554 50.552 50.276 51.736] )
Neighs (x-coords) of 684 =  [ 22 687 700  21  76  20 683] ( [50.554 49.684 51.059 51.911 51.736 51.419 51.195] )
Neighs (x-coords) of 685 =  [700 684  21  76 673  20 126 683] ( [51.059 50.552 51.911 51.736 52.814 51.419 53.009 51.195] )
Neighs (x-coords) of 686 =  [ 22 687 688 883  21  76 672] ( [50.554 49.684 50.276 53.558 51.911 51.736 51.972] )
Neighs (x-coords) of 687 =  [ 22 700 686 684 688  21  76 672] ( [50.554 51.059 50.827 50.552 50.276 51.911 51.736 51.972] )
Neighs (x-coords) of 688 =  [686  22 687  76  20 126 683] ( [50.827 50.554 49.684 51.736 51.419 53.009 51.195] )
Neighs (x-coords) of 689 =  [310 312 329 845 849 314 643 328 682] ( [27.018 24.66  26.89  24.503 26.235 25.694 24.966 27.477 28.431] )
Neighs (x-coords) of 690 =  [309 311 348 349 691 694 844] ( [23.128 23.821 23.113 21.684 21.181 21.684 22.717] )
Neighs (x-coords) of 691 =  [309 347 348 349 690 694 642] ( [23.128 23.917 23.113 21.684 21.111 21.684 23.509] )
Neighs (x-coords) of 692 =  [202 203 510 205 206] ( [43.927 44.879 43.367 46.234 45.338] )
Neighs (x-coords) of 693 =  [ 74 125 127  75 129  24 676  23] ( [54.96  54.567 55.565 56.398 55.261 57.205 57.733 57.326] )
Neighs (x-coords) of 694 =  [309 311 347 349 654 690] ( [23.128 23.821 23.917 21.684 23.856 21.111] )
Neighs (x-coords) of 695 =  [ 20 124 126 683 688  76  74] ( [51.419 53.273 53.009 51.195 50.276 51.736 54.96 ] )
Neighs (x-coords) of 696 =  [313 844 309 311 348 349 690 698] ( [23.592 22.717 23.128 23.821 23.113 21.684 21.111 22.744] )
Neighs (x-coords) of 697 =  [309 311 347 348 696 698] ( [23.128 23.821 23.917 23.113 22.464 22.744] )
Neighs (x-coords) of 698 =  [309 347 348 349 691 642 696] ( [23.128 23.917 23.113 21.684 21.181 23.509 22.464] )
Neighs (x-coords) of 699 =  [332 334 655 701 433 756 437 453] ( [23.931 23.747 23.242 21.018 23.195 22.655 23.096 21.621] )
Neighs (x-coords) of 700 =  [ 22 687 684  21  76 672 673  20] ( [50.554 49.684 50.552 51.911 51.736 51.972 52.814 51.419] )
Neighs (x-coords) of 701 =  [433 699 758 412 437 453 666] ( [23.195 21.2   22.762 23.597 23.096 21.621 22.979] )
Neighs (x-coords) of 702 =  [429 431 450 457 746 407 660 755 745] ( [26.744 24.781 24.872 25.223 23.727 24.785 25.46  27.018 24.921] )
Neighs (x-coords) of 703 =  [759 381 659 429 450 457 754 427] ( [23.385 24.767 25.144 26.744 24.872 25.223 27.05  24.458] )
Neighs (x-coords) of 704 =  [ 96  80 106 107] ( [11.986 13.038 13.531 12.973] )
Neighs (x-coords) of 705 =  [105  96 107  87] ( [14.309 11.986 12.973 16.571] )
Neighs (x-coords) of 706 =  [ 87 103  80 104] ( [16.571 15.273 13.038 14.878] )
Neighs (x-coords) of 707 =  [ 89 442 446  88] ( [20.927 19.257 20.453 17.768] )
Neighs (x-coords) of 708 =  [410 426 443  88] ( [19.893 20.932 18.963 17.768] )
Neighs (x-coords) of 709 =  [ 89 446 426 432] ( [20.927 20.453 20.932 21.183] )
Neighs (x-coords) of 710 =  [101 102 304 717 711 729 712] ( [6.055 6.87  6.57  6.876 5.987 5.297 7.142] )
Neighs (x-coords) of 711 =  [729 100 720 712 101 102 304] ( [5.297 5.466 4.529 7.142 6.055 6.87  6.57 ] )
Neighs (x-coords) of 712 =  [448 640 100 719 711 102 304 710] ( [8.753 8.59  5.466 5.751 5.987 6.87  6.57  7.682] )
Neighs (x-coords) of 713 =  [716  98 714  97 439  99 726] ( [ 9.241  8.962  7.876 11.125  9.582  9.101  9.433] )
Neighs (x-coords) of 714 =  [ 98 445 793 725 416 439 713 716] ( [8.962 7.95  7.087 8.012 9.194 9.582 9.32  9.241] )
Neighs (x-coords) of 715 =  [748 753  81  77  95 109 110] ( [ 9.413 10.607  8.636  9.17  10.205 11.183 11.831] )
Neighs (x-coords) of 716 =  [713 445  98 714  97 416 439] ( [ 9.32   7.95   8.962  7.876 11.125  9.194  9.582] )
Neighs (x-coords) of 717 =  [101 102 304 710 729 718 441 445] ( [6.055 6.87  6.57  7.682 5.297 5.596 7.819 7.95 ] )
Neighs (x-coords) of 718 =  [100 720 729 721 101 304 717 441 445] ( [5.466 4.529 5.297 5.303 6.055 6.57  6.876 7.819 7.95 ] )
Neighs (x-coords) of 719 =  [100 720 721 640 712 102 304] ( [5.466 4.529 5.303 8.59  7.142 6.87  6.57 ] )
Neighs (x-coords) of 720 =  [100 719 711 729 721 718 101 102] ( [5.466 5.751 5.987 5.297 5.303 5.596 6.055 6.87 ] )
Neighs (x-coords) of 721 =  [100 719 720 718 101 304 441] ( [5.466 5.751 4.529 5.596 6.055 6.57  7.819] )
Neighs (x-coords) of 722 =  [ 99 726 727 423 728  97 416 439 724] ( [ 9.101  9.433  9.496 10.026 10.738 11.125  9.194  9.582 11.482] )
Neighs (x-coords) of 723 =  [ 98  97 439 724 713  99 722] ( [ 8.962 11.125  9.582 11.482  9.32   9.101 11.635] )
Neighs (x-coords) of 724 =  [ 97 416 439  98 423 716 722] ( [11.125  9.194  9.582  8.962 10.026  9.241 11.635] )
Neighs (x-coords) of 725 =  [793  98 714 416 439  99 726] ( [7.087 8.962 7.876 9.194 9.582 9.101 9.433] )
Neighs (x-coords) of 726 =  [ 99 722 727  98 725  97 439 713] ( [ 9.101 11.635  9.496  8.962  8.012 11.125  9.582  9.32 ] )
Neighs (x-coords) of 727 =  [ 99 722 726 725 728  97 416] ( [ 9.101 11.635  9.433  8.012 10.738 11.125  9.194] )
Neighs (x-coords) of 728 =  [151 418 423  97 416 439 722] ( [11.01   9.94  10.026 11.125  9.194  9.582 11.635] )
Neighs (x-coords) of 729 =  [711 100 720 718 101 102 304 710] ( [5.987 5.466 4.529 5.596 6.055 6.87  6.57  7.682] )
Neighs (x-coords) of 730 =  [427 755 759 703 429 431 457] ( [24.458 27.018 23.385 24.778 26.744 24.781 25.223] )
Neighs (x-coords) of 731 =  [ 78  84 741 744  92 110 111] ( [10.079  9.918 11.974 10.887 10.668 11.831 11.683] )
Neighs (x-coords) of 732 =  [ 77  94  95 733  86  82 737 738  78 740] ( [ 9.17  10.239 10.205  8.693  8.655  7.944  8.198  7.58  10.079 11.097] )
Neighs (x-coords) of 733 =  [ 86 734 735  78  85 740  94 732] ( [ 8.655  8.195  8.016 10.079 10.985 11.097 10.239 10.002] )
Neighs (x-coords) of 734 =  [ 86 735 733  78  84  85 739] ( [ 8.655  8.016  8.693 10.079  9.918 10.985 10.557] )
Neighs (x-coords) of 735 =  [ 86 734 733 738  78  84 743  94  92] ( [ 8.655  8.195  8.693  7.58  10.079  9.918  9.345 10.239 10.668] )
Neighs (x-coords) of 736 =  [ 82 737 738  81 749  77 752] ( [7.944 8.198 7.58  8.636 7.809 9.17  9.038] )
Neighs (x-coords) of 737 =  [ 82 736 738 751  77  94  95 732 752] ( [ 7.944  7.133  7.58  10.17   9.17  10.239 10.205 10.002  9.038] )
Neighs (x-coords) of 738 =  [ 82 736 737 735  81 750  77  94  95] ( [ 7.944  7.133  8.198  8.016  8.636  8.283  9.17  10.239 10.205] )
Neighs (x-coords) of 739 =  [ 78  84  85 740 741  86 734] ( [10.079  9.918 10.985 11.097 11.974  8.655  8.195] )
Neighs (x-coords) of 740 =  [ 78  85 739 741 733  86 732] ( [10.079 10.985 10.557 11.974  8.693  8.655 10.002] )
Neighs (x-coords) of 741 =  [ 78  84  85 739 740 744  92] ( [10.079  9.918 10.985 10.557 11.097 10.887 10.668] )
Neighs (x-coords) of 742 =  [ 86 735  78  84 743 744  92] ( [ 8.655  8.016 10.079  9.918  9.345 10.887 10.668] )
Neighs (x-coords) of 743 =  [744  86 734 735  78  84  85 739] ( [10.887  8.655  8.195  8.016 10.079  9.918 10.985 10.557] )
Neighs (x-coords) of 744 =  [743  78  84  85 741  92 111 742] ( [ 9.345 10.079  9.918 10.985 11.974 10.668 11.683  9.394] )
Neighs (x-coords) of 745 =  [746 429 431 457 702 427 730] ( [23.727 26.744 24.781 25.223 25.368 24.458 24.646] )
Neighs (x-coords) of 746 =  [665 759 407 431 450 457 702 427] ( [23.543 23.385 24.785 24.781 24.872 25.223 25.368 24.458] )
Neighs (x-coords) of 747 =  [660 429 431 450 457 702 754] ( [25.46  26.744 24.781 24.872 25.223 25.368 27.05 ] )
Neighs (x-coords) of 748 =  [ 83 715 753  81 749 750  77  95] ( [ 9.786 11.466 10.607  8.636  7.809  8.283  9.17  10.205] )
Neighs (x-coords) of 749 =  [ 81  82 736 750  77 752  83] ( [8.636 7.944 7.133 8.283 9.17  9.038 9.786] )
Neighs (x-coords) of 750 =  [ 82 738  81 749  77  95] ( [ 7.944  7.58   8.636  7.809  9.17  10.205] )
Neighs (x-coords) of 751 =  [ 82 737  77  95 752  83] ( [ 7.944  8.198  9.17  10.205  9.038  9.786] )
Neighs (x-coords) of 752 =  [ 82 736 737  81 749 751  77  83] ( [ 7.944  7.133  8.198  8.636  7.809 10.17   9.17   9.786] )
Neighs (x-coords) of 753 =  [ 83 715 748  81 751  77  95] ( [ 9.786 11.466  9.413  8.636 10.17   9.17  10.205] )
Neighs (x-coords) of 754 =  [429 450 457 659 703 427 755] ( [26.744 24.872 25.223 25.144 24.778 24.458 27.018] )
Neighs (x-coords) of 755 =  [427 730 429 431 457 702 754 745] ( [24.458 24.646 26.744 24.781 25.223 25.368 27.05  24.921] )
Neighs (x-coords) of 756 =  [433 332 334 655 699 758 437 453] ( [23.195 23.931 23.747 23.242 21.2   22.762 23.096 21.621] )
Neighs (x-coords) of 757 =  [433 756 332 758 412 437] ( [23.195 22.655 23.931 22.762 23.597 23.096] )
Neighs (x-coords) of 758 =  [701 433 756 412 437 453 666 757] ( [21.018 23.195 22.655 23.597 23.096 21.621 22.979 24.238] )
Neighs (x-coords) of 759 =  [746 703 431 450 457 427] ( [23.727 24.778 24.781 24.872 25.223 24.458] )
Neighs (x-coords) of 760 =  [412 437 453 665 701 332] ( [23.597 23.096 21.621 23.543 21.018 23.931] )
Neighs (x-coords) of 761 =  [233 238 245 530 531 247 264] ( [76.946 76.042 76.986 76.513 75.073 76.804 76.731] )
Neighs (x-coords) of 762 =  [822 883 128 593 763  25  75 129 677  23] ( [56.687 53.558 53.925 54.929 55.275 55.861 56.398 55.261 56.728 57.326] )
Neighs (x-coords) of 763 =  [675 883 128 762 822  25  75 129  24] ( [56.537 53.558 53.925 55.241 56.687 55.861 56.398 55.261 57.205] )
Neighs (x-coords) of 764 =  [ 52 765 766  42 775  46  51] ( [61.403 61.584 60.386 61.271 62.973 61.599 63.064] )
Neighs (x-coords) of 765 =  [ 52 764 766 792  46  50  51 791] ( [61.403 62.094 60.386 59.668 61.599 60.687 63.064 61.057] )
Neighs (x-coords) of 766 =  [ 52 764 765 772 792  42  46] ( [61.403 62.094 61.584 59.148 59.668 61.271 61.599] )
Neighs (x-coords) of 767 =  [769 371 373 359 362 367 768 774] ( [9.793 7.781 8.916 9.005 6.587 7.669 8.885 6.849] )
Neighs (x-coords) of 768 =  [306 359 362 367 771 787 767] ( [7.314 9.005 6.587 7.669 6.504 7.335 9.317] )
Neighs (x-coords) of 769 =  [767 371 373 786 306 359 367 768 787] ( [9.317 7.781 8.916 8.033 7.314 9.005 7.669 8.885 7.335] )
Neighs (x-coords) of 770 =  [777 808 380 371 785 306 362 367 771] ( [4.05  5.989 6.67  7.781 6.317 7.314 6.587 7.669 6.504] )
Neighs (x-coords) of 771 =  [306 359 362 367 768 774 770] ( [7.314 9.005 6.587 7.669 8.885 6.849 5.614] )
Neighs (x-coords) of 772 =  [ 44  45  47 141 816 817 792  42  46  50 776] ( [60.025 59.924 58.817 57.817 57.299 58.335 59.668 61.271 61.599 60.687 60.667] )
Neighs (x-coords) of 773 =  [ 41  43  48  53 818 152 811  45] ( [62.008 60.91  62.911 59.43  60.071 58.016 58.624 59.924] )
Neighs (x-coords) of 774 =  [359 362 367 771 770 371] ( [9.005 6.587 7.669 6.504 5.614 7.781] )
Neighs (x-coords) of 775 =  [ 41  48  40  42  46  51 764] ( [62.008 62.911 62.157 61.271 61.599 63.064 62.094] )
Neighs (x-coords) of 776 =  [ 46  50  51 791  44 772 817 792  42] ( [61.599 60.687 63.064 61.057 60.025 59.148 58.335 59.668 61.271] )
Neighs (x-coords) of 777 =  [782 790 383 366 394 778 808 770 369] ( [5.005 3.    4.928 5.111 3.971 4.005 5.989 5.614 6.48 ] )
Neighs (x-coords) of 778 =  [366 394 861 790 405 862 777 808 369] ( [5.111 3.971 5.17  3.    4.96  3.944 4.05  5.989 6.48 ] )
Neighs (x-coords) of 779 =  [39 49 56 65] ( [66.164 63.85  64.857 68.306] )
Neighs (x-coords) of 780 =  [ 54  73 294  72] ( [67.078 66.725 64.997 65.455] )
Neighs (x-coords) of 781 =  [ 57  72 294  49] ( [64.595 65.455 64.997 63.85 ] )
Neighs (x-coords) of 782 =  [777 383 783 784 366 394] ( [4.05  4.928 5.688 3.951 5.111 3.971] )
Neighs (x-coords) of 783 =  [383 784 405 863 366 782 807 369] ( [4.928 3.951 4.96  5.639 5.111 5.005 7.567 6.48 ] )
Neighs (x-coords) of 784 =  [383 783 790 405 862 366 394] ( [4.928 5.688 3.    4.96  3.944 5.111 3.971] )
Neighs (x-coords) of 785 =  [786 808 770 380 371 306 362 367] ( [8.033 5.989 5.614 6.67  7.781 7.314 6.587 7.669] )
Neighs (x-coords) of 786 =  [785 371 306 359 367 787] ( [6.317 7.781 7.314 9.005 7.669 7.335] )
Neighs (x-coords) of 787 =  [785 786 306 359 362 367 768 771] ( [6.317 8.033 7.314 9.005 6.587 7.669 8.885 6.504] )
Neighs (x-coords) of 788 =  [ 71 789  60 870 856  61  63  70 855] ( [75.529 76.347 73.076 74.01  73.967 72.988 74.155 74.04  74.915] )
Neighs (x-coords) of 789 =  [ 71 788  63  69  70 855 859] ( [75.529 75.664 74.155 74.18  74.04  74.915 75.089] )
Neighs (x-coords) of 790 =  [405 862 383 784 366 394 778] ( [4.96  3.944 4.928 3.951 5.111 3.971 4.005] )
Neighs (x-coords) of 791 =  [ 46  50  51 776 792  52 765 812] ( [61.599 60.687 63.064 60.667 59.668 61.403 61.584 63.276] )
Neighs (x-coords) of 792 =  [ 44 772  42  46  50 776 791  52 765] ( [60.025 59.148 61.271 61.599 60.687 60.667 61.057 61.403 61.584] )
Neighs (x-coords) of 793 =  [441 445 721 718 101 304 717  98 714 725 416] ( [7.819 7.95  5.303 5.596 6.055 6.57  6.876 8.962 7.876 8.012 9.194] )
Neighs (x-coords) of 794 =  [364 402 491 641 795 360 361 503] ( [18.226 18.732 19.941 17.383 17.901 19.257 19.897 19.662] )
Neighs (x-coords) of 795 =  [462 398 400 641 364 402 794 361] ( [17.219 16.834 17.589 17.383 18.226 18.732 19.018 19.897] )
Neighs (x-coords) of 796 =  [248 215 263 258] ( [62.509 60.623 61.915 64.351] )
Neighs (x-coords) of 797 =  [215 261 263 170] ( [60.623 62.639 61.915 64.576] )
Neighs (x-coords) of 798 =  [258 260 262 170] ( [64.351 64.385 63.767 64.576] )
Neighs (x-coords) of 799 =  [376 378 379 363] ( [12.174 12.982 14.236 11.09 ] )
Neighs (x-coords) of 800 =  [375 377 404 379] ( [13.795 14.659 14.259 14.236] )
Neighs (x-coords) of 801 =  [363 374 375 404] ( [11.09  12.534 13.795 14.259] )
Neighs (x-coords) of 802 =  [255 250 254 256] ( [66.223 64.746 65.015 66.092] )
Neighs (x-coords) of 803 =  [253 255 257 256] ( [65.119 66.223 64.842 66.092] )
Neighs (x-coords) of 804 =  [251 252 805 250] ( [64.201 64.164 63.49  64.746] )
Neighs (x-coords) of 805 =  [251 252 253 257] ( [64.201 64.164 65.119 64.842] )
Neighs (x-coords) of 806 =  [365 371 372 373 359 367 767] ( [9.974 7.781 8.834 8.916 9.005 7.669 9.317] )
Neighs (x-coords) of 807 =  [405 863 783 366 369 370 372] ( [4.96  5.639 5.688 5.111 6.48  7.603 8.834] )
Neighs (x-coords) of 808 =  [366 394 778 777 770 369 380 371 785 306] ( [5.111 3.971 4.005 4.05  5.614 6.48  6.67  7.781 6.317 7.314] )
Neighs (x-coords) of 809 =  [152 811 810  45  47 141] ( [58.016 58.624 57.139 59.924 58.817 57.817] )
Neighs (x-coords) of 810 =  [815  53 819 152 809 811  47 141] ( [57.061 59.43  58.642 58.016 57.684 58.624 58.817 57.817] )
Neighs (x-coords) of 811 =  [152 809 810  53 818  45  47  43] ( [58.016 57.684 57.139 59.43  60.071 59.924 58.817 60.91 ] )
Neighs (x-coords) of 812 =  [813 814  46  50  51 791  52] ( [63.774 63.229 61.599 60.687 63.064 61.057 61.403] )
Neighs (x-coords) of 813 =  [812 814  40  42 775  46  51  52] ( [63.276 63.229 62.157 61.271 62.973 61.599 63.064 61.403] )
Neighs (x-coords) of 814 =  [812 813  42  46  50  51 776] ( [63.276 63.774 61.271 61.599 60.687 63.064 60.667] )
Neighs (x-coords) of 815 =  [810  53 819 152  47 141 816] ( [57.139 59.43  58.642 58.016 58.817 57.817 57.299] )
Neighs (x-coords) of 816 =  [ 44  45  47 141 772 817 810 815 152] ( [60.025 59.924 58.817 57.817 59.148 58.335 57.139 57.061 58.016] )
Neighs (x-coords) of 817 =  [ 44  45  47 141 772 816 815  53 820] ( [60.025 59.924 58.817 57.817 59.148 57.299 57.061 59.43  60.025] )
Neighs (x-coords) of 818 =  [ 53 819 152 811 820  45  47  43] ( [59.43  58.642 58.016 58.624 60.025 59.924 58.817 60.91 ] )
Neighs (x-coords) of 819 =  [ 53 818 810 815 152 820  47] ( [59.43  60.071 57.139 57.061 58.016 60.025 58.817] )
Neighs (x-coords) of 820 =  [ 53 818 819  45  47 141] ( [59.43  60.071 58.642 59.924 58.817 57.817] )
Neighs (x-coords) of 821 =  [ 60 870  61  63  69 858 859  71 788] ( [73.076 74.01  72.988 74.155 74.18  74.152 75.089 75.529 75.664] )
Neighs (x-coords) of 822 =  [762 763  25  75  24 674  23] ( [55.241 55.275 55.861 56.398 57.205 57.942 57.326] )
Neighs (x-coords) of 823 =  [868  62  67  68 882 824 864] ( [71.273 71.873 70.989 71.295 69.972 71.399 73.218] )
Neighs (x-coords) of 824 =  [823  58  62  67 882  66] ( [70.942 71.933 71.873 70.989 69.972 73.287] )
Neighs (x-coords) of 825 =  [827   9 881   1   8 826   7] ( [50.932 53.482 52.961 52.838 51.396 51.399 52.771] )
Neighs (x-coords) of 826 =  [  1   8  18 825 827  19 841   9] ( [52.838 51.396 53.656 50.789 50.932 53.951 53.863 53.482] )
Neighs (x-coords) of 827 =  [825   1   8  18 826   7] ( [50.789 52.838 51.396 53.656 51.399 52.771] )
Neighs (x-coords) of 828 =  [  7 829 830 825   9 881   1] ( [52.771 52.316 53.769 50.789 53.482 52.961 52.838] )
Neighs (x-coords) of 829 =  [  7 828 830 827   1   8  18  35 833] ( [52.771 52.167 53.769 50.932 52.838 51.396 53.656 53.983 52.072] )
Neighs (x-coords) of 830 =  [  7 828 829   9 881   1  18  35 854] ( [52.771 52.167 52.316 53.482 52.961 52.838 53.656 53.983 54.528] )
Neighs (x-coords) of 831 =  [326 342 324 327] ( [23.915 23.584 24.336 24.667] )
Neighs (x-coords) of 832 =  [323 325 327 136] ( [26.4   25.89  24.667 24.191] )
Neighs (x-coords) of 833 =  [  4  16  34  35 851   6 834 829 835] ( [52.912 53.588 53.964 53.983 51.624 52.546 52.536 52.316 53.621] )
Neighs (x-coords) of 834 =  [  6 838   4  16 833 851 835   5] ( [52.546 52.314 52.912 53.588 52.072 51.624 53.621 54.85 ] )
Neighs (x-coords) of 835 =  [  4  16  34  35 833 834 837 840   5] ( [52.912 53.588 53.964 53.983 52.072 52.536 55.626 54.345 54.85 ] )
Neighs (x-coords) of 836 =  [ 16  34 851   6 838  32 842   5] ( [53.588 53.964 51.624 52.546 52.314 54.372 54.722 54.85 ] )
Neighs (x-coords) of 837 =  [  4  16  34 835   5 852] ( [52.912 53.588 53.964 53.621 54.85  55.246] )
Neighs (x-coords) of 838 =  [  6 834 836   4  16 851   5 852] ( [52.546 52.536 52.922 52.912 53.588 51.624 54.85  55.246] )
Neighs (x-coords) of 839 =  [317 324 342 323] ( [25.551 24.336 23.584 26.4  ] )
Neighs (x-coords) of 840 =  [  1  18   4  16  34  35 833   7 829 830] ( [52.838 53.656 52.912 53.588 53.964 53.983 52.072 52.771 52.316 53.769] )
Neighs (x-coords) of 841 =  [ 19   9 880   1  18 826   2] ( [53.951 53.482 53.428 52.838 53.656 51.399 54.804] )
Neighs (x-coords) of 842 =  [ 32 836  16  34   6   2  33   5] ( [54.372 52.922 53.588 53.964 52.546 54.804 54.373 54.85 ] )
Neighs (x-coords) of 843 =  [314 316 310 308 315 408 670] ( [25.694 25.44  27.018 24.447 24.493 28.134 27.974] )
Neighs (x-coords) of 844 =  [313 309 311 348 690 696 308] ( [23.592 23.128 23.821 23.113 21.111 22.464 24.447] )
Neighs (x-coords) of 845 =  [310 312 689 849 309 311 347 654 314] ( [27.018 24.66  26.753 26.235 23.128 23.821 23.917 23.856 25.694] )
Neighs (x-coords) of 846 =  [ 3 29 31 30] ( [55.338 55.954 55.297 56.008] )
Neighs (x-coords) of 847 =  [30 36 28 10] ( [56.008 55.429 57.394 59.303] )
Neighs (x-coords) of 848 =  [10 26 27  3] ( [59.303 58.023 57.297 55.338] )
Neighs (x-coords) of 849 =  [310 329 689 845 680 314 328] ( [27.018 26.89  26.753 24.503 26.479 25.694 27.477] )
Neighs (x-coords) of 850 =  [328 682 680 310 329 849 408 669] ( [27.477 28.431 26.479 27.018 26.89  26.235 28.134 29.109] )
Neighs (x-coords) of 851 =  [  4  16  34 833 836   6 834] ( [52.912 53.588 53.964 52.072 52.922 52.546 52.536] )
Neighs (x-coords) of 852 =  [  5 853 836  16  34   6 838  32 842] ( [54.85  54.617 52.922 53.588 53.964 52.546 52.314 54.372 54.722] )
Neighs (x-coords) of 853 =  [  5 852   4  16   6 834 838 835] ( [54.85  55.246 52.912 53.588 52.546 52.536 52.314 53.621] )
Neighs (x-coords) of 854 =  [  9 880 881   1  18   7] ( [53.482 53.428 52.961 52.838 53.656 52.771] )
Neighs (x-coords) of 855 =  [ 63  69  70 857 856 859  71 788] ( [74.155 74.18  74.04  73.153 73.967 75.089 75.529 75.664] )
Neighs (x-coords) of 856 =  [ 61  63  70 855 857  71] ( [72.988 74.155 74.04  74.915 73.153 75.529] )
Neighs (x-coords) of 857 =  [ 61  63  69  70 855  59 871 856] ( [72.988 74.155 74.18  74.04  74.915 71.737 71.552 73.967] )
Neighs (x-coords) of 858 =  [859 860  61  63  69 821] ( [75.089 73.341 72.988 74.155 74.18  75.603] )
Neighs (x-coords) of 859 =  [858 860  63  69  70 855 821  71] ( [74.152 73.341 74.155 74.18  74.04  74.915 75.603 75.529] )
Neighs (x-coords) of 860 =  [858 859  59 871  61  63  69  70] ( [74.152 75.089 71.737 71.552 72.988 74.155 74.18  74.04 ] )
Neighs (x-coords) of 861 =  [366 394 778 405 862 863] ( [5.111 3.971 4.005 4.96  3.944 5.639] )
Neighs (x-coords) of 862 =  [405 863 790 383 784 366 394 778] ( [4.96  5.639 3.    4.928 3.951 5.111 3.971 4.005] )
Neighs (x-coords) of 863 =  [405 862 383 783 366 861 807 369] ( [4.96  3.944 4.928 5.688 5.111 5.17  7.567 6.48 ] )
Neighs (x-coords) of 864 =  [823 868  62  67  68  66 865] ( [70.942 71.273 71.873 70.989 71.295 73.287 73.755] )
Neighs (x-coords) of 865 =  [ 60  66 866 870  58  62  67 824] ( [73.076 73.287 73.927 74.01  71.933 71.873 70.989 71.399] )
Neighs (x-coords) of 866 =  [ 60  66 865 870 869  58  62  68] ( [73.076 73.287 73.755 74.01  71.912 71.933 71.873 71.295] )
Neighs (x-coords) of 867 =  [ 55  58  62  67  68 872 882 869] ( [70.765 71.933 71.873 70.989 71.295 69.914 69.972 71.912] )
Neighs (x-coords) of 868 =  [823 869  62  67  68 867 864] ( [70.942 71.912 71.873 70.989 71.295 70.277 73.218] )
Neighs (x-coords) of 869 =  [868  58  62  68 867  66] ( [71.273 71.933 71.873 71.295 70.277 73.287] )
Neighs (x-coords) of 870 =  [ 60  66 865 866  58  62  61  63 821  71] ( [73.076 73.287 73.755 73.927 71.933 71.873 72.988 74.155 75.603 75.529] )
Neighs (x-coords) of 871 =  [ 59  38  64  61  63  69 857] ( [71.737 70.638 69.429 72.988 74.155 74.18  73.153] )
Neighs (x-coords) of 872 =  [ 55  58  62  68 867 882  38] ( [70.765 71.933 71.873 71.295 70.277 69.972 70.638] )
Neighs (x-coords) of 873 =  [390 874 355 388] ( [21.729 22.042 22.788 22.05 ] )
Neighs (x-coords) of 874 =  [390 392 387 873] ( [21.729 20.078 20.727 23.   ] )
Neighs (x-coords) of 875 =  [385 386 879 355] ( [20.368 21.025 19.538 22.788] )
Neighs (x-coords) of 876 =  [17 37 11 14] ( [62.562 61.852 60.578 63.823] )
Neighs (x-coords) of 877 =  [15 37 11 13] ( [62.484 61.852 60.578 63.837] )
Neighs (x-coords) of 878 =  [ 12  14 249  13] ( [64.473 63.823 64.334 63.837] )
Neighs (x-coords) of 879 =  [385 386 387 392] ( [20.368 21.025 20.727 20.078] )
Neighs (x-coords) of 880 =  [  9 881  19 841   1   8  18 826] ( [53.482 52.961 53.951 53.863 52.838 51.396 53.656 51.399] )
Neighs (x-coords) of 881 =  [  9 880 825   1   8   7 828 830] ( [53.482 53.428 50.789 52.838 51.396 52.771 52.167 53.769] )
Neighs (x-coords) of 882 =  [ 55  58  62  67  68 867 872 823] ( [70.765 71.933 71.873 70.989 71.295 70.277 69.914 70.942] )
Neighs (x-coords) of 883 =  [686  21  76 128 672 673 126 762 763  25  75] ( [50.827 51.911 51.736 53.925 51.972 52.814 53.009 55.241 55.275 55.861 56.398] )
